レース場,タイプ,季節,艇,1着率(%),2着率(%),3着率(%),2連帯率(%),3連帯率(%)
びわこ,全体着率,-,1,49.85,18.92,9.68,,
びわこ,全体着率,-,2,16.7,25.44,17.69,,
びわこ,全体着率,-,3,13.57,19.97,20.62,,
びわこ,全体着率,-,4,11.63,17.05,20.16,,
びわこ,全体着率,-,5,6.24,12.02,17.37,,
びわこ,全体着率,-,6,3.41,7.98,15.88,,
びわこ,全体連帯率,-,1,,,,68.77,78.45
びわこ,全体連帯率,-,2,,,,42.13,59.83
びわこ,全体連帯率,-,3,,,,33.54,54.16
びわこ,全体連帯率,-,4,,,,28.68,48.84
びわこ,全体連帯率,-,5,,,,18.26,35.63
びわこ,全体連帯率,-,6,,,,11.39,27.26
びわこ,季節別着率,春(3-5月),1,46.35,19.81,10.86,,
びわこ,季節別着率,春(3-5月),2,17.68,24.65,18.15,,
びわこ,季節別着率,春(3-5月),3,14.47,19.9,19.68,,
びわこ,季節別着率,春(3-5月),4,12.83,16.54,20.26,,
びわこ,季節別着率,春(3-5月),5,6.71,12.15,17.27,,
びわこ,季節別着率,春(3-5月),6,3.52,8.43,15.3,,
びわこ,季節別着率,夏(6-8月),1,48.52,18.51,10.2,,
びわこ,季節別着率,夏(6-8月),2,16.36,24.59,17.15,,
びわこ,季節別着率,夏(6-8月),3,13.98,19.7,19.86,,
びわこ,季節別着率,夏(6-8月),4,12.07,17.46,19.98,,
びわこ,季節別着率,夏(6-8月),5,6.43,12.82,17.47,,
びわこ,季節別着率,夏(6-8月),6,3.68,8.01,16.48,,
びわこ,季節別着率,秋(9-11月),1,52.29,18.41,9.11,,
びわこ,季節別着率,秋(9-11月),2,16.0,26.3,18.02,,
びわこ,季節別着率,秋(9-11月),3,13.17,20.64,20.62,,
びわこ,季節別着率,秋(9-11月),4,10.7,16.92,20.21,,
びわこ,季節別着率,秋(9-11月),5,5.94,11.36,17.48,,
びわこ,季節別着率,秋(9-11月),6,3.33,7.71,15.9,,
びわこ,季節別着率,冬(12-2月),1,52.53,18.98,8.45,,
びわこ,季節別着率,冬(12-2月),2,16.78,26.36,17.52,,
びわこ,季節別着率,冬(12-2月),3,12.57,19.69,22.46,,
びわこ,季節別着率,冬(12-2月),4,10.84,17.24,20.21,,
びわこ,季節別着率,冬(12-2月),5,5.84,11.63,17.25,,
びわこ,季節別着率,冬(12-2月),6,3.06,7.73,15.75,,
びわこ,季節別連帯率,春(3-5月),1,,,,66.16,77.02
びわこ,季節別連帯率,春(3-5月),2,,,,42.32,60.48
びわこ,季節別連帯率,春(3-5月),3,,,,34.37,54.05
びわこ,季節別連帯率,春(3-5月),4,,,,29.37,49.63
びわこ,季節別連帯率,春(3-5月),5,,,,18.87,36.14
びわこ,季節別連帯率,春(3-5月),6,,,,11.96,27.25
びわこ,季節別連帯率,夏(6-8月),1,,,,67.03,77.23
びわこ,季節別連帯率,夏(6-8月),2,,,,40.94,58.09
びわこ,季節別連帯率,夏(6-8月),3,,,,33.68,53.54
びわこ,季節別連帯率,夏(6-8月),4,,,,29.53,49.51
びわこ,季節別連帯率,夏(6-8月),5,,,,19.25,36.72
びわこ,季節別連帯率,夏(6-8月),6,,,,11.69,28.17
びわこ,季節別連帯率,秋(9-11月),1,,,,70.7,79.81
びわこ,季節別連帯率,秋(9-11月),2,,,,42.3,60.31
びわこ,季節別連帯率,秋(9-11月),3,,,,33.81,54.43
びわこ,季節別連帯率,秋(9-11月),4,,,,27.62,47.83
びわこ,季節別連帯率,秋(9-11月),5,,,,17.31,34.79
びわこ,季節別連帯率,秋(9-11月),6,,,,11.04,26.94
びわこ,季節別連帯率,冬(12-2月),1,,,,71.51,79.96
びわこ,季節別連帯率,冬(12-2月),2,,,,43.14,60.66
びわこ,季節別連帯率,冬(12-2月),3,,,,32.26,54.72
びわこ,季節別連帯率,冬(12-2月),4,,,,28.08,48.29
びわこ,季節別連帯率,冬(12-2月),5,,,,17.48,34.73
びわこ,季節別連帯率,冬(12-2月),6,,,,10.8,26.55
芦屋,全体着率,-,1,60.38,17.07,8.06,,
芦屋,全体着率,-,2,12.14,24.73,18.93,,
芦屋,全体着率,-,3,10.81,22.64,20.8,,
芦屋,全体着率,-,4,10.09,17.91,20.33,,
芦屋,全体着率,-,5,5.27,12.11,18.43,,
芦屋,全体着率,-,6,2.59,7.08,15.03,,
芦屋,全体連帯率,-,1,,,,77.45,85.51
芦屋,全体連帯率,-,2,,,,36.88,55.8
芦屋,全体連帯率,-,3,,,,33.45,54.25
芦屋,全体連帯率,-,4,,,,28.0,48.33
芦屋,全体連帯率,-,5,,,,17.38,35.81
芦屋,全体連帯率,-,6,,,,9.67,24.7
芦屋,季節別着率,春(3-5月),1,60.69,17.09,7.99,,
芦屋,季節別着率,春(3-5月),2,12.59,25.1,18.92,,
芦屋,季節別着率,春(3-5月),3,10.81,23.52,21.08,,
芦屋,季節別着率,春(3-5月),4,9.79,16.73,19.96,,
芦屋,季節別着率,春(3-5月),5,5.18,12.37,18.3,,
芦屋,季節別着率,春(3-5月),6,2.26,6.8,15.39,,
芦屋,季節別着率,夏(6-8月),1,60.45,17.41,7.94,,
芦屋,季節別着率,夏(6-8月),2,11.6,23.61,18.82,,
芦屋,季節別着率,夏(6-8月),3,10.24,21.96,21.2,,
芦屋,季節別着率,夏(6-8月),4,10.64,18.87,19.63,,
芦屋,季節別着率,夏(6-8月),5,5.69,12.37,18.87,,
芦屋,季節別着率,夏(6-8月),6,2.54,7.09,14.89,,
芦屋,季節別着率,秋(9-11月),1,60.99,16.1,7.82,,
芦屋,季節別着率,秋(9-11月),2,11.36,24.72,19.14,,
芦屋,季節別着率,秋(9-11月),3,10.98,23.29,20.36,,
芦屋,季節別着率,秋(9-11月),4,9.64,18.27,20.72,,
芦屋,季節別着率,秋(9-11月),5,5.47,11.66,18.58,,
芦屋,季節別着率,秋(9-11月),6,2.72,7.44,14.95,,
芦屋,季節別着率,冬(12-2月),1,59.42,17.63,8.5,,
芦屋,季節別着率,冬(12-2月),2,13.0,25.5,18.84,,
芦屋,季節別着率,冬(12-2月),3,11.2,21.8,20.55,,
芦屋,季節別着率,冬(12-2月),4,10.28,17.8,21.07,,
芦屋,季節別着率,冬(12-2月),5,4.73,11.99,17.98,,
芦屋,季節別着率,冬(12-2月),6,2.85,7.01,14.88,,
芦屋,季節別連帯率,春(3-5月),1,,,,77.77,85.77
芦屋,季節別連帯率,春(3-5月),2,,,,37.69,56.61
芦屋,季節別連帯率,春(3-5月),3,,,,34.33,55.41
芦屋,季節別連帯率,春(3-5月),4,,,,26.51,46.47
芦屋,季節別連帯率,春(3-5月),5,,,,17.54,35.84
芦屋,季節別連帯率,春(3-5月),6,,,,9.05,24.44
芦屋,季節別連帯率,夏(6-8月),1,,,,77.86,85.79
芦屋,季節別連帯率,夏(6-8月),2,,,,35.21,54.03
芦屋,季節別連帯率,夏(6-8月),3,,,,32.21,53.41
芦屋,季節別連帯率,夏(6-8月),4,,,,29.5,49.13
芦屋,季節別連帯率,夏(6-8月),5,,,,18.06,36.94
芦屋,季節別連帯率,夏(6-8月),6,,,,9.62,24.51
芦屋,季節別連帯率,秋(9-11月),1,,,,77.09,84.9
芦屋,季節別連帯率,秋(9-11月),2,,,,36.08,55.22
芦屋,季節別連帯率,秋(9-11月),3,,,,34.27,54.63
芦屋,季節別連帯率,秋(9-11月),4,,,,27.91,48.64
芦屋,季節別連帯率,秋(9-11月),5,,,,17.13,35.71
芦屋,季節別連帯率,秋(9-11月),6,,,,10.17,25.12
芦屋,季節別連帯率,冬(12-2月),1,,,,77.05,85.55
芦屋,季節別連帯率,冬(12-2月),2,,,,38.5,57.34
芦屋,季節別連帯率,冬(12-2月),3,,,,33.0,53.55
芦屋,季節別連帯率,冬(12-2月),4,,,,28.08,49.15
芦屋,季節別連帯率,冬(12-2月),5,,,,16.73,34.71
芦屋,季節別連帯率,冬(12-2月),6,,,,9.86,24.75
下関,全体着率,-,1,58.06,17.67,8.38,,
下関,全体着率,-,2,13.44,25.09,19.25,,
下関,全体着率,-,3,11.07,21.83,20.93,,
下関,全体着率,-,4,9.97,16.84,20.59,,
下関,全体着率,-,5,5.04,10.88,16.25,,
下関,全体着率,-,6,3.66,9.0,15.93,,
下関,全体連帯率,-,1,,,,75.74,84.12
下関,全体連帯率,-,2,,,,38.54,57.79
下関,全体連帯率,-,3,,,,32.9,53.83
下関,全体連帯率,-,4,,,,26.81,47.4
下関,全体連帯率,-,5,,,,15.92,32.17
下関,全体連帯率,-,6,,,,12.66,28.59
下関,季節別着率,春(3-5月),1,58.55,18.8,7.89,,
下関,季節別着率,春(3-5月),2,14.19,25.6,19.41,,
下関,季節別着率,春(3-5月),3,11.23,21.89,21.46,,
下関,季節別着率,春(3-5月),4,8.88,16.52,21.75,,
下関,季節別着率,春(3-5月),5,4.59,10.17,15.38,,
下関,季節別着率,春(3-5月),6,3.84,8.37,15.42,,
下関,季節別着率,夏(6-8月),1,56.09,17.9,8.66,,
下関,季節別着率,夏(6-8月),2,13.65,23.77,18.72,,
下関,季節別着率,夏(6-8月),3,11.35,21.28,20.68,,
下関,季節別着率,夏(6-8月),4,10.73,17.29,19.47,,
下関,季節別着率,夏(6-8月),5,5.4,11.53,17.1,,
下関,季節別着率,夏(6-8月),6,3.83,9.32,16.45,,
下関,季節別着率,秋(9-11月),1,56.87,17.88,9.16,,
下関,季節別着率,秋(9-11月),2,13.08,24.68,18.98,,
下関,季節別着率,秋(9-11月),3,10.99,21.68,20.68,,
下関,季節別着率,秋(9-11月),4,11.53,16.95,19.66,,
下関,季節別着率,秋(9-11月),5,5.22,11.13,16.52,,
下関,季節別着率,秋(9-11月),6,3.62,9.0,16.34,,
下関,季節別着率,冬(12-2月),1,60.55,16.19,7.92,,
下関,季節別着率,冬(12-2月),2,12.83,26.27,19.85,,
下関,季節別着率,冬(12-2月),3,10.71,22.46,20.86,,
下関,季節別着率,冬(12-2月),4,8.97,16.61,21.35,,
下関,季節別着率,冬(12-2月),5,4.98,10.71,16.01,,
下関,季節別着率,冬(12-2月),6,3.35,9.3,15.57,,
下関,季節別連帯率,春(3-5月),1,,,,77.34,85.23
下関,季節別連帯率,春(3-5月),2,,,,39.79,59.2
下関,季節別連帯率,春(3-5月),3,,,,33.11,54.57
下関,季節別連帯率,春(3-5月),4,,,,25.4,47.15
下関,季節別連帯率,春(3-5月),5,,,,14.76,30.14
下関,季節別連帯率,春(3-5月),6,,,,12.2,27.62
下関,季節別連帯率,夏(6-8月),1,,,,74.0,82.66
下関,季節別連帯率,夏(6-8月),2,,,,37.42,56.14
下関,季節別連帯率,夏(6-8月),3,,,,32.63,53.32
下関,季節別連帯率,夏(6-8月),4,,,,28.01,47.48
下関,季節別連帯率,夏(6-8月),5,,,,16.94,34.04
下関,季節別連帯率,夏(6-8月),6,,,,13.15,29.59
下関,季節別連帯率,秋(9-11月),1,,,,74.75,83.91
下関,季節別連帯率,秋(9-11月),2,,,,37.76,56.74
下関,季節別連帯率,秋(9-11月),3,,,,32.67,53.35
下関,季節別連帯率,秋(9-11月),4,,,,28.48,48.14
下関,季節別連帯率,秋(9-11月),5,,,,16.35,32.87
下関,季節別連帯率,秋(9-11月),6,,,,12.62,28.96
下関,季節別連帯率,冬(12-2月),1,,,,76.74,84.66
下関,季節別連帯率,冬(12-2月),2,,,,39.1,58.95
下関,季節別連帯率,冬(12-2月),3,,,,33.17,54.03
下関,季節別連帯率,冬(12-2月),4,,,,25.58,46.94
下関,季節別連帯率,冬(12-2月),5,,,,15.69,31.69
下関,季節別連帯率,冬(12-2月),6,,,,12.65,28.22
蒲郡,全体着率,-,1,53.91,17.23,9.4,,
蒲郡,全体着率,-,2,13.6,23.09,18.16,,
蒲郡,全体着率,-,3,12.52,21.08,19.19,,
蒲郡,全体着率,-,4,11.24,18.08,20.67,,
蒲郡,全体着率,-,5,6.18,13.48,18.09,,
蒲郡,全体着率,-,6,3.95,8.54,15.95,,
蒲郡,全体連帯率,-,1,,,,71.14,80.54
蒲郡,全体連帯率,-,2,,,,36.7,54.85
蒲郡,全体連帯率,-,3,,,,33.59,52.79
蒲郡,全体連帯率,-,4,,,,29.32,49.99
蒲郡,全体連帯率,-,5,,,,19.66,37.76
蒲郡,全体連帯率,-,6,,,,12.49,28.43
蒲郡,季節別着率,春(3-5月),1,54.14,17.14,9.2,,
蒲郡,季節別着率,春(3-5月),2,14.09,23.39,18.82,,
蒲郡,季節別着率,春(3-5月),3,12.03,20.57,19.51,,
蒲郡,季節別着率,春(3-5月),4,11.36,18.29,20.48,,
蒲郡,季節別着率,春(3-5月),5,5.95,13.52,17.81,,
蒲郡,季節別着率,春(3-5月),6,3.8,8.51,15.6,,
蒲郡,季節別着率,夏(6-8月),1,53.18,16.23,10.02,,
蒲郡,季節別着率,夏(6-8月),2,12.91,23.27,17.84,,
蒲郡,季節別着率,夏(6-8月),3,12.43,21.68,18.56,,
蒲郡,季節別着率,夏(6-8月),4,11.52,17.63,19.64,,
蒲郡,季節別着率,夏(6-8月),5,6.94,13.57,17.98,,
蒲郡,季節別着率,夏(6-8月),6,4.31,9.04,17.29,,
蒲郡,季節別着率,秋(9-11月),1,54.72,17.14,9.16,,
蒲郡,季節別着率,秋(9-11月),2,13.58,23.44,18.13,,
蒲郡,季節別着率,秋(9-11月),3,12.7,21.57,19.64,,
蒲郡,季節別着率,秋(9-11月),4,10.67,18.34,21.03,,
蒲郡,季節別着率,秋(9-11月),5,6.02,13.23,18.05,,
蒲郡,季節別着率,秋(9-11月),6,3.76,7.82,15.5,,
蒲郡,季節別着率,冬(12-2月),1,53.55,18.24,9.31,,
蒲郡,季節別着率,冬(12-2月),2,13.76,22.34,17.83,,
蒲郡,季節別着率,冬(12-2月),3,12.89,20.57,19.01,,
蒲郡,季節別着率,冬(12-2月),4,11.43,18.01,21.38,,
蒲郡,季節別着率,冬(12-2月),5,5.91,13.61,18.51,,
蒲郡,季節別着率,冬(12-2月),6,3.96,8.8,15.56,,
蒲郡,季節別連帯率,春(3-5月),1,,,,71.27,80.47
蒲郡,季節別連帯率,春(3-5月),2,,,,37.48,56.29
蒲郡,季節別連帯率,春(3-5月),3,,,,32.6,52.11
蒲郡,季節別連帯率,春(3-5月),4,,,,29.65,50.14
蒲郡,季節別連帯率,春(3-5月),5,,,,19.47,37.27
蒲郡,季節別連帯率,春(3-5月),6,,,,12.31,27.91
蒲郡,季節別連帯率,夏(6-8月),1,,,,69.41,79.42
蒲郡,季節別連帯率,夏(6-8月),2,,,,36.18,54.03
蒲郡,季節別連帯率,夏(6-8月),3,,,,34.11,52.67
蒲郡,季節別連帯率,夏(6-8月),4,,,,29.15,48.79
蒲郡,季節別連帯率,夏(6-8月),5,,,,20.51,38.48
蒲郡,季節別連帯率,夏(6-8月),6,,,,13.35,30.65
蒲郡,季節別連帯率,秋(9-11月),1,,,,71.86,81.02
蒲郡,季節別連帯率,秋(9-11月),2,,,,37.01,55.14
蒲郡,季節別連帯率,秋(9-11月),3,,,,34.27,53.91
蒲郡,季節別連帯率,秋(9-11月),4,,,,29.01,50.04
蒲郡,季節別連帯率,秋(9-11月),5,,,,19.24,37.29
蒲郡,季節別連帯率,秋(9-11月),6,,,,11.58,27.08
蒲郡,季節別連帯率,冬(12-2月),1,,,,71.79,81.1
蒲郡,季節別連帯率,冬(12-2月),2,,,,36.1,53.93
蒲郡,季節別連帯率,冬(12-2月),3,,,,33.46,52.47
蒲郡,季節別連帯率,冬(12-2月),4,,,,29.44,50.82
蒲郡,季節別連帯率,冬(12-2月),5,,,,19.53,38.04
蒲郡,季節別連帯率,冬(12-2月),6,,,,12.76,28.32
丸亀,全体着率,-,1,53.18,18.64,8.96,,
丸亀,全体着率,-,2,14.91,24.3,18.6,,
丸亀,全体着率,-,3,12.58,19.82,19.76,,
丸亀,全体着率,-,4,10.93,17.92,20.45,,
丸亀,全体着率,-,5,6.37,11.99,17.5,,
丸亀,全体着率,-,6,3.47,8.81,16.17,,
丸亀,全体連帯率,-,1,,,,71.82,80.77
丸亀,全体連帯率,-,2,,,,39.21,57.81
丸亀,全体連帯率,-,3,,,,32.41,52.17
丸亀,全体連帯率,-,4,,,,28.85,49.3
丸亀,全体連帯率,-,5,,,,18.36,35.85
丸亀,全体連帯率,-,6,,,,12.27,28.44
丸亀,季節別着率,春(3-5月),1,54.76,18.0,9.0,,
丸亀,季節別着率,春(3-5月),2,14.74,25.05,18.24,,
丸亀,季節別着率,春(3-5月),3,12.14,20.12,19.69,,
丸亀,季節別着率,春(3-5月),4,10.09,17.69,20.61,,
丸亀,季節別着率,春(3-5月),5,6.21,11.72,17.94,,
丸亀,季節別着率,春(3-5月),6,3.37,8.81,15.86,,
丸亀,季節別着率,夏(6-8月),1,54.63,18.58,8.6,,
丸亀,季節別着率,夏(6-8月),2,14.63,24.67,18.6,,
丸亀,季節別着率,夏(6-8月),3,12.25,19.4,19.82,,
丸亀,季節別着率,夏(6-8月),4,10.24,16.51,20.99,,
丸亀,季節別着率,夏(6-8月),5,6.1,12.9,17.14,,
丸亀,季節別着率,夏(6-8月),6,3.61,9.47,16.3,,
丸亀,季節別着率,秋(9-11月),1,51.98,19.45,8.76,,
丸亀,季節別着率,秋(9-11月),2,15.53,23.56,18.85,,
丸亀,季節別着率,秋(9-11月),3,12.99,19.87,20.41,,
丸亀,季節別着率,秋(9-11月),4,11.36,18.81,20.02,,
丸亀,季節別着率,秋(9-11月),5,6.33,11.96,17.4,,
丸亀,季節別着率,秋(9-11月),6,3.31,7.8,16.01,,
丸亀,季節別着率,冬(12-2月),1,51.56,18.57,9.38,,
丸亀,季節別着率,冬(12-2月),2,14.78,23.93,18.71,,
丸亀,季節別着率,冬(12-2月),3,12.92,19.87,19.25,,
丸亀,季節別着率,冬(12-2月),4,11.9,18.57,20.22,,
丸亀,季節別着率,冬(12-2月),5,6.77,11.49,17.47,,
丸亀,季節別着率,冬(12-2月),6,3.57,9.09,16.46,,
丸亀,季節別連帯率,春(3-5月),1,,,,72.76,81.76
丸亀,季節別連帯率,春(3-5月),2,,,,39.79,58.03
丸亀,季節別連帯率,春(3-5月),3,,,,32.26,51.95
丸亀,季節別連帯率,春(3-5月),4,,,,27.78,48.39
丸亀,季節別連帯率,春(3-5月),5,,,,17.93,35.87
丸亀,季節別連帯率,春(3-5月),6,,,,12.18,28.04
丸亀,季節別連帯率,夏(6-8月),1,,,,73.21,81.82
丸亀,季節別連帯率,夏(6-8月),2,,,,39.3,57.9
丸亀,季節別連帯率,夏(6-8月),3,,,,31.65,51.47
丸亀,季節別連帯率,夏(6-8月),4,,,,26.75,47.73
丸亀,季節別連帯率,夏(6-8月),5,,,,18.99,36.14
丸亀,季節別連帯率,夏(6-8月),6,,,,13.08,29.38
丸亀,季節別連帯率,秋(9-11月),1,,,,71.43,80.19
丸亀,季節別連帯率,秋(9-11月),2,,,,39.09,57.95
丸亀,季節別連帯率,秋(9-11月),3,,,,32.86,53.26
丸亀,季節別連帯率,秋(9-11月),4,,,,30.17,50.18
丸亀,季節別連帯率,秋(9-11月),5,,,,18.29,35.7
丸亀,季節別連帯率,秋(9-11月),6,,,,11.11,27.12
丸亀,季節別連帯率,冬(12-2月),1,,,,70.13,79.5
丸亀,季節別連帯率,冬(12-2月),2,,,,38.71,57.42
丸亀,季節別連帯率,冬(12-2月),3,,,,32.79,52.04
丸亀,季節別連帯率,冬(12-2月),4,,,,30.47,50.69
丸亀,季節別連帯率,冬(12-2月),5,,,,18.26,35.73
丸亀,季節別連帯率,冬(12-2月),6,,,,12.66,29.12
宮島,全体着率,-,1,55.54,16.88,8.98,,
宮島,全体着率,-,2,13.48,25.06,19.46,,
宮島,全体着率,-,3,12.79,22.26,20.34,,
宮島,全体着率,-,4,9.99,16.58,19.76,,
宮島,全体着率,-,5,6.26,12.41,17.51,,
宮島,全体着率,-,6,3.53,8.4,15.53,,
宮島,全体連帯率,-,1,,,,72.42,81.39
宮島,全体連帯率,-,2,,,,38.54,58.0
宮島,全体連帯率,-,3,,,,35.05,55.39
宮島,全体連帯率,-,4,,,,26.57,46.33
宮島,全体連帯率,-,5,,,,18.67,36.18
宮島,全体連帯率,-,6,,,,11.93,27.46
宮島,季節別着率,春(3-5月),1,57.05,16.03,8.83,,
宮島,季節別着率,春(3-5月),2,12.75,25.21,19.66,,
宮島,季節別着率,春(3-5月),3,12.12,23.29,19.91,,
宮島,季節別着率,春(3-5月),4,9.7,16.15,20.25,,
宮島,季節別着率,春(3-5月),5,6.41,12.93,17.74,,
宮島,季節別着率,春(3-5月),6,3.56,8.07,15.27,,
宮島,季節別着率,夏(6-8月),1,54.79,16.68,8.96,,
宮島,季節別着率,夏(6-8月),2,13.25,24.23,19.0,,
宮島,季節別着率,夏(6-8月),3,12.83,22.68,20.02,,
宮島,季節別着率,夏(6-8月),4,10.85,16.7,19.4,,
宮島,季節別着率,夏(6-8月),5,6.28,12.99,18.14,,
宮島,季節別着率,夏(6-8月),6,3.6,8.3,16.0,,
宮島,季節別着率,秋(9-11月),1,55.22,17.35,8.85,,
宮島,季節別着率,秋(9-11月),2,13.31,25.63,19.65,,
宮島,季節別着率,秋(9-11月),3,13.44,21.16,20.75,,
宮島,季節別着率,秋(9-11月),4,9.7,16.28,19.17,,
宮島,季節別着率,秋(9-11月),5,6.3,12.33,17.25,,
宮島,季節別着率,秋(9-11月),6,3.35,8.56,15.74,,
宮島,季節別着率,冬(12-2月),1,55.09,17.51,9.26,,
宮島,季節別着率,冬(12-2月),2,14.62,25.25,19.58,,
宮島,季節別着率,冬(12-2月),3,12.86,21.76,20.75,,
宮島,季節別着率,冬(12-2月),4,9.62,17.16,20.18,,
宮島,季節別着率,冬(12-2月),5,6.04,11.36,16.85,,
宮島,季節別着率,冬(12-2月),6,3.61,8.67,15.12,,
宮島,季節別連帯率,春(3-5月),1,,,,73.09,81.91
宮島,季節別連帯率,春(3-5月),2,,,,37.96,57.62
宮島,季節別連帯率,春(3-5月),3,,,,35.41,55.32
宮島,季節別連帯率,春(3-5月),4,,,,25.85,46.1
宮島,季節別連帯率,春(3-5月),5,,,,19.34,37.07
宮島,季節別連帯率,春(3-5月),6,,,,11.63,26.9
宮島,季節別連帯率,夏(6-8月),1,,,,71.47,80.42
宮島,季節別連帯率,夏(6-8月),2,,,,37.48,56.48
宮島,季節別連帯率,夏(6-8月),3,,,,35.51,55.53
宮島,季節別連帯率,夏(6-8月),4,,,,27.56,46.96
宮島,季節別連帯率,夏(6-8月),5,,,,19.27,37.4
宮島,季節別連帯率,夏(6-8月),6,,,,11.9,27.9
宮島,季節別連帯率,秋(9-11月),1,,,,72.57,81.42
宮島,季節別連帯率,秋(9-11月),2,,,,38.95,58.6
宮島,季節別連帯率,秋(9-11月),3,,,,34.6,55.35
宮島,季節別連帯率,秋(9-11月),4,,,,25.98,45.15
宮島,季節別連帯率,秋(9-11月),5,,,,18.63,35.88
宮島,季節別連帯率,秋(9-11月),6,,,,11.91,27.66
宮島,季節別連帯率,冬(12-2月),1,,,,72.6,81.85
宮島,季節別連帯率,冬(12-2月),2,,,,39.87,59.45
宮島,季節別連帯率,冬(12-2月),3,,,,34.62,55.37
宮島,季節別連帯率,冬(12-2月),4,,,,26.78,46.96
宮島,季節別連帯率,冬(12-2月),5,,,,17.39,34.25
宮島,季節別連帯率,冬(12-2月),6,,,,12.28,27.4
桐生,全体着率,-,1,49.49,18.37,10.37,,
桐生,全体着率,-,2,14.44,24.15,18.82,,
桐生,全体着率,-,3,13.05,20.54,19.37,,
桐生,全体着率,-,4,12.68,15.96,19.19,,
桐生,全体着率,-,5,7.72,13.62,18.19,,
桐生,全体着率,-,6,3.84,8.71,15.48,,
桐生,全体連帯率,-,1,,,,67.85,78.22
桐生,全体連帯率,-,2,,,,38.59,57.42
桐生,全体連帯率,-,3,,,,33.6,52.96
桐生,全体連帯率,-,4,,,,28.64,47.83
桐生,全体連帯率,-,5,,,,21.34,39.53
桐生,全体連帯率,-,6,,,,12.55,28.03
桐生,季節別着率,春(3-5月),1,49.51,17.65,11.07,,
桐生,季節別着率,春(3-5月),2,14.6,24.68,18.65,,
桐生,季節別着率,春(3-5月),3,12.85,21.43,19.49,,
桐生,季節別着率,春(3-5月),4,12.51,16.09,18.86,,
桐生,季節別着率,春(3-5月),5,7.7,13.4,18.02,,
桐生,季節別着率,春(3-5月),6,3.93,8.02,15.25,,
桐生,季節別着率,夏(6-8月),1,48.66,17.05,10.67,,
桐生,季節別着率,夏(6-8月),2,14.01,23.71,18.91,,
桐生,季節別着率,夏(6-8月),3,13.23,20.61,18.82,,
桐生,季節別着率,夏(6-8月),4,13.17,15.35,19.3,,
桐生,季節別着率,夏(6-8月),5,8.25,15.1,18.18,,
桐生,季節別着率,夏(6-8月),6,3.91,9.55,15.54,,
桐生,季節別着率,秋(9-11月),1,49.72,18.9,9.85,,
桐生,季節別着率,秋(9-11月),2,14.14,23.6,18.62,,
桐生,季節別着率,秋(9-11月),3,12.76,20.28,19.19,,
桐生,季節別着率,秋(9-11月),4,13.06,16.06,19.25,,
桐生,季節別着率,秋(9-11月),5,8.14,13.12,18.88,,
桐生,季節別着率,秋(9-11月),6,3.46,9.43,15.64,,
桐生,季節別着率,冬(12-2月),1,50.11,19.92,9.87,,
桐生,季節別着率,冬(12-2月),2,15.06,24.64,19.1,,
桐生,季節別着率,冬(12-2月),3,13.36,19.87,20.0,,
桐生,季節別着率,冬(12-2月),4,11.94,16.36,19.34,,
桐生,季節別着率,冬(12-2月),5,6.75,12.81,17.67,,
桐生,季節別着率,冬(12-2月),6,4.07,7.79,15.47,,
桐生,季節別連帯率,春(3-5月),1,,,,67.16,78.23
桐生,季節別連帯率,春(3-5月),2,,,,39.28,57.93
桐生,季節別連帯率,春(3-5月),3,,,,34.28,53.78
桐生,季節別連帯率,春(3-5月),4,,,,28.61,47.47
桐生,季節別連帯率,春(3-5月),5,,,,21.1,39.12
桐生,季節別連帯率,春(3-5月),6,,,,11.95,27.2
桐生,季節別連帯率,夏(6-8月),1,,,,65.71,76.39
桐生,季節別連帯率,夏(6-8月),2,,,,37.72,56.63
桐生,季節別連帯率,夏(6-8月),3,,,,33.84,52.66
桐生,季節別連帯率,夏(6-8月),4,,,,28.52,47.82
桐生,季節別連帯率,夏(6-8月),5,,,,23.34,41.52
桐生,季節別連帯率,夏(6-8月),6,,,,13.46,29.01
桐生,季節別連帯率,秋(9-11月),1,,,,68.62,78.47
桐生,季節別連帯率,秋(9-11月),2,,,,37.74,56.36
桐生,季節別連帯率,秋(9-11月),3,,,,33.04,52.23
桐生,季節別連帯率,秋(9-11月),4,,,,29.12,48.38
桐生,季節別連帯率,秋(9-11月),5,,,,21.27,40.15
桐生,季節別連帯率,秋(9-11月),6,,,,12.89,28.53
桐生,季節別連帯率,冬(12-2月),1,,,,70.03,79.9
桐生,季節別連帯率,冬(12-2月),2,,,,39.69,58.79
桐生,季節別連帯率,冬(12-2月),3,,,,33.22,53.22
桐生,季節別連帯率,冬(12-2月),4,,,,28.3,47.64
桐生,季節別連帯率,冬(12-2月),5,,,,19.56,37.23
桐生,季節別連帯率,冬(12-2月),6,,,,11.86,27.32
戸田,全体着率,-,1,42.57,18.53,11.59,,
戸田,全体着率,-,2,16.89,22.91,18.19,,
戸田,全体着率,-,3,15.59,19.81,18.18,,
戸田,全体着率,-,4,14.95,16.58,17.98,,
戸田,全体着率,-,5,7.32,13.48,18.23,,
戸田,全体着率,-,6,4.3,10.31,17.43,,
戸田,全体連帯率,-,1,,,,61.1,72.69
戸田,全体連帯率,-,2,,,,39.8,57.99
戸田,全体連帯率,-,3,,,,35.4,53.57
戸田,全体連帯率,-,4,,,,31.53,49.51
戸田,全体連帯率,-,5,,,,20.79,39.02
戸田,全体連帯率,-,6,,,,14.6,32.03
戸田,季節別着率,春(3-5月),1,42.53,17.71,11.61,,
戸田,季節別着率,春(3-5月),2,17.02,22.46,18.54,,
戸田,季節別着率,春(3-5月),3,15.34,20.02,18.48,,
戸田,季節別着率,春(3-5月),4,15.35,17.0,17.46,,
戸田,季節別着率,春(3-5月),5,7.03,13.74,18.31,,
戸田,季節別着率,春(3-5月),6,4.37,10.68,17.14,,
戸田,季節別着率,夏(6-8月),1,41.98,18.32,11.31,,
戸田,季節別着率,夏(6-8月),2,15.92,22.87,18.18,,
戸田,季節別着率,夏(6-8月),3,16.23,19.42,17.48,,
戸田,季節別着率,夏(6-8月),4,15.54,15.96,18.91,,
戸田,季節別着率,夏(6-8月),5,7.49,14.04,18.44,,
戸田,季節別着率,夏(6-8月),6,4.45,10.96,17.18,,
戸田,季節別着率,秋(9-11月),1,43.15,18.95,11.49,,
戸田,季節別着率,秋(9-11月),2,17.15,22.53,17.9,,
戸田,季節別着率,秋(9-11月),3,15.34,20.06,18.34,,
戸田,季節別着率,秋(9-11月),4,14.54,17.07,18.4,,
戸田,季節別着率,秋(9-11月),5,7.32,13.85,18.03,,
戸田,季節別着率,秋(9-11月),6,4.12,9.21,17.54,,
戸田,季節別着率,冬(12-2月),1,42.65,19.09,11.9,,
戸田,季節別着率,冬(12-2月),2,17.41,23.69,18.12,,
戸田,季節別着率,冬(12-2月),3,15.46,19.75,18.38,,
戸田,季節別着率,冬(12-2月),4,14.43,16.32,17.29,,
戸田,季節別着率,冬(12-2月),5,7.42,12.44,18.14,,
戸田,季節別着率,冬(12-2月),6,4.24,10.31,17.82,,
戸田,季節別連帯率,春(3-5月),1,,,,60.24,71.85
戸田,季節別連帯率,春(3-5月),2,,,,39.47,58.01
戸田,季節別連帯率,春(3-5月),3,,,,35.36,53.84
戸田,季節別連帯率,春(3-5月),4,,,,32.36,49.81
戸田,季節別連帯率,春(3-5月),5,,,,20.77,39.08
戸田,季節別連帯率,春(3-5月),6,,,,15.05,32.19
戸田,季節別連帯率,夏(6-8月),1,,,,60.3,71.6
戸田,季節別連帯率,夏(6-8月),2,,,,38.79,56.97
戸田,季節別連帯率,夏(6-8月),3,,,,35.66,53.13
戸田,季節別連帯率,夏(6-8月),4,,,,31.5,50.41
戸田,季節別連帯率,夏(6-8月),5,,,,21.53,39.97
戸田,季節別連帯率,夏(6-8月),6,,,,15.41,32.59
戸田,季節別連帯率,秋(9-11月),1,,,,62.11,73.6
戸田,季節別連帯率,秋(9-11月),2,,,,39.68,57.58
戸田,季節別連帯率,秋(9-11月),3,,,,35.4,53.73
戸田,季節別連帯率,秋(9-11月),4,,,,31.61,50.02
戸田,季節別連帯率,秋(9-11月),5,,,,21.17,39.2
戸田,季節別連帯率,秋(9-11月),6,,,,13.33,30.87
戸田,季節別連帯率,冬(12-2月),1,,,,61.73,73.64
戸田,季節別連帯率,冬(12-2月),2,,,,41.09,59.21
戸田,季節別連帯率,冬(12-2月),3,,,,35.21,53.59
戸田,季節別連帯率,冬(12-2月),4,,,,30.74,48.03
戸田,季節別連帯率,冬(12-2月),5,,,,19.86,38.0
戸田,季節別連帯率,冬(12-2月),6,,,,14.55,32.37
江戸川,全体着率,-,1,46.57,20.63,11.37,,
江戸川,全体着率,-,2,19.18,23.19,18.07,,
江戸川,全体着率,-,3,14.22,19.64,19.9,,
江戸川,全体着率,-,4,12.14,15.93,17.6,,
江戸川,全体着率,-,5,6.68,13.03,18.23,,
江戸川,全体着率,-,6,3.62,9.78,16.9,,
江戸川,全体連帯率,-,1,,,,67.2,78.58
江戸川,全体連帯率,-,2,,,,42.37,60.45
江戸川,全体連帯率,-,3,,,,33.86,53.76
江戸川,全体連帯率,-,4,,,,28.07,45.67
江戸川,全体連帯率,-,5,,,,19.71,37.94
江戸川,全体連帯率,-,6,,,,13.4,30.3
江戸川,季節別着率,春(3-5月),1,46.41,21.16,11.63,,
江戸川,季節別着率,春(3-5月),2,19.57,23.61,18.11,,
江戸川,季節別着率,春(3-5月),3,13.8,18.91,20.26,,
江戸川,季節別着率,春(3-5月),4,11.93,16.12,16.7,,
江戸川,季節別着率,春(3-5月),5,7.12,12.67,18.37,,
江戸川,季節別着率,春(3-5月),6,3.63,9.65,16.94,,
江戸川,季節別着率,夏(6-8月),1,45.61,20.74,11.95,,
江戸川,季節別着率,夏(6-8月),2,19.53,23.7,17.88,,
江戸川,季節別着率,夏(6-8月),3,13.78,19.25,19.23,,
江戸川,季節別着率,夏(6-8月),4,13.05,15.28,17.63,,
江戸川,季節別着率,夏(6-8月),5,6.8,13.37,17.84,,
江戸川,季節別着率,夏(6-8月),6,3.46,9.75,17.41,,
江戸川,季節別着率,秋(9-11月),1,46.86,21.13,11.08,,
江戸川,季節別着率,秋(9-11月),2,19.24,22.63,17.85,,
江戸川,季節別着率,秋(9-11月),3,14.78,19.88,19.93,,
江戸川,季節別着率,秋(9-11月),4,11.65,16.24,18.15,,
江戸川,季節別着率,秋(9-11月),5,6.43,12.84,18.07,,
江戸川,季節別着率,秋(9-11月),6,3.46,9.53,17.03,,
江戸川,季節別着率,冬(12-2月),1,47.21,19.62,10.99,,
江戸川,季節別着率,冬(12-2月),2,18.53,22.98,18.42,,
江戸川,季節別着率,冬(12-2月),3,14.39,20.35,20.11,,
江戸川,季節別着率,冬(12-2月),4,12.05,15.99,17.8,,
江戸川,季節別着率,冬(12-2月),5,6.47,13.24,18.58,,
江戸川,季節別着率,冬(12-2月),6,3.89,10.16,16.34,,
江戸川,季節別連帯率,春(3-5月),1,,,,67.57,79.2
江戸川,季節別連帯率,春(3-5月),2,,,,43.18,61.29
江戸川,季節別連帯率,春(3-5月),3,,,,32.71,52.97
江戸川,季節別連帯率,春(3-5月),4,,,,28.05,44.75
江戸川,季節別連帯率,春(3-5月),5,,,,19.79,38.16
江戸川,季節別連帯率,春(3-5月),6,,,,13.27,30.21
江戸川,季節別連帯率,夏(6-8月),1,,,,66.35,78.3
江戸川,季節別連帯率,夏(6-8月),2,,,,43.23,61.1
江戸川,季節別連帯率,夏(6-8月),3,,,,33.03,52.27
江戸川,季節別連帯率,夏(6-8月),4,,,,28.33,45.96
江戸川,季節別連帯率,夏(6-8月),5,,,,20.17,38.01
江戸川,季節別連帯率,夏(6-8月),6,,,,13.2,30.62
江戸川,季節別連帯率,秋(9-11月),1,,,,67.99,79.07
江戸川,季節別連帯率,秋(9-11月),2,,,,41.87,59.73
江戸川,季節別連帯率,秋(9-11月),3,,,,34.66,54.59
江戸川,季節別連帯率,秋(9-11月),4,,,,27.89,46.05
江戸川,季節別連帯率,秋(9-11月),5,,,,19.26,37.33
江戸川,季節別連帯率,秋(9-11月),6,,,,12.99,30.02
江戸川,季節別連帯率,冬(12-2月),1,,,,66.83,77.81
江戸川,季節別連帯率,冬(12-2月),2,,,,41.5,59.92
江戸川,季節別連帯率,冬(12-2月),3,,,,34.73,54.85
江戸川,季節別連帯率,冬(12-2月),4,,,,28.04,45.84
江戸川,季節別連帯率,冬(12-2月),5,,,,19.71,38.3
江戸川,季節別連帯率,冬(12-2月),6,,,,14.05,30.39
三国,全体着率,-,1,52.51,19.33,9.09,,
三国,全体着率,-,2,17.15,25.81,18.58,,
三国,全体着率,-,3,13.98,21.0,20.72,,
三国,全体着率,-,4,9.33,16.8,20.65,,
三国,全体着率,-,5,5.08,10.9,17.27,,
三国,全体着率,-,6,3.45,7.62,15.17,,
三国,全体連帯率,-,1,,,,71.84,80.93
三国,全体連帯率,-,2,,,,42.96,61.54
三国,全体連帯率,-,3,,,,34.97,55.7
三国,全体連帯率,-,4,,,,26.13,46.78
三国,全体連帯率,-,5,,,,15.98,33.25
三国,全体連帯率,-,6,,,,11.08,26.25
三国,季節別着率,春(3-5月),1,54.03,19.04,9.08,,
三国,季節別着率,春(3-5月),2,16.97,26.66,18.49,,
三国,季節別着率,春(3-5月),3,13.41,21.36,20.87,,
三国,季節別着率,春(3-5月),4,8.62,16.35,21.23,,
三国,季節別着率,春(3-5月),5,4.93,10.85,16.71,,
三国,季節別着率,春(3-5月),6,3.37,7.02,14.99,,
三国,季節別着率,夏(6-8月),1,51.38,20.32,8.42,,
三国,季節別着率,夏(6-8月),2,17.34,24.96,18.19,,
三国,季節別着率,夏(6-8月),3,14.27,20.05,21.66,,
三国,季節別着率,夏(6-8月),4,9.66,17.35,20.27,,
三国,季節別着率,夏(6-8月),5,5.24,10.97,17.63,,
三国,季節別着率,夏(6-8月),6,3.49,7.7,15.22,,
三国,季節別着率,秋(9-11月),1,53.01,19.03,9.12,,
三国,季節別着率,秋(9-11月),2,17.02,26.33,18.43,,
三国,季節別着率,秋(9-11月),3,14.04,20.96,20.09,,
三国,季節別着率,秋(9-11月),4,9.3,17.05,21.1,,
三国,季節別着率,秋(9-11月),5,5.05,10.29,17.87,,
三国,季節別着率,秋(9-11月),6,3.2,7.84,14.83,,
三国,季節別着率,冬(12-2月),1,51.44,18.92,9.79,,
三国,季節別着率,冬(12-2月),2,17.31,25.19,19.26,,
三国,季節別着率,冬(12-2月),3,14.23,21.66,20.21,,
三国,季節別着率,冬(12-2月),4,9.83,16.43,19.92,,
三国,季節別着率,冬(12-2月),5,5.11,11.54,16.86,,
三国,季節別着率,冬(12-2月),6,3.78,8.01,15.69,,
三国,季節別連帯率,春(3-5月),1,,,,73.06,82.14
三国,季節別連帯率,春(3-5月),2,,,,43.63,62.12
三国,季節別連帯率,春(3-5月),3,,,,34.77,55.64
三国,季節別連帯率,春(3-5月),4,,,,24.97,46.19
三国,季節別連帯率,春(3-5月),5,,,,15.78,32.49
三国,季節別連帯率,春(3-5月),6,,,,10.39,25.38
三国,季節別連帯率,夏(6-8月),1,,,,71.71,80.13
三国,季節別連帯率,夏(6-8月),2,,,,42.3,60.5
三国,季節別連帯率,夏(6-8月),3,,,,34.33,55.99
三国,季節別連帯率,夏(6-8月),4,,,,27.01,47.28
三国,季節別連帯率,夏(6-8月),5,,,,16.22,33.85
三国,季節別連帯率,夏(6-8月),6,,,,11.19,26.41
三国,季節別連帯率,秋(9-11月),1,,,,72.04,81.16
三国,季節別連帯率,秋(9-11月),2,,,,43.35,61.78
三国,季節別連帯率,秋(9-11月),3,,,,35.0,55.09
三国,季節別連帯率,秋(9-11月),4,,,,26.35,47.45
三国,季節別連帯率,秋(9-11月),5,,,,15.34,33.21
三国,季節別連帯率,秋(9-11月),6,,,,11.04,25.87
三国,季節別連帯率,冬(12-2月),1,,,,70.36,80.15
三国,季節別連帯率,冬(12-2月),2,,,,42.51,61.77
三国,季節別連帯率,冬(12-2月),3,,,,35.89,56.1
三国,季節別連帯率,冬(12-2月),4,,,,26.26,46.18
三国,季節別連帯率,冬(12-2月),5,,,,16.65,33.52
三国,季節別連帯率,冬(12-2月),6,,,,11.79,27.48
児島,全体着率,-,1,55.43,17.87,8.5,,
児島,全体着率,-,2,14.61,24.88,18.48,,
児島,全体着率,-,3,11.85,20.0,20.51,,
児島,全体着率,-,4,10.27,18.08,20.8,,
児島,全体着率,-,5,5.84,11.86,17.02,,
児島,全体着率,-,6,3.39,8.78,16.16,,
児島,全体連帯率,-,1,,,,73.3,81.81
児島,全体連帯率,-,2,,,,39.48,57.96
児島,全体連帯率,-,3,,,,31.86,52.37
児島,全体連帯率,-,4,,,,28.35,49.15
児島,全体連帯率,-,5,,,,17.7,34.72
児島,全体連帯率,-,6,,,,12.17,28.33
児島,季節別着率,春(3-5月),1,56.95,17.17,8.58,,
児島,季節別着率,春(3-5月),2,14.31,25.68,19.09,,
児島,季節別着率,春(3-5月),3,11.43,19.63,20.47,,
児島,季節別着率,春(3-5月),4,9.87,18.43,20.72,,
児島,季節別着率,春(3-5月),5,5.24,11.59,16.67,,
児島,季節別着率,春(3-5月),6,3.56,8.95,15.92,,
児島,季節別着率,夏(6-8月),1,55.83,17.28,8.34,,
児島,季節別着率,夏(6-8月),2,13.84,23.59,18.82,,
児島,季節別着率,夏(6-8月),3,11.72,20.74,19.81,,
児島,季節別着率,夏(6-8月),4,10.0,18.0,20.94,,
児島,季節別着率,夏(6-8月),5,6.39,12.9,17.12,,
児島,季節別着率,夏(6-8月),6,3.66,8.98,16.51,,
児島,季節別着率,秋(9-11月),1,54.72,18.53,8.36,,
児島,季節別着率,秋(9-11月),2,14.56,24.79,18.51,,
児島,季節別着率,秋(9-11月),3,12.26,19.5,20.61,,
児島,季節別着率,秋(9-11月),4,11.04,18.16,20.47,,
児島,季節別着率,秋(9-11月),5,5.47,11.56,17.84,,
児島,季節別着率,秋(9-11月),6,3.2,8.83,15.63,,
児島,季節別着率,冬(12-2月),1,54.18,18.58,8.7,,
児島,季節別着率,冬(12-2月),2,15.64,25.37,17.56,,
児島,季節別着率,冬(12-2月),3,12.07,20.06,21.12,,
児島,季節別着率,冬(12-2月),4,10.32,17.75,21.0,,
児島,季節別着率,冬(12-2月),5,6.18,11.37,16.64,,
児島,季節別着率,冬(12-2月),6,3.11,8.41,16.47,,
児島,季節別連帯率,春(3-5月),1,,,,74.12,82.69
児島,季節別連帯率,春(3-5月),2,,,,39.98,59.07
児島,季節別連帯率,春(3-5月),3,,,,31.06,51.53
児島,季節別連帯率,春(3-5月),4,,,,28.3,49.02
児島,季節別連帯率,春(3-5月),5,,,,16.83,33.5
児島,季節別連帯率,春(3-5月),6,,,,12.51,28.43
児島,季節別連帯率,夏(6-8月),1,,,,73.11,81.45
児島,季節別連帯率,夏(6-8月),2,,,,37.44,56.25
児島,季節別連帯率,夏(6-8月),3,,,,32.46,52.27
児島,季節別連帯率,夏(6-8月),4,,,,28.0,48.94
児島,季節別連帯率,夏(6-8月),5,,,,19.28,36.4
児島,季節別連帯率,夏(6-8月),6,,,,12.63,29.14
児島,季節別連帯率,秋(9-11月),1,,,,73.24,81.61
児島,季節別連帯率,秋(9-11月),2,,,,39.36,57.86
児島,季節別連帯率,秋(9-11月),3,,,,31.76,52.36
児島,季節別連帯率,秋(9-11月),4,,,,29.21,49.68
児島,季節別連帯率,秋(9-11月),5,,,,17.02,34.86
児島,季節別連帯率,秋(9-11月),6,,,,12.04,27.67
児島,季節別連帯率,冬(12-2月),1,,,,72.76,81.46
児島,季節別連帯率,冬(12-2月),2,,,,41.01,58.57
児島,季節別連帯率,冬(12-2月),3,,,,32.13,53.25
児島,季節別連帯率,冬(12-2月),4,,,,28.07,49.07
児島,季節別連帯率,冬(12-2月),5,,,,17.55,34.19
児島,季節別連帯率,冬(12-2月),6,,,,11.52,28.0
若松,全体着率,-,1,55.17,18.58,9.03,,
若松,全体着率,-,2,14.23,24.66,18.93,,
若松,全体着率,-,3,12.45,21.2,20.35,,
若松,全体着率,-,4,10.33,16.51,19.88,,
若松,全体着率,-,5,5.47,11.5,17.26,,
若松,全体着率,-,6,3.78,9.07,16.07,,
若松,全体連帯率,-,1,,,,73.75,82.78
若松,全体連帯率,-,2,,,,38.89,57.82
若松,全体連帯率,-,3,,,,33.65,54.01
若松,全体連帯率,-,4,,,,26.83,46.71
若松,全体連帯率,-,5,,,,16.97,34.22
若松,全体連帯率,-,6,,,,12.85,28.92
若松,季節別着率,春(3-5月),1,55.14,18.84,9.21,,
若松,季節別着率,春(3-5月),2,14.19,24.83,19.08,,
若松,季節別着率,春(3-5月),3,12.42,21.69,20.56,,
若松,季節別着率,春(3-5月),4,10.6,16.19,19.85,,
若松,季節別着率,春(3-5月),5,5.04,11.37,16.89,,
若松,季節別着率,春(3-5月),6,4.02,8.52,15.87,,
若松,季節別着率,夏(6-8月),1,54.53,18.86,9.11,,
若松,季節別着率,夏(6-8月),2,14.38,24.43,18.89,,
若松,季節別着率,夏(6-8月),3,12.03,21.28,19.96,,
若松,季節別着率,夏(6-8月),4,10.6,16.49,19.64,,
若松,季節別着率,夏(6-8月),5,5.85,11.74,17.94,,
若松,季節別着率,夏(6-8月),6,4.03,8.71,15.92,,
若松,季節別着率,秋(9-11月),1,55.57,18.32,9.25,,
若松,季節別着率,秋(9-11月),2,14.42,24.37,19.1,,
若松,季節別着率,秋(9-11月),3,12.72,21.18,20.88,,
若松,季節別着率,秋(9-11月),4,9.66,16.31,19.52,,
若松,季節別着率,秋(9-11月),5,5.73,11.67,16.92,,
若松,季節別着率,秋(9-11月),6,3.18,9.55,15.79,,
若松,季節別着率,冬(12-2月),1,55.52,18.22,8.54,,
若松,季節別着率,冬(12-2月),2,13.92,24.99,18.67,,
若松,季節別着率,冬(12-2月),3,12.7,20.58,20.05,,
若松,季節別着率,冬(12-2月),4,10.33,17.07,20.49,,
若松,季節別着率,冬(12-2月),5,5.31,11.22,17.25,,
若松,季節別着率,冬(12-2月),6,3.79,9.62,16.73,,
若松,季節別連帯率,春(3-5月),1,,,,73.99,83.19
若松,季節別連帯率,春(3-5月),2,,,,39.02,58.1
若松,季節別連帯率,春(3-5月),3,,,,34.11,54.67
若松,季節別連帯率,春(3-5月),4,,,,26.79,46.64
若松,季節別連帯率,春(3-5月),5,,,,16.41,33.3
若松,季節別連帯率,春(3-5月),6,,,,12.55,28.41
若松,季節別連帯率,夏(6-8月),1,,,,73.39,82.49
若松,季節別連帯率,夏(6-8月),2,,,,38.82,57.71
若松,季節別連帯率,夏(6-8月),3,,,,33.31,53.26
若松,季節別連帯率,夏(6-8月),4,,,,27.08,46.73
若松,季節別連帯率,夏(6-8月),5,,,,17.59,35.53
若松,季節別連帯率,夏(6-8月),6,,,,12.75,28.67
若松,季節別連帯率,秋(9-11月),1,,,,73.88,83.13
若松,季節別連帯率,秋(9-11月),2,,,,38.79,57.89
若松,季節別連帯率,秋(9-11月),3,,,,33.9,54.78
若松,季節別連帯率,秋(9-11月),4,,,,25.98,45.5
若松,季節別連帯率,秋(9-11月),5,,,,17.4,34.31
若松,季節別連帯率,秋(9-11月),6,,,,12.72,28.51
若松,季節別連帯率,冬(12-2月),1,,,,73.74,82.29
若松,季節別連帯率,冬(12-2月),2,,,,38.91,57.58
若松,季節別連帯率,冬(12-2月),3,,,,33.27,53.33
若松,季節別連帯率,冬(12-2月),4,,,,27.41,47.89
若松,季節別連帯率,冬(12-2月),5,,,,16.53,33.78
若松,季節別連帯率,冬(12-2月),6,,,,13.42,30.15
住之江,全体着率,-,1,56.74,16.91,9.06,,
住之江,全体着率,-,2,15.17,24.98,18.87,,
住之江,全体着率,-,3,11.71,22.15,20.5,,
住之江,全体着率,-,4,9.02,16.82,19.89,,
住之江,全体着率,-,5,5.57,11.93,17.3,,
住之江,全体着率,-,6,3.11,8.66,15.79,,
住之江,全体連帯率,-,1,,,,73.66,82.72
住之江,全体連帯率,-,2,,,,40.15,59.02
住之江,全体連帯率,-,3,,,,33.87,54.37
住之江,全体連帯率,-,4,,,,25.84,45.74
住之江,全体連帯率,-,5,,,,17.5,34.8
住之江,全体連帯率,-,6,,,,11.77,27.56
住之江,季節別着率,春(3-5月),1,57.8,16.17,8.98,,
住之江,季節別着率,春(3-5月),2,15.29,26.1,18.61,,
住之江,季節別着率,春(3-5月),3,11.63,22.51,20.4,,
住之江,季節別着率,春(3-5月),4,8.56,16.83,20.43,,
住之江,季節別着率,春(3-5月),5,4.88,11.24,17.39,,
住之江,季節別着率,春(3-5月),6,3.17,8.56,15.53,,
住之江,季節別着率,夏(6-8月),1,54.56,17.06,9.28,,
住之江,季節別着率,夏(6-8月),2,15.45,23.89,19.32,,
住之江,季節別着率,夏(6-8月),3,11.83,22.27,19.71,,
住之江,季節別着率,夏(6-8月),4,10.19,16.04,19.7,,
住之江,季節別着率,夏(6-8月),5,5.95,12.91,17.26,,
住之江,季節別着率,夏(6-8月),6,3.31,9.22,16.1,,
住之江,季節別着率,秋(9-11月),1,56.52,17.36,9.38,,
住之江,季節別着率,秋(9-11月),2,16.09,25.04,18.47,,
住之江,季節別着率,秋(9-11月),3,11.3,22.11,20.83,,
住之江,季節別着率,秋(9-11月),4,8.75,17.09,19.53,,
住之江,季節別着率,秋(9-11月),5,5.77,11.5,16.77,,
住之江,季節別着率,秋(9-11月),6,2.89,8.31,16.36,,
住之江,季節別着率,冬(12-2月),1,57.93,17.14,8.65,,
住之江,季節別着率,冬(12-2月),2,13.98,24.82,19.06,,
住之江,季節別着率,冬(12-2月),3,12.05,21.73,21.07,,
住之江,季節別着率,冬(12-2月),4,8.61,17.31,19.86,,
住之江,季節別着率,冬(12-2月),5,5.72,12.07,17.73,,
住之江,季節別着率,冬(12-2月),6,3.06,8.53,15.25,,
住之江,季節別連帯率,春(3-5月),1,,,,73.97,82.95
住之江,季節別連帯率,春(3-5月),2,,,,41.39,60.0
住之江,季節別連帯率,春(3-5月),3,,,,34.13,54.54
住之江,季節別連帯率,春(3-5月),4,,,,25.4,45.83
住之江,季節別連帯率,春(3-5月),5,,,,16.12,33.5
住之江,季節別連帯率,春(3-5月),6,,,,11.73,27.26
住之江,季節別連帯率,夏(6-8月),1,,,,71.62,80.9
住之江,季節別連帯率,夏(6-8月),2,,,,39.34,58.66
住之江,季節別連帯率,夏(6-8月),3,,,,34.1,53.81
住之江,季節別連帯率,夏(6-8月),4,,,,26.23,45.93
住之江,季節別連帯率,夏(6-8月),5,,,,18.87,36.12
住之江,季節別連帯率,夏(6-8月),6,,,,12.53,28.63
住之江,季節別連帯率,秋(9-11月),1,,,,73.88,83.26
住之江,季節別連帯率,秋(9-11月),2,,,,41.13,59.6
住之江,季節別連帯率,秋(9-11月),3,,,,33.41,54.24
住之江,季節別連帯率,秋(9-11月),4,,,,25.84,45.37
住之江,季節別連帯率,秋(9-11月),5,,,,17.27,34.04
住之江,季節別連帯率,秋(9-11月),6,,,,11.2,27.56
住之江,季節別連帯率,冬(12-2月),1,,,,75.07,83.72
住之江,季節別連帯率,冬(12-2月),2,,,,38.79,57.85
住之江,季節別連帯率,冬(12-2月),3,,,,33.77,54.85
住之江,季節別連帯率,冬(12-2月),4,,,,25.92,45.78
住之江,季節別連帯率,冬(12-2月),5,,,,17.79,35.51
住之江,季節別連帯率,冬(12-2月),6,,,,11.59,26.84
常滑,全体着率,-,1,54.53,17.28,9.46,,
常滑,全体着率,-,2,13.81,23.97,18.37,,
常滑,全体着率,-,3,12.28,21.32,19.61,,
常滑,全体着率,-,4,10.2,16.26,19.19,,
常滑,全体着率,-,5,6.06,12.15,17.64,,
常滑,全体着率,-,6,4.5,10.35,17.04,,
常滑,全体連帯率,-,1,,,,71.81,81.27
常滑,全体連帯率,-,2,,,,37.79,56.16
常滑,全体連帯率,-,3,,,,33.6,53.21
常滑,全体連帯率,-,4,,,,26.46,45.65
常滑,全体連帯率,-,5,,,,18.21,35.86
常滑,全体連帯率,-,6,,,,14.85,31.89
常滑,季節別着率,春(3-5月),1,55.52,17.12,9.25,,
常滑,季節別着率,春(3-5月),2,14.17,24.09,18.85,,
常滑,季節別着率,春(3-5月),3,11.55,21.22,19.51,,
常滑,季節別着率,春(3-5月),4,9.86,16.59,19.41,,
常滑,季節別着率,春(3-5月),5,5.91,12.09,17.76,,
常滑,季節別着率,春(3-5月),6,4.3,10.13,16.44,,
常滑,季節別着率,夏(6-8月),1,55.28,16.92,9.52,,
常滑,季節別着率,夏(6-8月),2,14.54,24.4,18.0,,
常滑,季節別着率,夏(6-8月),3,12.04,21.92,20.01,,
常滑,季節別着率,夏(6-8月),4,9.59,16.26,19.31,,
常滑,季節別着率,夏(6-8月),5,5.59,11.91,17.7,,
常滑,季節別着率,夏(6-8月),6,4.35,9.92,16.77,,
常滑,季節別着率,秋(9-11月),1,54.79,16.98,9.16,,
常滑,季節別着率,秋(9-11月),2,12.62,24.06,18.53,,
常滑,季節別着率,秋(9-11月),3,12.19,21.89,19.58,,
常滑,季節別着率,秋(9-11月),4,11.09,15.26,18.86,,
常滑,季節別着率,秋(9-11月),5,5.98,13.15,17.52,,
常滑,季節別着率,秋(9-11月),6,4.66,9.99,17.67,,
常滑,季節別着率,冬(12-2月),1,52.49,18.11,9.9,,
常滑,季節別着率,冬(12-2月),2,13.79,23.34,18.09,,
常滑,季節別着率,冬(12-2月),3,13.37,20.28,19.34,,
常滑,季節別着率,冬(12-2月),4,10.38,16.85,19.13,,
常滑,季節別着率,冬(12-2月),5,6.79,11.52,17.59,,
常滑,季節別着率,冬(12-2月),6,4.72,11.35,17.36,,
常滑,季節別連帯率,春(3-5月),1,,,,72.64,81.89
常滑,季節別連帯率,春(3-5月),2,,,,38.26,57.12
常滑,季節別連帯率,春(3-5月),3,,,,32.77,52.27
常滑,季節別連帯率,春(3-5月),4,,,,26.44,45.85
常滑,季節別連帯率,春(3-5月),5,,,,18.01,35.76
常滑,季節別連帯率,春(3-5月),6,,,,14.43,30.87
常滑,季節別連帯率,夏(6-8月),1,,,,72.19,81.71
常滑,季節別連帯率,夏(6-8月),2,,,,38.94,56.94
常滑,季節別連帯率,夏(6-8月),3,,,,33.97,53.98
常滑,季節別連帯率,夏(6-8月),4,,,,25.85,45.16
常滑,季節別連帯率,夏(6-8月),5,,,,17.51,35.2
常滑,季節別連帯率,夏(6-8月),6,,,,14.27,31.04
常滑,季節別連帯率,秋(9-11月),1,,,,71.77,80.93
常滑,季節別連帯率,秋(9-11月),2,,,,36.67,55.21
常滑,季節別連帯率,秋(9-11月),3,,,,34.08,53.66
常滑,季節別連帯率,秋(9-11月),4,,,,26.34,45.2
常滑,季節別連帯率,秋(9-11月),5,,,,19.13,36.65
常滑,季節別連帯率,秋(9-11月),6,,,,14.65,32.32
常滑,季節別連帯率,冬(12-2月),1,,,,70.6,80.5
常滑,季節別連帯率,冬(12-2月),2,,,,37.13,55.22
常滑,季節別連帯率,冬(12-2月),3,,,,33.65,52.99
常滑,季節別連帯率,冬(12-2月),4,,,,27.23,46.36
常滑,季節別連帯率,冬(12-2月),5,,,,18.31,35.91
常滑,季節別連帯率,冬(12-2月),6,,,,16.08,33.44
多摩川,全体着率,-,1,50.27,17.65,9.84,,
多摩川,全体着率,-,2,16.4,23.97,17.81,,
多摩川,全体着率,-,3,13.26,20.28,19.67,,
多摩川,全体着率,-,4,11.7,17.41,18.82,,
多摩川,全体着率,-,5,6.2,12.63,17.79,,
多摩川,全体着率,-,6,3.48,9.41,17.4,,
多摩川,全体連帯率,-,1,,,,67.92,77.76
多摩川,全体連帯率,-,2,,,,40.37,58.18
多摩川,全体連帯率,-,3,,,,33.54,53.21
多摩川,全体連帯率,-,4,,,,29.11,47.93
多摩川,全体連帯率,-,5,,,,18.83,36.62
多摩川,全体連帯率,-,6,,,,12.89,30.28
多摩川,季節別着率,春(3-5月),1,50.67,17.39,9.72,,
多摩川,季節別着率,春(3-5月),2,16.19,24.0,18.18,,
多摩川,季節別着率,春(3-5月),3,12.95,20.45,19.43,,
多摩川,季節別着率,春(3-5月),4,11.91,17.42,18.81,,
多摩川,季節別着率,春(3-5月),5,6.36,12.89,17.9,,
多摩川,季節別着率,春(3-5月),6,3.15,9.17,17.28,,
多摩川,季節別着率,夏(6-8月),1,48.82,17.62,10.15,,
多摩川,季節別着率,夏(6-8月),2,15.78,23.18,17.96,,
多摩川,季節別着率,夏(6-8月),3,14.18,20.32,19.11,,
多摩川,季節別着率,夏(6-8月),4,12.55,17.18,18.79,,
多摩川,季節別着率,夏(6-8月),5,6.19,13.35,17.5,,
多摩川,季節別着率,夏(6-8月),6,3.85,9.73,17.8,,
多摩川,季節別着率,秋(9-11月),1,51.09,17.54,9.8,,
多摩川,季節別着率,秋(9-11月),2,17.08,24.7,16.95,,
多摩川,季節別着率,秋(9-11月),3,13.1,19.4,19.88,,
多摩川,季節別着率,秋(9-11月),4,11.0,18.13,19.09,,
多摩川,季節別着率,秋(9-11月),5,5.57,12.81,17.62,,
多摩川,季節別着率,秋(9-11月),6,3.41,8.61,17.87,,
多摩川,季節別着率,冬(12-2月),1,50.66,18.04,9.68,,
多摩川,季節別着率,冬(12-2月),2,16.66,24.09,18.09,,
多摩川,季節別着率,冬(12-2月),3,12.77,20.88,20.3,,
多摩川,季節別着率,冬(12-2月),4,11.25,16.95,18.63,,
多摩川,季節別着率,冬(12-2月),5,6.62,11.44,18.17,,
多摩川,季節別着率,冬(12-2月),6,3.48,10.05,16.64,,
多摩川,季節別連帯率,春(3-5月),1,,,,68.07,77.79
多摩川,季節別連帯率,春(3-5月),2,,,,40.19,58.38
多摩川,季節別連帯率,春(3-5月),3,,,,33.39,52.82
多摩川,季節別連帯率,春(3-5月),4,,,,29.33,48.14
多摩川,季節別連帯率,春(3-5月),5,,,,19.25,37.16
多摩川,季節別連帯率,春(3-5月),6,,,,12.31,29.59
多摩川,季節別連帯率,夏(6-8月),1,,,,66.44,76.59
多摩川,季節別連帯率,夏(6-8月),2,,,,38.96,56.92
多摩川,季節別連帯率,夏(6-8月),3,,,,34.5,53.61
多摩川,季節別連帯率,夏(6-8月),4,,,,29.73,48.51
多摩川,季節別連帯率,夏(6-8月),5,,,,19.54,37.04
多摩川,季節別連帯率,夏(6-8月),6,,,,13.58,31.38
多摩川,季節別連帯率,秋(9-11月),1,,,,68.63,78.43
多摩川,季節別連帯率,秋(9-11月),2,,,,41.78,58.73
多摩川,季節別連帯率,秋(9-11月),3,,,,32.5,52.38
多摩川,季節別連帯率,秋(9-11月),4,,,,29.13,48.22
多摩川,季節別連帯率,秋(9-11月),5,,,,18.38,36.0
多摩川,季節別連帯率,秋(9-11月),6,,,,12.02,29.89
多摩川,季節別連帯率,冬(12-2月),1,,,,68.69,78.38
多摩川,季節別連帯率,冬(12-2月),2,,,,40.75,58.84
多摩川,季節別連帯率,冬(12-2月),3,,,,33.64,53.94
多摩川,季節別連帯率,冬(12-2月),4,,,,28.2,46.83
多摩川,季節別連帯率,冬(12-2月),5,,,,18.05,36.22
多摩川,季節別連帯率,冬(12-2月),6,,,,13.53,30.16
大村,全体着率,-,1,63.75,16.18,7.5,,
大村,全体着率,-,2,12.49,27.18,19.33,,
大村,全体着率,-,3,10.41,22.59,21.54,,
大村,全体着率,-,4,7.81,16.33,21.18,,
大村,全体着率,-,5,3.92,11.27,17.35,,
大村,全体着率,-,6,2.95,7.83,14.5,,
大村,全体連帯率,-,1,,,,79.93,87.43
大村,全体連帯率,-,2,,,,39.66,58.99
大村,全体連帯率,-,3,,,,33.0,54.54
大村,全体連帯率,-,4,,,,24.14,45.31
大村,全体連帯率,-,5,,,,15.18,32.53
大村,全体連帯率,-,6,,,,10.78,25.28
大村,季節別着率,春(3-5月),1,65.0,16.27,7.41,,
大村,季節別着率,春(3-5月),2,12.01,28.3,18.83,,
大村,季節別着率,春(3-5月),3,10.16,22.4,22.02,,
大村,季節別着率,春(3-5月),4,7.16,16.14,21.63,,
大村,季節別着率,春(3-5月),5,3.86,10.53,17.38,,
大村,季節別着率,春(3-5月),6,2.97,7.59,13.98,,
大村,季節別着率,夏(6-8月),1,62.02,16.58,8.14,,
大村,季節別着率,夏(6-8月),2,13.67,27.26,18.69,,
大村,季節別着率,夏(6-8月),3,10.68,21.69,20.92,,
大村,季節別着率,夏(6-8月),4,8.11,16.5,20.76,,
大村,季節別着率,夏(6-8月),5,3.99,11.1,17.66,,
大村,季節別着率,夏(6-8月),6,2.86,8.14,15.07,,
大村,季節別着率,秋(9-11月),1,63.25,15.99,7.39,,
大村,季節別着率,秋(9-11月),2,12.33,25.69,19.74,,
大村,季節別着率,秋(9-11月),3,10.64,23.14,21.4,,
大村,季節別着率,秋(9-11月),4,8.33,16.59,21.13,,
大村,季節別着率,秋(9-11月),5,3.89,12.2,17.06,,
大村,季節別着率,秋(9-11月),6,3.0,7.92,14.87,,
大村,季節別着率,冬(12-2月),1,64.81,15.8,6.99,,
大村,季節別着率,冬(12-2月),2,11.81,27.28,20.18,,
大村,季節別着率,冬(12-2月),3,10.17,23.29,21.87,,
大村,季節別着率,冬(12-2月),4,7.67,16.11,21.21,,
大村,季節別着率,冬(12-2月),5,3.92,11.37,17.23,,
大村,季節別着率,冬(12-2月),6,2.99,7.65,14.06,,
大村,季節別連帯率,春(3-5月),1,,,,81.27,88.69
大村,季節別連帯率,春(3-5月),2,,,,40.31,59.14
大村,季節別連帯率,春(3-5月),3,,,,32.55,54.57
大村,季節別連帯率,春(3-5月),4,,,,23.3,44.93
大村,季節別連帯率,春(3-5月),5,,,,14.4,31.78
大村,季節別連帯率,春(3-5月),6,,,,10.57,24.55
大村,季節別連帯率,夏(6-8月),1,,,,78.6,86.74
大村,季節別連帯率,夏(6-8月),2,,,,40.93,59.62
大村,季節別連帯率,夏(6-8月),3,,,,32.37,53.29
大村,季節別連帯率,夏(6-8月),4,,,,24.61,45.37
大村,季節別連帯率,夏(6-8月),5,,,,15.09,32.75
大村,季節別連帯率,夏(6-8月),6,,,,11.0,26.07
大村,季節別連帯率,秋(9-11月),1,,,,79.24,86.63
大村,季節別連帯率,秋(9-11月),2,,,,38.02,57.75
大村,季節別連帯率,秋(9-11月),3,,,,33.78,55.18
大村,季節別連帯率,秋(9-11月),4,,,,24.92,46.05
大村,季節別連帯率,秋(9-11月),5,,,,16.08,33.14
大村,季節別連帯率,秋(9-11月),6,,,,10.92,25.79
大村,季節別連帯率,冬(12-2月),1,,,,80.61,87.6
大村,季節別連帯率,冬(12-2月),2,,,,39.09,59.27
大村,季節別連帯率,冬(12-2月),3,,,,33.45,55.32
大村,季節別連帯率,冬(12-2月),4,,,,23.77,44.98
大村,季節別連帯率,冬(12-2月),5,,,,15.29,32.52
大村,季節別連帯率,冬(12-2月),6,,,,10.64,24.7
津,全体着率,-,1,55.01,17.73,8.89,,
津,全体着率,-,2,16.36,26.32,18.3,,
津,全体着率,-,3,12.19,20.95,20.99,,
津,全体着率,-,4,9.02,16.89,20.39,,
津,全体着率,-,5,5.34,11.61,17.51,,
津,全体着率,-,6,3.63,8.07,15.46,,
津,全体連帯率,-,1,,,,72.74,81.63
津,全体連帯率,-,2,,,,42.68,60.99
津,全体連帯率,-,3,,,,33.14,54.13
津,全体連帯率,-,4,,,,25.91,46.3
津,全体連帯率,-,5,,,,16.95,34.46
津,全体連帯率,-,6,,,,11.7,27.15
津,季節別着率,春(3-5月),1,56.02,17.76,8.63,,
津,季節別着率,春(3-5月),2,15.61,26.49,18.8,,
津,季節別着率,春(3-5月),3,12.27,20.15,21.17,,
津,季節別着率,春(3-5月),4,8.84,17.69,20.27,,
津,季節別着率,春(3-5月),5,4.87,11.71,17.41,,
津,季節別着率,春(3-5月),6,3.85,7.72,15.17,,
津,季節別着率,夏(6-8月),1,52.65,18.54,9.76,,
津,季節別着率,夏(6-8月),2,17.38,25.94,17.56,,
津,季節別着率,夏(6-8月),3,12.74,21.32,20.82,,
津,季節別着率,夏(6-8月),4,9.71,16.74,19.71,,
津,季節別着率,夏(6-8月),5,5.59,11.45,17.61,,
津,季節別着率,夏(6-8月),6,3.47,7.5,16.0,,
津,季節別着率,秋(9-11月),1,56.48,16.91,8.6,,
津,季節別着率,秋(9-11月),2,16.17,26.49,18.44,,
津,季節別着率,秋(9-11月),3,11.89,21.33,21.05,,
津,季節別着率,秋(9-11月),4,8.26,16.95,20.69,,
津,季節別着率,秋(9-11月),5,5.12,11.28,17.54,,
津,季節別着率,秋(9-11月),6,3.4,8.39,15.05,,
津,季節別着率,冬(12-2月),1,54.98,17.62,8.53,,
津,季節別着率,冬(12-2月),2,16.28,26.38,18.43,,
津,季節別着率,冬(12-2月),3,11.8,21.05,20.92,,
津,季節別着率,冬(12-2月),4,9.23,16.11,20.96,,
津,季節別着率,冬(12-2月),5,5.8,11.99,17.49,,
津,季節別着率,冬(12-2月),6,3.77,8.77,15.57,,
津,季節別連帯率,春(3-5月),1,,,,73.78,82.41
津,季節別連帯率,春(3-5月),2,,,,42.1,60.9
津,季節別連帯率,春(3-5月),3,,,,32.42,53.59
津,季節別連帯率,春(3-5月),4,,,,26.53,46.81
津,季節別連帯率,春(3-5月),5,,,,16.57,33.98
津,季節別連帯率,春(3-5月),6,,,,11.57,26.74
津,季節別連帯率,夏(6-8月),1,,,,71.19,80.94
津,季節別連帯率,夏(6-8月),2,,,,43.32,60.88
津,季節別連帯率,夏(6-8月),3,,,,34.07,54.89
津,季節別連帯率,夏(6-8月),4,,,,26.45,46.16
津,季節別連帯率,夏(6-8月),5,,,,17.04,34.64
津,季節別連帯率,夏(6-8月),6,,,,10.97,26.97
津,季節別連帯率,秋(9-11月),1,,,,73.39,82.0
津,季節別連帯率,秋(9-11月),2,,,,42.66,61.1
津,季節別連帯率,秋(9-11月),3,,,,33.22,54.27
津,季節別連帯率,秋(9-11月),4,,,,25.21,45.9
津,季節別連帯率,秋(9-11月),5,,,,16.39,33.93
津,季節別連帯率,秋(9-11月),6,,,,11.79,26.85
津,季節別連帯率,冬(12-2月),1,,,,72.61,81.14
津,季節別連帯率,冬(12-2月),2,,,,42.66,61.08
津,季節別連帯率,冬(12-2月),3,,,,32.85,53.77
津,季節別連帯率,冬(12-2月),4,,,,25.33,46.29
津,季節別連帯率,冬(12-2月),5,,,,17.79,35.28
津,季節別連帯率,冬(12-2月),6,,,,12.54,28.11
唐津,全体着率,-,1,52.11,19.05,9.62,,
唐津,全体着率,-,2,16.43,25.01,18.5,,
唐津,全体着率,-,3,13.37,21.65,20.7,,
唐津,全体着率,-,4,10.99,16.34,20.05,,
唐津,全体着率,-,5,5.81,12.09,17.9,,
唐津,全体着率,-,6,2.76,7.35,14.71,,
唐津,全体連帯率,-,1,,,,71.16,80.77
唐津,全体連帯率,-,2,,,,41.44,59.95
唐津,全体連帯率,-,3,,,,35.02,55.73
唐津,全体連帯率,-,4,,,,27.32,47.37
唐津,全体連帯率,-,5,,,,17.91,35.81
唐津,全体連帯率,-,6,,,,10.12,24.83
唐津,季節別着率,春(3-5月),1,52.11,19.21,9.65,,
唐津,季節別着率,春(3-5月),2,16.98,25.07,18.11,,
唐津,季節別着率,春(3-5月),3,13.29,21.52,21.62,,
唐津,季節別着率,春(3-5月),4,10.64,16.7,19.86,,
唐津,季節別着率,春(3-5月),5,5.67,11.85,17.87,,
唐津,季節別着率,春(3-5月),6,2.78,7.1,14.36,,
唐津,季節別着率,夏(6-8月),1,50.62,18.32,10.01,,
唐津,季節別着率,夏(6-8月),2,15.83,24.91,19.79,,
唐津,季節別着率,夏(6-8月),3,14.03,21.35,19.55,,
唐津,季節別着率,夏(6-8月),4,11.95,16.43,19.15,,
唐津,季節別着率,夏(6-8月),5,6.03,12.88,18.66,,
唐津,季節別着率,夏(6-8月),6,2.97,7.53,14.22,,
唐津,季節別着率,秋(9-11月),1,52.34,19.98,9.37,,
唐津,季節別着率,秋(9-11月),2,16.96,25.07,18.37,,
唐津,季節別着率,秋(9-11月),3,12.71,21.83,20.74,,
唐津,季節別着率,秋(9-11月),4,10.9,15.45,20.03,,
唐津,季節別着率,秋(9-11月),5,5.74,11.65,18.11,,
唐津,季節別着率,秋(9-11月),6,2.67,7.4,14.73,,
唐津,季節別着率,冬(12-2月),1,53.24,18.76,9.45,,
唐津,季節別着率,冬(12-2月),2,16.02,24.99,17.83,,
唐津,季節別着率,冬(12-2月),3,13.42,21.9,20.86,,
唐津,季節別着率,冬(12-2月),4,10.51,16.66,21.03,,
唐津,季節別着率,冬(12-2月),5,5.81,11.98,17.09,,
唐津,季節別着率,冬(12-2月),6,2.63,7.39,15.46,,
唐津,季節別連帯率,春(3-5月),1,,,,71.32,80.98
唐津,季節別連帯率,春(3-5月),2,,,,42.05,60.17
唐津,季節別連帯率,春(3-5月),3,,,,34.81,56.42
唐津,季節別連帯率,春(3-5月),4,,,,27.34,47.2
唐津,季節別連帯率,春(3-5月),5,,,,17.52,35.39
唐津,季節別連帯率,春(3-5月),6,,,,9.88,24.24
唐津,季節別連帯率,夏(6-8月),1,,,,68.95,78.96
唐津,季節別連帯率,夏(6-8月),2,,,,40.73,60.53
唐津,季節別連帯率,夏(6-8月),3,,,,35.37,54.92
唐津,季節別連帯率,夏(6-8月),4,,,,28.38,47.53
唐津,季節別連帯率,夏(6-8月),5,,,,18.92,37.57
唐津,季節別連帯率,夏(6-8月),6,,,,10.51,24.72
唐津,季節別連帯率,秋(9-11月),1,,,,72.32,81.69
唐津,季節別連帯率,秋(9-11月),2,,,,42.04,60.4
唐津,季節別連帯率,秋(9-11月),3,,,,34.54,55.28
唐津,季節別連帯率,秋(9-11月),4,,,,26.35,46.38
唐津,季節別連帯率,秋(9-11月),5,,,,17.39,35.51
唐津,季節別連帯率,秋(9-11月),6,,,,10.07,24.81
唐津,季節別連帯率,冬(12-2月),1,,,,72.0,81.45
唐津,季節別連帯率,冬(12-2月),2,,,,41.01,58.84
唐津,季節別連帯率,冬(12-2月),3,,,,35.31,56.18
唐津,季節別連帯率,冬(12-2月),4,,,,27.17,48.2
唐津,季節別連帯率,冬(12-2月),5,,,,17.79,34.88
唐津,季節別連帯率,冬(12-2月),6,,,,10.02,25.47
徳山,全体着率,-,1,61.93,16.33,7.56,,
徳山,全体着率,-,2,14.52,27.89,18.82,,
徳山,全体着率,-,3,9.6,21.09,21.38,,
徳山,全体着率,-,4,7.92,17.4,21.34,,
徳山,全体着率,-,5,4.57,11.1,17.66,,
徳山,全体着率,-,6,2.63,7.42,14.55,,
徳山,全体連帯率,-,1,,,,78.26,85.82
徳山,全体連帯率,-,2,,,,42.41,61.23
徳山,全体連帯率,-,3,,,,30.69,52.07
徳山,全体連帯率,-,4,,,,25.33,46.67
徳山,全体連帯率,-,5,,,,15.67,33.33
徳山,全体連帯率,-,6,,,,10.05,24.6
徳山,季節別着率,春(3-5月),1,62.3,16.76,7.37,,
徳山,季節別着率,春(3-5月),2,14.28,28.85,18.47,,
徳山,季節別着率,春(3-5月),3,9.67,21.06,21.6,,
徳山,季節別着率,春(3-5月),4,7.75,17.35,21.17,,
徳山,季節別着率,春(3-5月),5,4.53,10.49,17.89,,
徳山,季節別着率,春(3-5月),6,2.52,6.61,14.8,,
徳山,季節別着率,夏(6-8月),1,63.03,16.22,7.35,,
徳山,季節別着率,夏(6-8月),2,15.08,27.54,18.68,,
徳山,季節別着率,夏(6-8月),3,9.1,22.17,21.93,,
徳山,季節別着率,夏(6-8月),4,7.57,16.54,20.99,,
徳山,季節別着率,夏(6-8月),5,3.76,11.56,18.34,,
徳山,季節別着率,夏(6-8月),6,2.53,7.04,13.8,,
徳山,季節別着率,秋(9-11月),1,62.18,15.54,7.6,,
徳山,季節別着率,秋(9-11月),2,13.09,27.32,19.28,,
徳山,季節別着率,秋(9-11月),3,10.15,21.64,20.26,,
徳山,季節別着率,秋(9-11月),4,8.28,17.56,21.9,,
徳山,季節別着率,秋(9-11月),5,4.95,11.57,16.92,,
徳山,季節別着率,秋(9-11月),6,2.59,7.67,15.41,,
徳山,季節別着率,冬(12-2月),1,60.4,16.66,7.91,,
徳山,季節別着率,冬(12-2月),2,15.33,27.83,18.89,,
徳山,季節別着率,冬(12-2月),3,9.57,19.67,21.54,,
徳山,季節別着率,冬(12-2月),4,8.13,18.14,21.38,,
徳山,季節別着率,冬(12-2月),5,5.06,10.85,17.39,,
徳山,季節別着率,冬(12-2月),6,2.84,8.29,14.36,,
徳山,季節別連帯率,春(3-5月),1,,,,79.06,86.42
徳山,季節別連帯率,春(3-5月),2,,,,43.14,61.6
徳山,季節別連帯率,春(3-5月),3,,,,30.73,52.33
徳山,季節別連帯率,春(3-5月),4,,,,25.09,46.27
徳山,季節別連帯率,春(3-5月),5,,,,15.01,32.9
徳山,季節別連帯率,春(3-5月),6,,,,9.14,23.94
徳山,季節別連帯率,夏(6-8月),1,,,,79.25,86.6
徳山,季節別連帯率,夏(6-8月),2,,,,42.62,61.3
徳山,季節別連帯率,夏(6-8月),3,,,,31.27,53.2
徳山,季節別連帯率,夏(6-8月),4,,,,24.11,45.1
徳山,季節別連帯率,夏(6-8月),5,,,,15.31,33.66
徳山,季節別連帯率,夏(6-8月),6,,,,9.57,23.38
徳山,季節別連帯率,秋(9-11月),1,,,,77.72,85.32
徳山,季節別連帯率,秋(9-11月),2,,,,40.4,59.69
徳山,季節別連帯率,秋(9-11月),3,,,,31.78,52.04
徳山,季節別連帯率,秋(9-11月),4,,,,25.84,47.74
徳山,季節別連帯率,秋(9-11月),5,,,,16.52,33.44
徳山,季節別連帯率,秋(9-11月),6,,,,10.26,25.67
徳山,季節別連帯率,冬(12-2月),1,,,,77.06,84.96
徳山,季節別連帯率,冬(12-2月),2,,,,43.16,62.05
徳山,季節別連帯率,冬(12-2月),3,,,,29.24,50.79
徳山,季節別連帯率,冬(12-2月),4,,,,26.26,47.64
徳山,季節別連帯率,冬(12-2月),5,,,,15.9,33.3
徳山,季節別連帯率,冬(12-2月),6,,,,11.13,25.49
尼崎,全体着率,-,1,56.94,17.07,8.79,,
尼崎,全体着率,-,2,13.68,24.03,18.29,,
尼崎,全体着率,-,3,11.87,21.01,20.5,,
尼崎,全体着率,-,4,10.09,18.34,20.8,,
尼崎,全体着率,-,5,5.51,12.53,17.45,,
尼崎,全体着率,-,6,3.1,8.37,15.61,,
尼崎,全体連帯率,-,1,,,,74.01,82.8
尼崎,全体連帯率,-,2,,,,37.71,56.0
尼崎,全体連帯率,-,3,,,,32.88,53.38
尼崎,全体連帯率,-,4,,,,28.43,49.24
尼崎,全体連帯率,-,5,,,,18.04,35.49
尼崎,全体連帯率,-,6,,,,11.47,27.08
尼崎,季節別着率,春(3-5月),1,57.67,16.51,8.75,,
尼崎,季節別着率,春(3-5月),2,13.64,25.11,17.34,,
尼崎,季節別着率,春(3-5月),3,11.87,20.49,20.25,,
尼崎,季節別着率,春(3-5月),4,9.93,18.83,21.09,,
尼崎,季節別着率,春(3-5月),5,5.16,12.32,17.66,,
尼崎,季節別着率,春(3-5月),6,2.94,8.02,16.2,,
尼崎,季節別着率,夏(6-8月),1,56.36,16.65,9.11,,
尼崎,季節別着率,夏(6-8月),2,13.05,22.77,18.65,,
尼崎,季節別着率,夏(6-8月),3,12.19,21.38,19.88,,
尼崎,季節別着率,夏(6-8月),4,10.48,18.6,21.39,,
尼崎,季節別着率,夏(6-8月),5,5.64,13.23,17.08,,
尼崎,季節別着率,夏(6-8月),6,3.33,8.62,15.24,,
尼崎,季節別着率,秋(9-11月),1,57.45,17.51,8.24,,
尼崎,季節別着率,秋(9-11月),2,13.71,23.55,19.05,,
尼崎,季節別着率,秋(9-11月),3,11.72,21.73,20.6,,
尼崎,季節別着率,秋(9-11月),4,10.1,18.35,20.13,,
尼崎,季節別着率,秋(9-11月),5,5.39,11.63,17.64,,
尼崎,季節別着率,秋(9-11月),6,2.94,8.71,15.89,,
尼崎,季節別着率,冬(12-2月),1,56.45,17.75,8.89,,
尼崎,季節別着率,冬(12-2月),2,14.39,24.69,18.24,,
尼崎,季節別着率,冬(12-2月),3,11.63,20.57,21.35,,
尼崎,季節別着率,冬(12-2月),4,9.82,17.59,20.41,,
尼崎,季節別着率,冬(12-2月),5,5.8,12.67,17.48,,
尼崎,季節別着率,冬(12-2月),6,3.13,8.17,15.23,,
尼崎,季節別連帯率,春(3-5月),1,,,,74.18,82.92
尼崎,季節別連帯率,春(3-5月),2,,,,38.76,56.1
尼崎,季節別連帯率,春(3-5月),3,,,,32.36,52.61
尼崎,季節別連帯率,春(3-5月),4,,,,28.76,49.85
尼崎,季節別連帯率,春(3-5月),5,,,,17.48,35.15
尼崎,季節別連帯率,春(3-5月),6,,,,10.96,27.16
尼崎,季節別連帯率,夏(6-8月),1,,,,73.01,82.12
尼崎,季節別連帯率,夏(6-8月),2,,,,35.82,54.47
尼崎,季節別連帯率,夏(6-8月),3,,,,33.57,53.45
尼崎,季節別連帯率,夏(6-8月),4,,,,29.08,50.47
尼崎,季節別連帯率,夏(6-8月),5,,,,18.87,35.94
尼崎,季節別連帯率,夏(6-8月),6,,,,11.95,27.19
尼崎,季節別連帯率,秋(9-11月),1,,,,74.96,83.2
尼崎,季節別連帯率,秋(9-11月),2,,,,37.26,56.31
尼崎,季節別連帯率,秋(9-11月),3,,,,33.45,54.05
尼崎,季節別連帯率,秋(9-11月),4,,,,28.44,48.57
尼崎,季節別連帯率,秋(9-11月),5,,,,17.03,34.67
尼崎,季節別連帯率,秋(9-11月),6,,,,11.65,27.54
尼崎,季節別連帯率,冬(12-2月),1,,,,74.2,83.09
尼崎,季節別連帯率,冬(12-2月),2,,,,39.08,57.32
尼崎,季節別連帯率,冬(12-2月),3,,,,32.2,53.55
尼崎,季節別連帯率,冬(12-2月),4,,,,27.41,47.82
尼崎,季節別連帯率,冬(12-2月),5,,,,18.47,35.96
尼崎,季節別連帯率,冬(12-2月),6,,,,11.31,26.54
浜名湖,全体着率,-,1,49.78,18.49,9.82,,
浜名湖,全体着率,-,2,16.2,23.48,17.5,,
浜名湖,全体着率,-,3,13.76,19.84,19.48,,
浜名湖,全体着率,-,4,10.5,17.08,19.16,,
浜名湖,全体着率,-,5,6.9,12.94,18.15,,
浜名湖,全体着率,-,6,4.35,9.6,17.25,,
浜名湖,全体連帯率,-,1,,,,68.27,78.09
浜名湖,全体連帯率,-,2,,,,39.69,57.19
浜名湖,全体連帯率,-,3,,,,33.6,53.08
浜名湖,全体連帯率,-,4,,,,27.57,46.74
浜名湖,全体連帯率,-,5,,,,19.84,37.98
浜名湖,全体連帯率,-,6,,,,13.94,31.2
浜名湖,季節別着率,春(3-5月),1,49.08,19.35,9.91,,
浜名湖,季節別着率,春(3-5月),2,16.34,23.85,17.29,,
浜名湖,季節別着率,春(3-5月),3,13.96,19.66,19.94,,
浜名湖,季節別着率,春(3-5月),4,10.69,16.56,18.73,,
浜名湖,季節別着率,春(3-5月),5,7.25,12.53,18.78,,
浜名湖,季節別着率,春(3-5月),6,4.13,9.44,16.72,,
浜名湖,季節別着率,夏(6-8月),1,47.65,18.2,9.92,,
浜名湖,季節別着率,夏(6-8月),2,16.39,22.21,17.86,,
浜名湖,季節別着率,夏(6-8月),3,14.44,19.24,19.58,,
浜名湖,季節別着率,夏(6-8月),4,10.47,17.34,19.2,,
浜名湖,季節別着率,夏(6-8月),5,7.67,13.95,17.38,,
浜名湖,季節別着率,夏(6-8月),6,4.76,10.43,17.39,,
浜名湖,季節別着率,秋(9-11月),1,52.23,17.59,9.4,,
浜名湖,季節別着率,秋(9-11月),2,15.96,24.09,16.77,,
浜名湖,季節別着率,秋(9-11月),3,12.47,20.46,19.51,,
浜名湖,季節別着率,秋(9-11月),4,10.52,17.14,19.33,,
浜名湖,季節別着率,秋(9-11月),5,6.17,12.73,18.92,,
浜名湖,季節別着率,秋(9-11月),6,4.17,9.46,17.44,,
浜名湖,季節別着率,冬(12-2月),1,50.93,18.56,9.95,,
浜名湖,季節別着率,冬(12-2月),2,16.03,23.98,17.92,,
浜名湖,季節別着率,冬(12-2月),3,13.83,20.18,18.85,,
浜名湖,季節別着率,冬(12-2月),4,10.31,17.29,19.45,,
浜名湖,季節別着率,冬(12-2月),5,6.28,12.45,17.69,,
浜名湖,季節別着率,冬(12-2月),6,4.26,8.98,17.53,,
浜名湖,季節別連帯率,春(3-5月),1,,,,68.43,78.33
浜名湖,季節別連帯率,春(3-5月),2,,,,40.19,57.47
浜名湖,季節別連帯率,春(3-5月),3,,,,33.62,53.56
浜名湖,季節別連帯率,春(3-5月),4,,,,27.25,45.98
浜名湖,季節別連帯率,春(3-5月),5,,,,19.78,38.56
浜名湖,季節別連帯率,春(3-5月),6,,,,13.57,30.29
浜名湖,季節別連帯率,夏(6-8月),1,,,,65.86,75.78
浜名湖,季節別連帯率,夏(6-8月),2,,,,38.61,56.46
浜名湖,季節別連帯率,夏(6-8月),3,,,,33.68,53.26
浜名湖,季節別連帯率,夏(6-8月),4,,,,27.81,47.02
浜名湖,季節別連帯率,夏(6-8月),5,,,,21.61,38.99
浜名湖,季節別連帯率,夏(6-8月),6,,,,15.19,32.59
浜名湖,季節別連帯率,秋(9-11月),1,,,,69.83,79.22
浜名湖,季節別連帯率,秋(9-11月),2,,,,40.05,56.82
浜名湖,季節別連帯率,秋(9-11月),3,,,,32.93,52.43
浜名湖,季節別連帯率,秋(9-11月),4,,,,27.66,46.99
浜名湖,季節別連帯率,秋(9-11月),5,,,,18.9,37.83
浜名湖,季節別連帯率,秋(9-11月),6,,,,13.63,31.07
浜名湖,季節別連帯率,冬(12-2月),1,,,,69.49,79.44
浜名湖,季節別連帯率,冬(12-2月),2,,,,40.02,57.94
浜名湖,季節別連帯率,冬(12-2月),3,,,,34.0,52.85
浜名湖,季節別連帯率,冬(12-2月),4,,,,27.6,47.05
浜名湖,季節別連帯率,冬(12-2月),5,,,,18.73,36.43
浜名湖,季節別連帯率,冬(12-2月),6,,,,13.24,30.77
福岡,全体着率,-,1,50.67,18.49,10.44,,
福岡,全体着率,-,2,17.01,26.17,19.13,,
福岡,全体着率,-,3,15.7,21.67,19.3,,
福岡,全体着率,-,4,10.63,17.38,21.3,,
福岡,全体着率,-,5,4.77,11.16,17.38,,
福岡,全体着率,-,6,2.68,6.59,13.91,,
福岡,全体連帯率,-,1,,,,69.16,79.6
福岡,全体連帯率,-,2,,,,43.18,62.32
福岡,全体連帯率,-,3,,,,37.37,56.67
福岡,全体連帯率,-,4,,,,28.01,49.31
福岡,全体連帯率,-,5,,,,15.93,33.31
福岡,全体連帯率,-,6,,,,9.26,23.18
福岡,季節別着率,春(3-5月),1,50.01,18.69,10.55,,
福岡,季節別着率,春(3-5月),2,17.68,26.37,18.69,,
福岡,季節別着率,春(3-5月),3,15.88,21.88,19.04,,
福岡,季節別着率,春(3-5月),4,10.62,17.29,20.96,,
福岡,季節別着率,春(3-5月),5,4.6,10.83,17.98,,
福岡,季節別着率,春(3-5月),6,2.57,6.29,14.11,,
福岡,季節別着率,夏(6-8月),1,50.66,18.06,10.14,,
福岡,季節別着率,夏(6-8月),2,16.82,26.18,18.94,,
福岡,季節別着率,夏(6-8月),3,15.41,21.64,20.06,,
福岡,季節別着率,夏(6-8月),4,11.08,17.23,20.65,,
福岡,季節別着率,夏(6-8月),5,4.82,11.3,17.63,,
福岡,季節別着率,夏(6-8月),6,2.7,7.1,14.09,,
福岡,季節別着率,秋(9-11月),1,50.2,18.7,10.61,,
福岡,季節別着率,秋(9-11月),2,17.29,25.97,19.02,,
福岡,季節別着率,秋(9-11月),3,15.65,21.09,18.81,,
福岡,季節別着率,秋(9-11月),4,10.79,17.73,22.08,,
福岡,季節別着率,秋(9-11月),5,4.86,11.44,17.05,,
福岡,季節別着率,秋(9-11月),6,2.67,6.56,13.93,,
福岡,季節別着率,冬(12-2月),1,52.19,18.42,10.37,,
福岡,季節別着率,冬(12-2月),2,15.94,26.16,20.08,,
福岡,季節別着率,冬(12-2月),3,15.85,22.2,19.48,,
福岡,季節別着率,冬(12-2月),4,9.93,17.2,21.42,,
福岡,季節別着率,冬(12-2月),5,4.8,11.07,16.78,,
福岡,季節別着率,冬(12-2月),6,2.81,6.46,13.44,,
福岡,季節別連帯率,春(3-5月),1,,,,68.7,79.26
福岡,季節別連帯率,春(3-5月),2,,,,44.06,62.75
福岡,季節別連帯率,春(3-5月),3,,,,37.76,56.8
福岡,季節別連帯率,春(3-5月),4,,,,27.91,48.87
福岡,季節別連帯率,春(3-5月),5,,,,15.43,33.41
福岡,季節別連帯率,春(3-5月),6,,,,8.85,22.96
福岡,季節別連帯率,夏(6-8月),1,,,,68.72,78.85
福岡,季節別連帯率,夏(6-8月),2,,,,43.01,61.95
福岡,季節別連帯率,夏(6-8月),3,,,,37.05,57.12
福岡,季節別連帯率,夏(6-8月),4,,,,28.31,48.96
福岡,季節別連帯率,夏(6-8月),5,,,,16.12,33.75
福岡,季節別連帯率,夏(6-8月),6,,,,9.8,23.89
福岡,季節別連帯率,秋(9-11月),1,,,,68.91,79.52
福岡,季節別連帯率,秋(9-11月),2,,,,43.26,62.28
福岡,季節別連帯率,秋(9-11月),3,,,,36.73,55.54
福岡,季節別連帯率,秋(9-11月),4,,,,28.51,50.59
福岡,季節別連帯率,秋(9-11月),5,,,,16.3,33.35
福岡,季節別連帯率,秋(9-11月),6,,,,9.23,23.16
福岡,季節別連帯率,冬(12-2月),1,,,,70.61,80.98
福岡,季節別連帯率,冬(12-2月),2,,,,42.1,62.19
福岡,季節別連帯率,冬(12-2月),3,,,,38.05,57.53
福岡,季節別連帯率,冬(12-2月),4,,,,27.12,48.55
福岡,季節別連帯率,冬(12-2月),5,,,,15.87,32.65
福岡,季節別連帯率,冬(12-2月),6,,,,9.27,22.71
鳴門,全体着率,-,1,48.86,18.53,10.16,,
鳴門,全体着率,-,2,16.58,23.68,17.96,,
鳴門,全体着率,-,3,14.62,20.11,19.29,,
鳴門,全体着率,-,4,11.18,17.65,19.29,,
鳴門,全体着率,-,5,6.93,12.77,17.94,,
鳴門,全体着率,-,6,3.33,8.7,16.8,,
鳴門,全体連帯率,-,1,,,,67.4,77.56
鳴門,全体連帯率,-,2,,,,40.25,58.22
鳴門,全体連帯率,-,3,,,,34.74,54.03
鳴門,全体連帯率,-,4,,,,28.83,48.12
鳴門,全体連帯率,-,5,,,,19.7,37.64
鳴門,全体連帯率,-,6,,,,12.03,28.83
鳴門,季節別着率,春(3-5月),1,49.87,17.96,9.23,,
鳴門,季節別着率,春(3-5月),2,16.99,25.97,17.61,,
鳴門,季節別着率,春(3-5月),3,13.84,19.83,20.04,,
鳴門,季節別着率,春(3-5月),4,10.22,18.26,20.06,,
鳴門,季節別着率,春(3-5月),5,7.04,11.12,17.27,,
鳴門,季節別着率,春(3-5月),6,3.27,8.01,16.97,,
鳴門,季節別着率,夏(6-8月),1,50.14,17.9,9.59,,
鳴門,季節別着率,夏(6-8月),2,15.16,22.89,18.35,,
鳴門,季節別着率,夏(6-8月),3,14.28,19.91,19.57,,
鳴門,季節別着率,夏(6-8月),4,11.56,17.42,18.97,,
鳴門,季節別着率,夏(6-8月),5,6.91,13.91,17.37,,
鳴門,季節別着率,夏(6-8月),6,3.28,9.21,17.39,,
鳴門,季節別着率,秋(9-11月),1,49.5,17.45,10.33,,
鳴門,季節別着率,秋(9-11月),2,15.57,23.72,17.58,,
鳴門,季節別着率,秋(9-11月),3,14.97,20.2,19.38,,
鳴門,季節別着率,秋(9-11月),4,11.62,17.57,19.56,,
鳴門,季節別着率,秋(9-11月),5,6.68,13.53,18.63,,
鳴門,季節別着率,秋(9-11月),6,3.22,9.0,15.98,,
鳴門,季節別着率,冬(12-2月),1,46.24,20.6,11.33,,
鳴門,季節別着率,冬(12-2月),2,18.5,22.5,18.23,,
鳴門,季節別着率,冬(12-2月),3,15.29,20.46,18.33,,
鳴門,季節別着率,冬(12-2月),4,11.22,17.42,18.73,,
鳴門,季節別着率,冬(12-2月),5,7.08,12.35,18.41,,
鳴門,季節別着率,冬(12-2月),6,3.53,8.5,16.85,,
鳴門,季節別連帯率,春(3-5月),1,,,,67.83,77.07
鳴門,季節別連帯率,春(3-5月),2,,,,42.96,60.57
鳴門,季節別連帯率,春(3-5月),3,,,,33.67,53.71
鳴門,季節別連帯率,春(3-5月),4,,,,28.49,48.54
鳴門,季節別連帯率,春(3-5月),5,,,,18.16,35.43
鳴門,季節別連帯率,春(3-5月),6,,,,11.29,28.26
鳴門,季節別連帯率,夏(6-8月),1,,,,68.04,77.62
鳴門,季節別連帯率,夏(6-8月),2,,,,38.05,56.4
鳴門,季節別連帯率,夏(6-8月),3,,,,34.19,53.76
鳴門,季節別連帯率,夏(6-8月),4,,,,28.98,47.95
鳴門,季節別連帯率,夏(6-8月),5,,,,20.82,38.19
鳴門,季節別連帯率,夏(6-8月),6,,,,12.5,29.89
鳴門,季節別連帯率,秋(9-11月),1,,,,66.95,77.27
鳴門,季節別連帯率,秋(9-11月),2,,,,39.29,56.88
鳴門,季節別連帯率,秋(9-11月),3,,,,35.17,54.55
鳴門,季節別連帯率,秋(9-11月),4,,,,29.19,48.75
鳴門,季節別連帯率,秋(9-11月),5,,,,20.22,38.85
鳴門,季節別連帯率,秋(9-11月),6,,,,12.22,28.2
鳴門,季節別連帯率,冬(12-2月),1,,,,66.84,78.17
鳴門,季節別連帯率,冬(12-2月),2,,,,41.0,59.23
鳴門,季節別連帯率,冬(12-2月),3,,,,35.75,54.08
鳴門,季節別連帯率,冬(12-2月),4,,,,28.64,47.37
鳴門,季節別連帯率,冬(12-2月),5,,,,19.43,37.84
鳴門,季節別連帯率,冬(12-2月),6,,,,12.03,28.87
全場平均,全体着率,-,1,53.62,17.97,9.33,,
全場平均,全体着率,-,2,15.19,24.78,18.52,,
全場平均,全体着率,-,3,12.75,20.98,20.16,,
全場平均,全体着率,-,4,10.55,17.05,19.98,,
全場平均,全体着率,-,5,5.87,12.15,17.63,,
全場平均,全体着率,-,6,3.46,8.54,15.86,,
全場平均,全体連帯率,-,1,,,,71.6,80.92
全場平均,全体連帯率,-,2,,,,39.98,58.5
全場平均,全体連帯率,-,3,,,,33.73,53.89
全場平均,全体連帯率,-,4,,,,27.6,47.58
全場平均,全体連帯率,-,5,,,,18.02,35.65
全場平均,全体連帯率,-,6,,,,12.0,27.85
全場平均,季節別着率,春(3-5月),1,54.01,17.9,9.32,,
全場平均,季節別着率,春(3-5月),2,15.3,25.27,18.52,,
全場平均,季節別着率,春(3-5月),3,12.57,21.02,20.28,,
全場平均,季節別着率,春(3-5月),4,10.34,17.03,20.02,,
全場平均,季節別着率,春(3-5月),5,5.75,11.92,17.6,,
全場平均,季節別着率,春(3-5月),6,3.43,8.28,15.67,,
全場平均,季節別着率,夏(6-8月),1,52.93,17.82,9.44,,
全場平均,季節別着率,夏(6-8月),2,15.07,24.29,18.47,,
全場平均,季節別着率,夏(6-8月),3,12.84,20.93,19.92,,
全場平均,季節別着率,夏(6-8月),4,10.93,16.92,19.76,,
全場平均,季節別着率,夏(6-8月),5,6.04,12.69,17.74,,
全場平均,季節別着率,夏(6-8月),6,3.57,8.75,16.05,,
全場平均,季節別着率,秋(9-11月),1,53.96,17.95,9.21,,
全場平均,季節別着率,秋(9-11月),2,15.05,24.71,18.5,,
全場平均,季節別着率,秋(9-11月),3,12.74,21.08,20.15,,
全場平均,季節別着率,秋(9-11月),4,10.54,17.14,20.0,,
全場平均,季節別着率,秋(9-11月),5,5.81,12.11,17.68,,
全場平均,季節別着率,秋(9-11月),6,3.32,8.47,15.92,,
全場平均,季節別着率,冬(12-2月),1,53.66,18.21,9.32,,
全場平均,季節別着率,冬(12-2月),2,15.32,24.89,18.63,,
全場平均,季節別着率,冬(12-2月),3,12.83,20.9,20.29,,
全場平均,季節別着率,冬(12-2月),4,10.39,17.08,20.11,,
全場平均,季節別着率,冬(12-2月),5,5.88,11.88,17.49,,
全場平均,季節別着率,冬(12-2月),6,3.5,8.65,15.81,,
全場平均,季節別連帯率,春(3-5月),1,,,,71.9,81.22
全場平均,季節別連帯率,春(3-5月),2,,,,40.57,59.08
全場平均,季節別連帯率,春(3-5月),3,,,,33.59,53.87
全場平均,季節別連帯率,春(3-5月),4,,,,27.37,47.39
全場平均,季節別連帯率,春(3-5月),5,,,,17.67,35.26
全場平均,季節別連帯率,春(3-5月),6,,,,11.71,27.38
全場平均,季節別連帯率,夏(6-8月),1,,,,70.76,80.2
全場平均,季節別連帯率,夏(6-8月),2,,,,39.35,57.82
全場平均,季節別連帯率,夏(6-8月),3,,,,33.76,53.69
全場平均,季節別連帯率,夏(6-8月),4,,,,27.85,47.6
全場平均,季節別連帯率,夏(6-8月),5,,,,18.73,36.47
全場平均,季節別連帯率,夏(6-8月),6,,,,12.32,28.36
全場平均,季節別連帯率,秋(9-11月),1,,,,71.91,81.12
全場平均,季節別連帯率,秋(9-11月),2,,,,39.76,58.26
全場平均,季節別連帯率,秋(9-11月),3,,,,33.82,53.97
全場平均,季節別連帯率,秋(9-11月),4,,,,27.69,47.69
全場平均,季節別連帯率,秋(9-11月),5,,,,17.92,35.6
全場平均,季節別連帯率,秋(9-11月),6,,,,11.79,27.7
全場平均,季節別連帯率,冬(12-2月),1,,,,71.87,81.19
全場平均,季節別連帯率,冬(12-2月),2,,,,40.21,58.84
全場平均,季節別連帯率,冬(12-2月),3,,,,33.73,54.02
全場平均,季節別連帯率,冬(12-2月),4,,,,27.48,47.58
全場平均,季節別連帯率,冬(12-2月),5,,,,17.76,35.25
全場平均,季節別連帯率,冬(12-2月),6,,,,12.15,27.96
