開催日,日目,レース,天気,風向,風速,波高
2023-01-01,4,2,晴,南西,3,3
2023-01-01,4,3,晴,南西,3,3
2023-01-01,4,4,晴,南西,3,3
2023-01-01,4,5,晴,西,3,3
2023-01-01,4,6,晴,北西,4,4
2023-01-01,4,7,晴,北西,5,5
2023-01-01,4,8,晴,北西,4,4
2023-01-01,4,10,晴,北西,4,4
2023-01-01,4,11,晴,北西,5,5
2023-01-01,4,12,晴,北西,4,4
2023-01-03,1,1,晴,西,4,4
2023-01-03,1,2,晴,南西,3,3
2023-01-03,1,3,晴,南西,3,3
2023-01-03,1,5,晴,北西,4,4
2023-01-03,1,7,晴,北西,4,4
2023-01-03,1,8,晴,北西,5,5
2023-01-03,1,9,晴,北西,4,4
2023-01-03,1,10,晴,北西,5,5
2023-01-03,1,11,晴,北西,5,5
2023-01-03,1,12,晴,北西,4,4
2023-01-04,2,3,晴,西,5,5
2023-01-04,2,4,晴,北西,5,5
2023-01-04,2,5,晴,北西,5,5
2023-01-04,2,6,晴,北西,5,5
2023-01-04,2,7,晴,北西,4,4
2023-01-04,2,8,晴,北西,5,5
2023-01-04,2,9,晴,北西,7,7
2023-01-04,2,10,晴,北西,7,7
2023-01-04,2,11,晴,北西,7,7
2023-01-04,2,12,晴,北西,7,7
2023-01-05,3,1,晴,南西,3,3
2023-01-05,3,2,晴,南西,4,4
2023-01-05,3,3,晴,南西,4,4
2023-01-05,3,4,晴,南西,4,4
2023-01-05,3,5,晴,南西,4,4
2023-01-05,3,6,晴,南西,4,4
2023-01-05,3,7,晴,西,3,3
2023-01-05,3,8,晴,北西,4,4
2023-01-05,3,10,晴,北西,4,4
2023-01-05,3,11,晴,北西,4,4
2023-01-05,3,12,晴,北西,5,5
2023-01-06,4,1,晴,南西,3,3
2023-01-06,4,3,晴,南西,3,3
2023-01-06,4,4,晴,南西,3,3
2023-01-06,4,5,晴,南西,3,3
2023-01-06,4,6,晴,南西,2,2
2023-01-06,4,7,晴,南,2,2
2023-01-06,4,8,晴,南東,1,1
2023-01-06,4,9,晴,南東,1,1
2023-01-06,4,10,晴,南東,2,2
2023-01-06,4,11,晴,南東,2,2
2023-01-06,4,12,晴,南東,2,2
2023-01-07,5,1,晴,西,6,6
2023-01-07,5,3,晴,西,6,6
2023-01-07,5,4,晴,西,6,6
2023-01-07,5,5,曇り,西,6,6
2023-01-07,5,6,曇り,西,7,7
2023-01-07,5,7,曇り,西,6,6
2023-01-07,5,8,曇り,西,5,5
2023-01-07,5,9,曇り,西,6,6
2023-01-07,5,10,曇り,西,7,7
2023-01-07,5,11,曇り,西,7,7
2023-01-07,5,12,曇り,西,7,7
2023-01-08,6,1,晴,南西,3,3
2023-01-08,6,2,晴,南西,2,2
2023-01-08,6,3,晴,南西,2,2
2023-01-08,6,4,晴,南西,2,2
2023-01-08,6,5,晴,南西,2,2
2023-01-08,6,6,晴,南西,2,2
2023-01-08,6,7,晴,南西,1,1
2023-01-08,6,8,晴,南,1,1
2023-01-08,6,9,晴,南東,1,1
2023-01-08,6,10,晴,南東,1,1
2023-01-08,6,11,晴,南東,2,2
2023-01-08,6,12,晴,南東,1,1
2023-01-12,1,1,晴,北,2,2
2023-01-12,1,2,晴,北,2,2
2023-01-12,1,3,晴,北,1,1
2023-01-12,1,4,晴,北,1,1
2023-01-12,1,5,晴,北東,1,1
2023-01-12,1,6,晴,北東,1,1
2023-01-12,1,7,晴,北西,1,1
2023-01-12,1,8,晴,北東,1,1
2023-01-12,1,9,晴,北東,1,1
2023-01-12,1,10,晴,北,1,1
2023-01-12,1,11,晴,東,1,1
2023-01-12,1,12,晴,北,1,1
2023-01-13,2,1,雨,北,2,2
2023-01-13,2,2,雨,北,1,1
2023-01-13,2,3,雨,北,1,1
2023-01-13,2,4,雨,北,2,2
2023-01-13,2,5,雨,北,2,2
2023-01-13,2,6,雨,北,2,2
2023-01-13,2,7,雨,北,3,3
2023-01-13,2,8,雨,北東,2,2
2023-01-13,2,9,雨,北,2,2
2023-01-13,2,10,雨,北,3,3
2023-01-13,2,12,曇り,北,1,1
2023-01-14,3,1,曇り,西,1,1
2023-01-14,3,2,曇り,西,1,1
2023-01-14,3,3,曇り,北西,1,1
2023-01-14,3,4,曇り,北西,1,1
2023-01-14,3,5,曇り,北西,1,1
2023-01-14,3,6,曇り,西,1,1
2023-01-14,3,7,曇り,南西,1,1
2023-01-14,3,8,雨,西,1,1
2023-01-14,3,9,雨,南西,1,1
2023-01-14,3,10,雨,南西,1,1
2023-01-14,3,11,曇り,南,1,1
2023-01-14,3,12,曇り,南西,1,1
2023-01-15,4,1,曇り,北西,3,3
2023-01-15,4,2,曇り,北,2,2
2023-01-15,4,3,曇り,北西,1,1
2023-01-15,4,4,曇り,北西,1,1
2023-01-15,4,5,曇り,北西,1,1
2023-01-15,4,7,曇り,南,2,2
2023-01-15,4,8,曇り,南西,1,1
2023-01-15,4,10,雨,南西,1,1
2023-01-15,4,11,雨,南西,1,1
2023-01-15,4,12,曇り,南西,1,1
2023-01-16,5,1,曇り,北,3,3
2023-01-16,5,3,曇り,北,5,5
2023-01-16,5,4,曇り,北,6,6
2023-01-16,5,6,曇り,北,6,6
2023-01-16,5,7,曇り,北,7,7
2023-01-16,5,8,曇り,北,7,7
2023-01-16,5,9,曇り,北,6,6
2023-01-16,5,10,曇り,北,6,6
2023-01-16,5,11,曇り,北,5,5
2023-01-16,5,12,曇り,北,3,3
2023-01-17,6,1,晴,北,4,4
2023-01-17,6,2,晴,北,4,4
2023-01-17,6,3,晴,北,3,3
2023-01-17,6,4,晴,北東,3,3
2023-01-17,6,5,晴,東,2,2
2023-01-17,6,6,晴,東,1,1
2023-01-17,6,7,晴,東,2,2
2023-01-17,6,9,晴,南東,3,3
2023-01-17,6,10,晴,南東,2,2
2023-01-17,6,12,晴,東,1,1
2023-01-26,1,1,晴,南西,5,5
2023-01-26,1,2,晴,南西,5,5
2023-01-26,1,3,晴,南西,5,5
2023-01-26,1,4,晴,西,4,4
2023-01-26,1,5,晴,西,4,4
2023-01-26,1,6,晴,西,4,4
2023-01-26,1,7,晴,北西,3,3
2023-01-26,1,8,晴,北西,2,2
2023-01-26,1,9,晴,北西,2,2
2023-01-26,1,10,晴,北西,2,2
2023-01-26,1,12,晴,北西,2,2
2023-01-27,2,1,曇り,西,8,8
2023-01-27,2,2,曇り,西,9,9
2023-01-27,2,3,晴,北西,9,9
2023-01-27,2,4,晴,北西,9,9
2023-01-28,3,1,曇り,西,7,7
2023-01-28,3,2,雪,西,7,7
2023-01-28,3,3,曇り,南西,5,5
2023-01-28,3,4,曇り,北西,8,8
2023-01-28,3,5,曇り,北西,8,8
2023-01-28,3,6,曇り,北西,9,9
2023-01-28,3,7,晴,北西,8,8
2023-01-29,4,1,晴,西,4,4
2023-01-29,4,2,曇り,西,3,3
2023-01-29,4,3,曇り,北西,3,3
2023-01-29,4,4,晴,西,4,4
2023-01-29,4,5,晴,西,4,4
2023-01-29,4,6,晴,西,4,4
2023-01-29,4,7,晴,西,4,4
2023-01-29,4,8,晴,北西,5,5
2023-01-29,4,10,晴,北西,5,5
2023-01-29,4,11,晴,西,4,4
2023-01-29,4,12,晴,西,5,5
2023-01-30,5,1,晴,西,7,7
2023-01-30,5,2,晴,西,7,7
2023-01-30,5,3,晴,西,7,7
2023-01-30,5,5,晴,西,7,7
2023-01-30,5,6,晴,西,7,7
2023-01-30,5,7,晴,北西,7,7
2023-01-30,5,9,晴,北西,5,5
2023-01-30,5,10,晴,北西,5,5
2023-01-30,5,11,晴,北西,5,5
2023-01-30,5,12,晴,北西,5,5
2023-01-31,6,1,晴,西,3,3
2023-01-31,6,2,晴,西,3,3
2023-01-31,6,3,晴,西,3,3
2023-01-31,6,4,晴,南西,3,3
2023-01-31,6,5,晴,南西,3,3
2023-01-31,6,6,晴,南西,2,2
2023-01-31,6,8,晴,南,2,2
2023-01-31,6,9,晴,南,2,2
2023-01-31,6,10,晴,南東,2,2
2023-01-31,6,11,晴,南東,2,2
2023-01-31,6,12,晴,南東,2,2
2023-02-01,7,1,曇り,北東,2,2
2023-02-01,7,2,曇り,北東,1,1
2023-02-01,7,3,晴,北東,1,1
2023-02-01,7,4,晴,北東,1,1
2023-02-01,7,5,晴,北東,1,1
2023-02-01,7,6,晴,北東,1,1
2023-02-01,7,7,晴,南西,1,1
2023-02-01,7,8,晴,南西,1,1
2023-02-01,7,9,晴,南,1,1
2023-02-01,7,10,晴,南西,2,2
2023-02-01,7,11,晴,北西,2,2
2023-02-01,7,12,晴,北東,2,2
2023-02-02,8,1,曇り,西,2,2
2023-02-02,8,2,曇り,西,1,1
2023-02-02,8,3,曇り,南西,1,1
2023-02-02,8,4,曇り,西,1,1
2023-02-02,8,5,曇り,北西,2,2
2023-02-02,8,6,晴,北,2,2
2023-02-02,8,7,晴,北東,2,2
2023-02-02,8,8,晴,北東,2,2
2023-02-02,8,9,晴,東,1,1
2023-02-02,8,10,晴,東,1,1
2023-02-02,8,11,晴,東,1,1
2023-02-02,8,12,晴,南東,1,1
2023-02-10,1,1,雨,西,3,3
2023-02-10,1,2,雨,北西,3,3
2023-02-10,1,3,雨,北西,2,2
2023-02-10,1,4,雨,北西,1,1
2023-02-10,1,5,雨,南西,1,1
2023-02-10,1,6,雨,南,1,1
2023-02-10,1,7,雨,南西,1,1
2023-02-10,1,8,雨,南西,2,2
2023-02-10,1,9,雨,西,2,2
2023-02-10,1,10,曇り,南西,2,2
2023-02-10,1,11,曇り,南西,3,3
2023-02-10,1,12,曇り,南西,3,3
2023-02-11,2,1,曇り,北西,3,3
2023-02-11,2,2,曇り,北西,3,3
2023-02-11,2,3,曇り,北東,2,2
2023-02-11,2,4,曇り,東,2,2
2023-02-11,2,5,曇り,東,2,2
2023-02-11,2,6,曇り,東,3,3
2023-02-11,2,7,曇り,東,2,2
2023-02-11,2,8,曇り,東,2,2
2023-02-11,2,9,曇り,東,1,1
2023-02-11,2,10,曇り,北,1,1
2023-02-11,2,11,曇り,北,1,1
2023-02-11,2,12,曇り,北,1,1
2023-02-12,3,1,晴,北西,2,2
2023-02-12,3,2,晴,北,2,2
2023-02-12,3,4,曇り,北,2,2
2023-02-12,3,5,曇り,北,1,1
2023-02-12,3,6,曇り,北東,1,1
2023-02-12,3,7,曇り,北東,1,1
2023-02-12,3,9,曇り,北西,1,1
2023-02-12,3,10,曇り,北東,1,1
2023-02-12,3,11,曇り,北,1,1
2023-02-12,3,12,曇り,北東,1,1
2023-02-13,4,1,雨,西,1,1
2023-02-13,4,2,雨,西,2,2
2023-02-13,4,3,雨,北,3,3
2023-02-13,4,4,雨,北,3,3
2023-02-13,4,5,雨,北,2,2
2023-02-13,4,6,雨,北西,2,2
2023-02-13,4,7,雨,北西,2,2
2023-02-13,4,8,雨,北,2,2
2023-02-13,4,9,曇り,北,1,1
2023-02-13,4,10,曇り,北,4,4
2023-02-13,4,11,曇り,北,5,5
2023-02-13,4,12,曇り,北,4,4
2023-02-14,5,1,晴,西,4,4
2023-02-14,5,2,晴,西,4,4
2023-02-14,5,3,晴,西,4,4
2023-02-14,5,5,晴,北西,3,3
2023-02-14,5,6,晴,北西,4,4
2023-02-14,5,7,晴,北西,4,4
2023-02-14,5,8,晴,北西,4,4
2023-02-14,5,9,晴,北西,4,4
2023-02-14,5,10,晴,北西,3,3
2023-02-14,5,11,晴,北西,4,4
2023-02-14,5,12,晴,北西,3,3
2023-02-15,6,1,曇り,北西,5,5
2023-02-15,6,2,曇り,北西,5,5
2023-02-15,6,3,曇り,北西,5,5
2023-02-15,6,4,曇り,北西,5,5
2023-02-15,6,6,曇り,北,6,6
2023-02-15,6,7,曇り,北,5,5
2023-02-15,6,8,曇り,北,5,5
2023-02-15,6,9,曇り,北,6,6
2023-02-15,6,10,曇り,北,6,6
2023-02-15,6,11,曇り,北,5,5
2023-02-15,6,12,曇り,北,5,5
2023-02-20,1,1,晴,西,6,6
2023-02-20,1,2,晴,西,4,4
2023-02-20,1,3,晴,西,5,5
2023-02-20,1,4,晴,西,4,4
2023-02-20,1,5,晴,北西,5,5
2023-02-20,1,6,晴,北西,5,5
2023-02-20,1,7,晴,北西,6,6
2023-02-20,1,8,晴,北西,7,7
2023-02-20,1,9,晴,北西,8,8
2023-02-20,1,10,晴,北西,7,7
2023-02-20,1,11,晴,北西,7,7
2023-02-20,1,12,晴,北西,6,6
2023-02-21,2,2,曇り,北西,7,7
2023-02-21,2,3,晴,北,7,7
2023-02-21,2,4,晴,北,7,7
2023-02-21,2,5,晴,北,7,7
2023-02-21,2,6,晴,北,7,7
2023-02-21,2,7,晴,北,7,7
2023-02-21,2,8,晴,北,7,7
2023-02-21,2,9,晴,北,7,7
2023-02-21,2,10,晴,北,7,7
2023-02-21,2,11,晴,北,7,7
2023-02-21,2,12,晴,北,7,7
2023-02-22,3,1,晴,北,3,3
2023-02-22,3,2,晴,北,3,3
2023-02-22,3,3,晴,北,2,2
2023-02-22,3,4,晴,北西,2,2
2023-02-22,3,5,晴,北西,1,1
2023-02-22,3,6,晴,北東,1,1
2023-02-22,3,7,晴,南東,1,1
2023-02-22,3,8,晴,南東,1,1
2023-02-22,3,9,晴,南東,1,1
2023-02-22,3,10,晴,東,2,2
2023-02-22,3,11,晴,東,1,1
2023-02-22,3,12,晴,南東,1,1
2023-02-23,4,1,晴,北西,2,2
2023-02-23,4,2,晴,北西,1,1
2023-02-23,4,3,晴,西,1,1
2023-02-23,4,4,晴,西,1,1
2023-02-23,4,5,晴,南西,2,2
2023-02-23,4,6,晴,南,1,1
2023-02-23,4,7,晴,南西,2,2
2023-02-23,4,8,晴,北西,1,1
2023-02-23,4,10,晴,南西,1,1
2023-02-23,4,11,晴,北東,1,1
2023-02-23,4,12,晴,北東,1,1
2023-02-24,5,1,曇り,北西,1,1
2023-02-24,5,2,曇り,北西,1,1
2023-02-24,5,3,晴,南西,1,1
2023-02-24,5,4,晴,西,1,1
2023-02-24,5,5,晴,西,2,2
2023-02-24,5,6,晴,南西,1,1
2023-02-24,5,7,晴,西,1,1
2023-02-24,5,8,晴,南西,1,1
2023-02-24,5,10,曇り,南西,1,1
2023-02-24,5,11,曇り,北,2,2
2023-02-24,5,12,曇り,北,1,1
2023-02-25,6,1,晴,北,2,2
2023-02-25,6,2,晴,北,3,3
2023-02-25,6,3,晴,北,2,2
2023-02-25,6,4,晴,北,4,4
2023-02-25,6,5,晴,北,4,4
2023-02-25,6,6,曇り,北,4,4
2023-02-25,6,7,晴,北,4,4
2023-02-25,6,9,曇り,北,3,3
2023-02-25,6,10,曇り,北,5,5
2023-02-25,6,11,曇り,北,4,4
2023-02-25,6,12,曇り,北,3,3
2023-02-28,1,1,晴,南西,2,2
2023-02-28,1,2,晴,南西,2,2
2023-02-28,1,3,晴,南西,2,2
2023-02-28,1,4,晴,南西,2,2
2023-02-28,1,5,晴,南西,3,3
2023-02-28,1,6,晴,南西,3,3
2023-02-28,1,7,晴,南西,1,1
2023-02-28,1,8,晴,南,1,1
2023-02-28,1,9,晴,南東,2,2
2023-02-28,1,10,晴,南東,2,2
2023-02-28,1,11,晴,南東,2,2
2023-02-28,1,12,晴,南東,2,2
2023-03-01,2,1,晴,西,3,3
2023-03-01,2,2,晴,西,4,4
2023-03-01,2,3,晴,北,2,2
2023-03-01,2,5,晴,東,1,1
2023-03-01,2,6,晴,北東,1,1
2023-03-01,2,7,晴,東,1,1
2023-03-01,2,8,晴,南,2,2
2023-03-01,2,9,晴,南西,1,1
2023-03-01,2,10,晴,北西,2,2
2023-03-01,2,11,雨,南西,4,4
2023-03-01,2,12,雨,南西,4,4
2023-03-02,3,1,晴,北西,5,5
2023-03-02,3,2,晴,北西,4,4
2023-03-02,3,3,晴,北西,5,5
2023-03-02,3,4,晴,北西,5,5
2023-03-02,3,6,晴,北西,4,4
2023-03-02,3,7,晴,北西,5,5
2023-03-02,3,8,晴,北西,5,5
2023-03-02,3,9,晴,北西,4,4
2023-03-02,3,10,晴,北西,4,4
2023-03-02,3,11,晴,北西,4,4
2023-03-02,3,12,晴,北西,4,4
2023-03-03,4,2,晴,西,2,2
2023-03-03,4,3,晴,南西,2,2
2023-03-03,4,4,晴,西,2,2
2023-03-03,4,5,晴,西,2,2
2023-03-03,4,6,晴,西,2,2
2023-03-03,4,7,晴,南西,1,1
2023-03-03,4,8,晴,南西,2,2
2023-03-03,4,9,晴,南,2,2
2023-03-03,4,10,晴,南,1,1
2023-03-03,4,11,晴,南東,1,1
2023-03-03,4,12,晴,南東,1,1
2023-03-04,5,1,曇り,北西,1,1
2023-03-04,5,2,曇り,南東,2,2
2023-03-04,5,3,曇り,東,3,3
2023-03-04,5,4,晴,南東,3,3
2023-03-04,5,5,晴,東,2,2
2023-03-04,5,6,晴,北西,2,2
2023-03-04,5,7,晴,北西,2,2
2023-03-04,5,8,晴,北西,1,1
2023-03-04,5,9,晴,北西,1,1
2023-03-04,5,10,晴,北,2,2
2023-03-04,5,11,晴,北,1,1
2023-03-04,5,12,晴,北東,1,1
2023-03-05,6,1,晴,北西,2,2
2023-03-05,6,2,晴,北西,2,2
2023-03-05,6,3,晴,北西,2,2
2023-03-05,6,4,晴,北西,2,2
2023-03-05,6,5,晴,北西,2,2
2023-03-05,6,6,晴,北西,1,1
2023-03-05,6,7,晴,北西,1,1
2023-03-05,6,8,晴,北西,1,1
2023-03-05,6,9,晴,北,2,2
2023-03-05,6,10,晴,北,2,2
2023-03-05,6,11,晴,北東,1,1
2023-03-05,6,12,晴,東,1,1
2023-03-08,1,1,晴,北西,1,1
2023-03-08,1,2,晴,北西,1,1
2023-03-08,1,3,晴,南西,1,1
2023-03-08,1,4,晴,南東,1,1
2023-03-08,1,5,晴,西,1,1
2023-03-08,1,6,晴,北西,1,1
2023-03-08,1,7,晴,北,1,1
2023-03-08,1,8,晴,北,1,1
2023-03-08,1,9,晴,北東,1,1
2023-03-08,1,10,晴,南東,1,1
2023-03-08,1,11,晴,北東,1,1
2023-03-08,1,12,晴,南西,1,1
2023-03-09,2,1,曇り,北,1,1
2023-03-09,2,2,曇り,北,1,1
2023-03-09,2,3,曇り,北,1,1
2023-03-09,2,5,曇り,南西,1,1
2023-03-09,2,6,曇り,北東,1,1
2023-03-09,2,7,曇り,北東,1,1
2023-03-09,2,8,曇り,北東,1,1
2023-03-09,2,9,曇り,北,2,2
2023-03-09,2,10,曇り,東,1,1
2023-03-09,2,11,曇り,北東,1,1
2023-03-09,2,12,曇り,北東,1,1
2023-03-10,3,1,晴,北西,3,3
2023-03-10,3,2,晴,北西,3,3
2023-03-10,3,4,晴,西,1,1
2023-03-10,3,5,晴,北西,1,1
2023-03-10,3,6,晴,南西,1,1
2023-03-10,3,7,晴,北西,1,1
2023-03-10,3,8,晴,北西,1,1
2023-03-10,3,9,晴,北東,1,1
2023-03-10,3,10,晴,北東,1,1
2023-03-10,3,11,晴,北東,1,1
2023-03-10,3,12,晴,東,1,1
2023-03-11,4,1,晴,北西,1,1
2023-03-11,4,2,晴,北西,2,2
2023-03-11,4,3,晴,北西,1,1
2023-03-11,4,4,晴,北,1,1
2023-03-11,4,5,晴,北西,1,1
2023-03-11,4,6,晴,北西,1,1
2023-03-11,4,7,晴,北西,1,1
2023-03-11,4,8,晴,西,1,1
2023-03-11,4,9,晴,西,1,1
2023-03-11,4,10,晴,南西,1,1
2023-03-11,4,11,晴,北西,1,1
2023-03-11,4,12,晴,北,1,1
2023-04-14,1,1,曇り,西,1,1
2023-04-14,1,2,曇り,北西,1,1
2023-04-14,1,3,曇り,北西,1,1
2023-04-14,1,4,曇り,北西,1,1
2023-04-14,1,7,雨,北,1,1
2023-04-14,1,8,曇り,北,2,2
2023-04-14,1,10,雨,南西,1,1
2023-04-15,2,1,曇り,西,1,1
2023-04-15,2,2,曇り,西,2,2
2023-04-15,2,3,曇り,北,2,2
2023-04-15,2,4,曇り,東,1,1
2023-04-15,2,5,曇り,北,1,1
2023-04-15,2,6,曇り,北西,1,1
2023-04-15,2,7,曇り,西,1,1
2023-04-15,2,8,曇り,北西,2,2
2023-04-15,2,9,雨,西,1,1
2023-04-15,2,10,曇り,南,1,1
2023-04-15,2,11,雨,南西,2,2
2023-04-15,2,12,雨,南,2,2
2023-04-16,3,1,晴,西,3,3
2023-04-16,3,2,晴,西,3,3
2023-04-16,3,3,曇り,南西,3,3
2023-04-16,3,4,曇り,北西,5,5
2023-04-16,3,5,晴,南西,4,4
2023-04-16,3,6,晴,南西,3,3
2023-04-16,3,7,曇り,南西,2,2
2023-04-16,3,8,雨,北西,3,3
2023-04-16,3,9,雨,西,1,1
2023-04-16,3,10,曇り,南,3,3
2023-04-16,3,11,曇り,南西,3,3
2023-04-16,3,12,曇り,南,2,2
2023-04-17,4,1,晴,西,3,3
2023-04-17,4,2,晴,南西,3,3
2023-04-17,4,3,晴,西,3,3
2023-04-17,4,4,晴,西,3,3
2023-04-17,4,5,晴,西,2,2
2023-04-17,4,6,晴,西,2,2
2023-04-17,4,7,晴,南西,2,2
2023-04-17,4,8,晴,西,2,2
2023-04-17,4,9,晴,西,2,2
2023-04-17,4,10,晴,南西,2,2
2023-04-17,4,11,晴,南西,1,1
2023-04-17,4,12,晴,南西,1,1
2023-04-20,1,1,晴,北西,1,1
2023-04-20,1,2,晴,北西,3,3
2023-04-20,1,3,晴,北西,2,2
2023-04-20,1,4,晴,北西,2,2
2023-04-20,1,5,晴,北西,2,2
2023-04-20,1,6,晴,北西,1,1
2023-04-20,1,7,晴,北西,1,1
2023-04-20,1,8,晴,北,2,2
2023-04-20,1,9,晴,北,1,1
2023-04-20,1,10,晴,北東,1,1
2023-04-20,1,11,晴,北東,1,1
2023-04-20,1,12,晴,北東,1,1
2023-04-21,2,1,晴,西,3,3
2023-04-21,2,2,晴,北西,3,3
2023-04-21,2,3,晴,北東,2,2
2023-04-21,2,4,晴,北,4,4
2023-04-21,2,5,晴,北,6,6
2023-04-21,2,6,晴,北,6,6
2023-04-21,2,7,曇り,北,5,5
2023-04-21,2,8,曇り,北,4,4
2023-04-21,2,9,曇り,北,3,3
2023-04-21,2,10,曇り,北,3,3
2023-04-21,2,11,曇り,北,4,4
2023-04-21,2,12,曇り,北,3,3
2023-04-22,3,1,晴,北西,4,4
2023-04-22,3,2,晴,北,4,4
2023-04-22,3,3,晴,北,4,4
2023-04-22,3,4,晴,北,4,4
2023-04-22,3,5,晴,北,5,5
2023-04-22,3,6,晴,北,5,5
2023-04-22,3,7,晴,北,7,7
2023-04-22,3,8,晴,北,6,6
2023-04-22,3,9,晴,北,7,7
2023-04-22,3,10,晴,北,6,6
2023-04-22,3,11,晴,北,5,5
2023-04-22,3,12,晴,北,5,5
2023-04-23,4,1,晴,東,5,5
2023-04-23,4,2,晴,東,5,5
2023-04-23,4,3,晴,東,3,3
2023-04-23,4,4,晴,東,3,3
2023-04-23,4,5,晴,東,3,3
2023-04-23,4,6,曇り,東,4,4
2023-04-23,4,8,曇り,東,3,3
2023-04-23,4,9,曇り,東,4,4
2023-04-23,4,10,曇り,東,4,4
2023-04-23,4,11,曇り,東,4,4
2023-04-23,4,12,曇り,東,4,4
2023-04-24,5,1,曇り,東,3,3
2023-04-24,5,2,曇り,東,2,2
2023-04-24,5,3,曇り,東,2,2
2023-04-24,5,4,曇り,東,3,3
2023-04-24,5,5,曇り,東,2,2
2023-04-24,5,6,曇り,東,2,2
2023-04-24,5,7,曇り,東,2,2
2023-04-24,5,8,曇り,東,2,2
2023-04-24,5,9,曇り,東,2,2
2023-04-24,5,10,曇り,東,2,2
2023-04-24,5,11,曇り,東,2,2
2023-04-24,5,12,曇り,東,1,1
2023-04-25,6,2,雨,北東,2,2
2023-04-25,6,3,雨,北,1,1
2023-04-25,6,4,雨,北,1,1
2023-04-25,6,5,雨,北,2,2
2023-04-25,6,6,雨,北,1,1
2023-04-25,6,7,雨,北東,1,1
2023-04-25,6,8,雨,東,1,1
2023-04-25,6,9,雨,南,1,1
2023-04-25,6,10,雨,南,1,1
2023-04-25,6,11,雨,南東,1,1
2023-04-25,6,12,雨,南,1,1
2023-04-26,7,1,晴,南西,4,4
2023-04-26,7,2,晴,南西,4,4
2023-04-26,7,3,晴,南西,4,4
2023-04-26,7,4,晴,南西,4,4
2023-04-26,7,5,晴,南西,4,4
2023-04-26,7,6,晴,南西,4,4
2023-04-26,7,7,晴,南西,4,4
2023-04-26,7,8,晴,南西,4,4
2023-04-26,7,9,晴,西,3,3
2023-04-26,7,10,晴,西,3,3
2023-04-26,7,11,晴,北西,4,4
2023-04-26,7,12,晴,北西,3,3
2023-04-28,1,1,晴,北西,3,3
2023-04-28,1,2,晴,北西,4,4
2023-04-28,1,4,晴,北,4,4
2023-04-28,1,5,晴,北,3,3
2023-04-28,1,6,晴,北,2,2
2023-04-28,1,7,晴,北,1,1
2023-04-28,1,8,晴,西,1,1
2023-04-28,1,9,晴,西,2,2
2023-04-28,1,10,晴,南西,2,2
2023-04-28,1,11,晴,南西,2,2
2023-04-28,1,12,晴,南西,1,1
2023-04-29,2,1,雨,北,3,3
2023-04-29,2,2,雨,北,3,3
2023-04-29,2,3,雨,北東,2,2
2023-04-29,2,4,雨,北東,2,2
2023-04-29,2,5,雨,北東,2,2
2023-04-29,2,6,雨,南東,1,1
2023-04-29,2,7,雨,南東,2,2
2023-04-29,2,9,雨,南東,2,2
2023-04-29,2,10,雨,北,1,1
2023-04-29,2,11,曇り,西,1,1
2023-04-29,2,12,曇り,北,1,1
2023-04-30,3,1,晴,南西,4,4
2023-04-30,3,2,晴,南西,4,4
2023-04-30,3,3,晴,南西,4,4
2023-04-30,3,4,晴,南西,4,4
2023-04-30,3,5,晴,南西,3,3
2023-04-30,3,6,晴,南西,3,3
2023-04-30,3,7,晴,南西,3,3
2023-04-30,3,8,晴,西,2,2
2023-04-30,3,9,晴,南西,1,1
2023-04-30,3,10,晴,西,1,1
2023-04-30,3,11,晴,南西,1,1
2023-04-30,3,12,晴,南東,1,1
2023-05-01,4,1,晴,南西,4,4
2023-05-01,4,2,晴,南西,4,4
2023-05-01,4,3,晴,南西,4,4
2023-05-01,4,4,晴,南西,4,4
2023-05-01,4,5,晴,西,4,4
2023-05-01,4,6,晴,西,5,5
2023-05-01,4,7,晴,北西,5,5
2023-05-01,4,8,晴,北西,5,5
2023-05-01,4,9,晴,北西,4,4
2023-05-01,4,11,晴,北西,3,3
2023-05-01,4,12,晴,北,3,3
2023-05-03,1,1,晴,北西,5,5
2023-05-03,1,2,晴,北西,5,5
2023-05-03,1,3,晴,北,3,3
2023-05-03,1,4,晴,北,2,2
2023-05-03,1,6,晴,北,2,2
2023-05-03,1,7,晴,南,1,1
2023-05-03,1,8,曇り,南西,1,1
2023-05-03,1,9,晴,西,1,1
2023-05-03,1,10,晴,北,1,1
2023-05-03,1,11,晴,北,1,1
2023-05-03,1,12,晴,北西,2,2
2023-05-04,2,1,晴,北,3,3
2023-05-04,2,2,晴,北,3,3
2023-05-04,2,3,晴,北,2,2
2023-05-04,2,4,晴,北,2,2
2023-05-04,2,5,晴,北,1,1
2023-05-04,2,6,晴,北,2,2
2023-05-04,2,7,晴,北東,2,2
2023-05-04,2,8,晴,南東,2,2
2023-05-04,2,9,晴,南東,2,2
2023-05-04,2,10,晴,北西,2,2
2023-05-04,2,11,晴,南東,1,1
2023-05-04,2,12,晴,南,3,3
2023-05-05,3,1,晴,北,4,4
2023-05-05,3,2,晴,北,4,4
2023-05-05,3,3,晴,北,3,3
2023-05-05,3,4,晴,北,3,3
2023-05-05,3,5,曇り,北西,3,3
2023-05-05,3,6,曇り,北西,2,2
2023-05-05,3,7,曇り,南,5,5
2023-05-05,3,8,曇り,南,5,5
2023-05-05,3,9,曇り,南,4,4
2023-05-05,3,10,曇り,南,5,5
2023-05-05,3,11,曇り,南,4,4
2023-05-05,3,12,曇り,南,3,3
2023-05-06,4,1,雨,南西,3,3
2023-05-06,4,2,雨,西,2,2
2023-05-06,4,3,雨,南,3,3
2023-05-06,4,6,雨,南,2,2
2023-05-06,4,7,曇り,南東,2,2
2023-05-06,4,9,曇り,北東,1,1
2023-05-06,4,11,雨,北,2,2
2023-05-06,4,12,雨,北,5,5
2023-05-07,5,1,雨,北西,1,1
2023-05-07,5,2,雨,北西,1,1
2023-05-07,5,3,雨,北西,2,2
2023-05-07,5,4,雨,北,2,2
2023-05-07,5,5,雨,北西,2,2
2023-05-07,5,7,雨,北,3,3
2023-05-07,5,8,雨,北,3,3
2023-05-07,5,9,雨,北,3,3
2023-05-07,5,10,雨,北,4,4
2023-05-07,5,11,雨,北東,3,3
2023-05-07,5,12,雨,北,3,3
2023-06-10,1,1,曇り,北,3,3
2023-06-10,1,2,曇り,北,3,3
2023-06-10,1,3,曇り,北,2,2
2023-06-10,1,4,曇り,北,3,3
2023-06-10,1,5,曇り,北東,3,3
2023-06-10,1,6,曇り,北東,1,1
2023-06-10,1,7,曇り,北,1,1
2023-06-10,1,9,曇り,北,1,1
2023-06-10,1,10,曇り,北,4,4
2023-06-10,1,12,曇り,北,3,3
2023-06-11,2,2,曇り,北,4,4
2023-06-11,2,3,曇り,北,4,4
2023-06-11,2,4,曇り,北,3,3
2023-06-11,2,5,曇り,北,3,3
2023-06-11,2,6,曇り,北,3,3
2023-06-11,2,7,晴,北,1,1
2023-06-11,2,8,晴,北,1,1
2023-06-11,2,9,晴,北,2,2
2023-06-11,2,10,晴,北,1,1
2023-06-11,2,11,晴,北,2,2
2023-06-11,2,12,晴,北,1,1
2023-06-12,3,1,曇り,北,3,3
2023-06-12,3,2,曇り,北,3,3
2023-06-12,3,3,曇り,北,2,2
2023-06-12,3,4,曇り,北,3,3
2023-06-12,3,5,曇り,北,2,2
2023-06-12,3,7,曇り,北東,2,2
2023-06-12,3,8,曇り,北,2,2
2023-06-12,3,10,曇り,北東,2,2
2023-06-12,3,11,曇り,北,2,2
2023-06-13,4,1,晴,南西,3,3
2023-06-13,4,2,晴,西,3,3
2023-06-13,4,3,曇り,南西,1,1
2023-06-13,4,4,曇り,西,2,2
2023-06-13,4,5,曇り,西,3,3
2023-06-13,4,6,曇り,西,2,2
2023-06-13,4,7,晴,南西,1,1
2023-06-13,4,8,晴,西,1,1
2023-06-13,4,9,晴,南,1,1
2023-06-13,4,10,曇り,南西,1,1
2023-06-13,4,11,曇り,北東,2,2
2023-06-13,4,12,曇り,北,1,1
2023-06-14,5,1,曇り,西,1,1
2023-06-14,5,2,曇り,西,1,1
2023-06-14,5,3,雨,南西,2,2
2023-06-14,5,4,雨,南,1,1
2023-06-14,5,5,晴,南,3,3
2023-06-14,5,6,曇り,南,2,2
2023-06-14,5,7,曇り,南西,2,2
2023-06-14,5,8,曇り,西,2,2
2023-06-14,5,9,曇り,北西,3,3
2023-06-14,5,10,曇り,北西,1,1
2023-06-14,5,11,曇り,南西,1,1
2023-06-15,6,1,晴,西,4,4
2023-06-15,6,2,晴,南西,4,4
2023-06-15,6,3,晴,南西,3,3
2023-06-15,6,4,晴,南西,3,3
2023-06-15,6,5,晴,西,2,2
2023-06-15,6,6,晴,西,2,2
2023-06-15,6,8,晴,南西,3,3
2023-06-15,6,9,晴,南西,4,4
2023-06-15,6,10,晴,北西,4,4
2023-06-15,6,11,雨,西,3,3
2023-06-15,6,12,曇り,西,1,1
2023-06-17,1,1,晴,西,3,3
2023-06-17,1,2,晴,西,3,3
2023-06-17,1,3,晴,西,3,3
2023-06-17,1,4,晴,西,3,3
2023-06-17,1,5,晴,南西,2,2
2023-06-17,1,6,晴,西,1,1
2023-06-17,1,7,晴,南西,1,1
2023-06-17,1,8,晴,南西,2,2
2023-06-17,1,9,晴,南西,2,2
2023-06-17,1,10,晴,南西,1,1
2023-06-17,1,11,晴,南,1,1
2023-06-17,1,12,晴,南西,1,1
2023-06-18,2,1,曇り,西,2,2
2023-06-18,2,2,晴,西,3,3
2023-06-18,2,3,晴,南西,2,2
2023-06-18,2,4,晴,南西,2,2
2023-06-18,2,5,晴,南西,2,2
2023-06-18,2,6,晴,西,2,2
2023-06-18,2,7,晴,西,2,2
2023-06-18,2,9,晴,西,2,2
2023-06-18,2,10,晴,西,2,2
2023-06-18,2,11,晴,西,3,3
2023-06-18,2,12,晴,西,1,1
2023-06-19,3,1,晴,北西,3,3
2023-06-19,3,2,晴,北西,2,2
2023-06-19,3,3,晴,北西,3,3
2023-06-19,3,4,晴,北西,2,2
2023-06-19,3,5,晴,北西,2,2
2023-06-19,3,6,晴,北西,2,2
2023-06-19,3,7,晴,北西,2,2
2023-06-19,3,8,晴,北西,2,2
2023-06-19,3,9,晴,北東,2,2
2023-06-19,3,10,晴,北東,3,3
2023-06-19,3,11,晴,北東,4,4
2023-06-19,3,12,晴,北東,4,4
2023-06-20,4,1,晴,北西,3,3
2023-06-20,4,2,晴,北西,3,3
2023-06-20,4,3,晴,北,4,4
2023-06-20,4,4,晴,北,4,4
2023-06-20,4,5,晴,北,4,4
2023-06-20,4,6,晴,北,4,4
2023-06-20,4,7,晴,北,3,3
2023-06-20,4,8,晴,北,4,4
2023-06-20,4,9,晴,北,3,3
2023-06-20,4,10,晴,北,3,3
2023-06-20,4,11,晴,北,2,2
2023-06-20,4,12,晴,西,1,1
2023-06-21,5,1,雨,北,2,2
2023-06-21,5,2,雨,北東,1,1
2023-06-21,5,3,曇り,南東,1,1
2023-06-21,5,4,曇り,東,1,1
2023-06-21,5,5,曇り,東,2,2
2023-06-21,5,6,曇り,南東,2,2
2023-06-21,5,7,曇り,東,2,2
2023-06-21,5,8,晴,東,2,2
2023-06-21,5,9,晴,南東,1,1
2023-06-21,5,10,晴,北東,1,1
2023-06-21,5,11,晴,東,1,1
2023-06-21,5,12,晴,東,1,1
2023-06-23,1,1,晴,南西,3,3
2023-06-23,1,2,晴,西,4,4
2023-06-23,1,3,晴,南西,3,3
2023-06-23,1,4,曇り,南西,4,4
2023-06-23,1,6,曇り,南西,4,4
2023-06-23,1,7,晴,南西,4,4
2023-06-23,1,8,晴,南西,4,4
2023-06-23,1,9,晴,南西,4,4
2023-06-23,1,10,晴,南西,4,4
2023-06-23,1,11,晴,南西,3,3
2023-06-23,1,12,晴,南西,3,3
2023-06-24,2,1,曇り,北西,2,2
2023-06-24,2,2,曇り,北西,2,2
2023-06-24,2,3,晴,北西,2,2
2023-06-24,2,4,晴,北西,2,2
2023-06-24,2,5,晴,北西,2,2
2023-06-24,2,6,晴,北西,2,2
2023-06-24,2,7,晴,北西,2,2
2023-06-24,2,8,晴,西,2,2
2023-06-24,2,9,晴,西,2,2
2023-06-24,2,10,晴,南西,1,1
2023-06-24,2,11,晴,南西,1,1
2023-06-24,2,12,晴,北西,1,1
2023-06-25,3,1,晴,北西,2,2
2023-06-25,3,2,晴,北西,2,2
2023-06-25,3,3,晴,南西,2,2
2023-06-25,3,4,晴,南西,2,2
2023-06-25,3,5,晴,西,2,2
2023-06-25,3,6,曇り,西,1,1
2023-06-25,3,7,晴,北西,1,1
2023-06-25,3,8,曇り,南西,1,1
2023-06-25,3,9,曇り,北,1,1
2023-06-25,3,10,晴,北,2,2
2023-06-25,3,11,晴,北西,1,1
2023-06-25,3,12,晴,南西,1,1
2023-06-26,4,1,晴,北,3,3
2023-06-26,4,3,曇り,北,3,3
2023-06-26,4,4,曇り,北,3,3
2023-06-26,4,5,曇り,北,3,3
2023-06-26,4,7,曇り,北,3,3
2023-06-26,4,8,曇り,北,2,2
2023-06-26,4,9,曇り,北,3,3
2023-06-26,4,10,曇り,北,2,2
2023-06-26,4,11,曇り,北,2,2
2023-06-26,4,12,曇り,北,2,2
2023-06-27,5,1,晴,南西,3,3
2023-06-27,5,2,晴,西,3,3
2023-06-27,5,3,曇り,南西,3,3
2023-06-27,5,4,曇り,南西,3,3
2023-06-27,5,5,曇り,南西,3,3
2023-06-27,5,6,曇り,南西,3,3
2023-06-27,5,7,晴,西,2,2
2023-06-27,5,8,晴,西,2,2
2023-06-27,5,9,晴,北西,1,1
2023-06-27,5,10,晴,北,1,1
2023-06-27,5,11,晴,南西,1,1
2023-06-27,5,12,晴,南西,1,1
2023-06-28,6,1,晴,南西,3,3
2023-06-28,6,2,晴,南西,2,2
2023-06-28,6,4,晴,西,1,1
2023-06-28,6,5,晴,北西,2,2
2023-06-28,6,6,晴,北西,2,2
2023-06-28,6,7,晴,西,2,2
2023-06-28,6,8,晴,西,2,2
2023-06-28,6,10,晴,南,1,1
2023-06-28,6,11,晴,南西,3,3
2023-06-28,6,12,晴,南,1,1
2023-08-01,1,1,晴,北,5,5
2023-08-01,1,2,晴,北,5,5
2023-08-01,1,3,晴,北,4,4
2023-08-01,1,4,晴,北,3,3
2023-08-01,1,5,晴,北,3,3
2023-08-01,1,6,晴,北,3,3
2023-08-01,1,7,晴,北,3,3
2023-08-01,1,8,晴,北東,2,2
2023-08-01,1,9,晴,北東,2,2
2023-08-01,1,10,晴,北東,2,2
2023-08-01,1,11,晴,北東,2,2
2023-08-01,1,12,晴,北,2,2
2023-08-02,2,2,晴,北東,3,3
2023-08-02,2,3,晴,北東,2,2
2023-08-02,2,4,晴,北東,2,2
2023-08-02,2,5,晴,北東,3,3
2023-08-02,2,6,晴,北東,3,3
2023-08-02,2,7,晴,北東,2,2
2023-08-02,2,8,曇り,北東,2,2
2023-08-02,2,9,雨,西,4,4
2023-08-02,2,10,曇り,南西,1,1
2023-08-02,2,11,曇り,北,1,1
2023-08-02,2,12,曇り,北西,1,1
2023-08-03,3,1,晴,北,5,5
2023-08-03,3,2,晴,北,4,4
2023-08-03,3,4,曇り,南,4,4
2023-08-03,3,5,雨,西,6,6
2023-08-03,3,6,雨,北東,1,1
2023-08-03,3,9,晴,北西,2,2
2023-08-03,3,10,晴,北,1,1
2023-08-03,3,11,晴,北東,1,1
2023-08-03,3,12,晴,北東,1,1
2023-08-04,4,1,晴,北,4,4
2023-08-04,4,2,晴,北,4,4
2023-08-04,4,3,晴,北,4,4
2023-08-04,4,4,晴,北,4,4
2023-08-04,4,5,晴,北,3,3
2023-08-04,4,6,晴,北,3,3
2023-08-04,4,7,晴,北,3,3
2023-08-04,4,8,晴,北,3,3
2023-08-04,4,9,晴,北,2,2
2023-08-04,4,11,晴,北東,2,2
2023-08-04,4,12,晴,北東,2,2
2023-08-05,5,1,晴,北,1,1
2023-08-05,5,2,晴,北,1,1
2023-08-05,5,3,晴,南,1,1
2023-08-05,5,5,晴,南西,2,2
2023-08-05,5,6,晴,北西,2,2
2023-08-05,5,7,晴,北,1,1
2023-08-05,5,8,晴,北,2,2
2023-08-05,5,9,晴,北,1,1
2023-08-05,5,11,晴,北,3,3
2023-08-05,5,12,晴,北東,3,3
2023-08-06,6,1,晴,東,6,6
2023-08-06,6,2,晴,東,5,5
2023-08-06,6,3,晴,東,6,6
2023-08-06,6,4,晴,東,5,5
2023-08-06,6,5,晴,東,6,6
2023-08-06,6,6,晴,東,5,5
2023-08-06,6,7,晴,東,4,4
2023-08-06,6,8,晴,東,4,4
2023-08-06,6,10,晴,東,3,3
2023-08-06,6,11,晴,東,3,3
2023-08-06,6,12,晴,東,5,5
2023-08-07,7,1,雨,北東,2,2
2023-08-07,7,2,雨,北東,2,2
2023-08-07,7,3,曇り,北東,2,2
2023-08-07,7,4,曇り,北東,2,2
2023-08-07,7,5,曇り,北東,2,2
2023-08-07,7,6,曇り,北東,3,3
2023-08-07,7,7,曇り,東,4,4
2023-08-07,7,9,晴,東,3,3
2023-08-07,7,10,晴,東,2,2
2023-08-07,7,11,晴,東,3,3
2023-08-07,7,12,晴,東,2,2
2023-08-10,1,1,曇り,東,5,5
2023-08-10,1,2,曇り,東,6,6
2023-08-10,1,3,晴,東,5,5
2023-08-10,1,4,晴,東,5,5
2023-08-10,1,5,晴,南東,4,4
2023-08-10,1,6,晴,東,5,5
2023-08-10,1,7,晴,東,4,4
2023-08-10,1,8,晴,東,4,4
2023-08-10,1,9,晴,東,4,4
2023-08-10,1,10,晴,東,4,4
2023-08-10,1,11,晴,東,5,5
2023-08-10,1,12,晴,東,4,4
2023-08-11,2,1,曇り,西,3,3
2023-08-11,2,2,晴,北西,3,3
2023-08-11,2,3,晴,南西,1,1
2023-08-11,2,4,晴,西,4,4
2023-08-11,2,5,晴,南西,3,3
2023-08-11,2,6,晴,南西,3,3
2023-08-11,2,7,晴,南西,2,2
2023-08-11,2,8,晴,北西,4,4
2023-08-11,2,10,晴,南西,3,3
2023-08-11,2,11,晴,南,1,1
2023-08-11,2,12,晴,北西,1,1
2023-08-12,3,1,晴,北西,4,4
2023-08-12,3,2,晴,西,4,4
2023-08-12,3,3,晴,西,4,4
2023-08-12,3,4,晴,北西,3,3
2023-08-12,3,6,晴,北西,3,3
2023-08-12,3,7,晴,西,2,2
2023-08-12,3,8,晴,南西,2,2
2023-08-12,3,9,晴,北西,2,2
2023-08-12,3,10,晴,西,1,1
2023-08-12,3,11,晴,南,2,2
2023-08-12,3,12,晴,南西,1,1
2023-08-13,4,1,晴,北西,3,3
2023-08-13,4,3,晴,北西,2,2
2023-08-13,4,4,晴,北西,2,2
2023-08-13,4,5,晴,北西,2,2
2023-08-13,4,6,晴,南西,2,2
2023-08-13,4,7,晴,南西,2,2
2023-08-13,4,8,晴,南西,2,2
2023-08-13,4,9,晴,北西,3,3
2023-08-13,4,10,晴,北西,1,1
2023-08-13,4,11,晴,北西,1,1
2023-08-13,4,12,晴,南西,1,1
2023-08-14,5,1,曇り,南西,3,3
2023-08-14,5,2,曇り,南西,3,3
2023-08-14,5,3,曇り,南西,3,3
2023-08-14,5,4,曇り,南西,3,3
2023-08-14,5,5,曇り,西,2,2
2023-08-14,5,6,曇り,南西,3,3
2023-08-14,5,7,雨,南西,3,3
2023-08-14,5,8,曇り,南西,3,3
2023-08-14,5,9,曇り,南西,3,3
2023-08-14,5,11,雨,南西,3,3
2023-08-14,5,12,曇り,西,3,3
2023-08-16,6,1,晴,北西,2,2
2023-08-16,6,2,晴,北西,2,2
2023-08-16,6,3,晴,北西,2,2
2023-08-16,6,4,晴,北西,2,2
2023-08-16,6,5,晴,北西,1,1
2023-08-16,6,6,晴,北西,1,1
2023-08-16,6,7,晴,西,1,1
2023-08-16,6,8,晴,西,1,1
2023-08-16,6,9,晴,西,1,1
2023-08-16,6,10,晴,西,1,1
2023-08-16,6,11,晴,北,2,2
2023-08-16,6,12,晴,北東,1,1
2023-09-25,1,1,曇り,北,4,4
2023-09-25,1,2,晴,東,3,3
2023-09-25,1,3,晴,北,3,3
2023-09-25,1,4,晴,北,4,4
2023-09-25,1,5,晴,北,3,3
2023-09-25,1,6,晴,北東,3,3
2023-09-25,1,7,晴,北東,2,2
2023-09-25,1,8,晴,北東,2,2
2023-09-25,1,9,晴,東,1,1
2023-09-25,1,10,晴,南東,1,1
2023-09-25,1,12,晴,南,1,1
2023-09-26,2,1,晴,北西,1,1
2023-09-26,2,2,晴,北西,2,2
2023-09-26,2,4,晴,北西,1,1
2023-09-26,2,5,晴,南西,1,1
2023-09-26,2,6,晴,南西,2,2
2023-09-26,2,7,晴,南西,2,2
2023-09-26,2,8,晴,南西,1,1
2023-09-26,2,9,晴,南西,1,1
2023-09-26,2,10,晴,南,1,1
2023-09-26,2,11,晴,南,1,1
2023-09-26,2,12,晴,南,1,1
2023-09-27,3,1,晴,南西,3,3
2023-09-27,3,2,晴,南西,3,3
2023-09-27,3,3,晴,南西,3,3
2023-09-27,3,4,晴,南西,3,3
2023-09-27,3,5,晴,南西,3,3
2023-09-27,3,6,曇り,南西,3,3
2023-09-27,3,7,晴,南西,4,4
2023-09-27,3,8,晴,南西,3,3
2023-09-27,3,9,晴,南,2,2
2023-09-27,3,10,晴,南西,2,2
2023-09-27,3,11,晴,西,3,3
2023-09-27,3,12,晴,南西,2,2
2023-09-28,4,1,曇り,西,4,4
2023-09-28,4,2,曇り,西,4,4
2023-09-28,4,3,曇り,西,5,5
2023-09-28,4,4,曇り,西,5,5
2023-09-28,4,5,曇り,西,5,5
2023-09-28,4,6,曇り,西,3,3
2023-09-28,4,7,曇り,西,4,4
2023-09-28,4,8,曇り,西,4,4
2023-09-28,4,9,曇り,西,3,3
2023-09-28,4,10,曇り,西,3,3
2023-09-28,4,11,曇り,西,3,3
2023-09-28,4,12,曇り,北西,3,3
2023-09-29,5,1,晴,北西,3,3
2023-09-29,5,2,晴,北,3,3
2023-09-29,5,3,晴,北,1,1
2023-09-29,5,4,晴,北,2,2
2023-09-29,5,5,晴,北東,2,2
2023-09-29,5,6,晴,南東,3,3
2023-09-29,5,7,晴,南東,2,2
2023-09-29,5,8,晴,南東,3,3
2023-09-29,5,9,晴,南東,2,2
2023-09-29,5,10,晴,南,2,2
2023-09-29,5,11,晴,南東,2,2
2023-09-29,5,12,晴,南東,2,2
2023-09-30,6,1,曇り,北西,1,1
2023-09-30,6,2,曇り,北西,1,1
2023-09-30,6,3,曇り,北西,2,2
2023-09-30,6,5,曇り,南西,2,2
2023-09-30,6,6,曇り,南西,2,2
2023-09-30,6,7,曇り,南,1,1
2023-09-30,6,8,曇り,南,1,1
2023-09-30,6,9,曇り,南,1,1
2023-09-30,6,10,曇り,南,2,2
2023-09-30,6,12,曇り,南,1,1
2023-10-06,1,1,晴,西,3,3
2023-10-06,1,2,晴,南西,2,2
2023-10-06,1,3,晴,南,1,1
2023-10-06,1,4,晴,北西,2,2
2023-10-06,1,5,晴,北西,1,1
2023-10-06,1,6,晴,北,1,1
2023-10-06,1,7,晴,北,1,1
2023-10-06,1,8,晴,北,5,5
2023-10-06,1,9,晴,北,5,5
2023-10-06,1,10,晴,北,3,3
2023-10-06,1,12,晴,北,5,5
2023-10-07,2,1,晴,北,4,4
2023-10-07,2,2,晴,北,4,4
2023-10-07,2,3,曇り,北,4,4
2023-10-07,2,4,曇り,北,6,6
2023-10-07,2,5,曇り,北,6,6
2023-10-07,2,6,曇り,北,6,6
2023-10-07,2,7,曇り,北,6,6
2023-10-07,2,8,曇り,北,5,5
2023-10-07,2,9,曇り,北,5,5
2023-10-07,2,10,曇り,北,5,5
2023-10-07,2,11,曇り,北,6,6
2023-10-07,2,12,曇り,北,6,6
2023-10-08,3,1,雨,南東,4,4
2023-10-08,3,2,雨,南東,4,4
2023-10-08,3,3,雨,東,2,2
2023-10-08,3,4,雨,南東,2,2
2023-10-08,3,6,雨,南東,3,3
2023-10-08,3,7,雨,南東,3,3
2023-10-08,3,8,雨,南東,3,3
2023-10-08,3,9,雨,南東,3,3
2023-10-08,3,10,雨,南東,3,3
2023-10-08,3,11,雨,南東,3,3
2023-10-08,3,12,雨,東,2,2
2023-10-09,4,1,曇り,北東,2,2
2023-10-09,4,2,曇り,北東,1,1
2023-10-09,4,3,曇り,北東,1,1
2023-10-09,4,4,曇り,南東,2,2
2023-10-09,4,5,曇り,南東,3,3
2023-10-09,4,6,曇り,南東,3,3
2023-10-09,4,7,曇り,南東,3,3
2023-10-09,4,8,曇り,南東,3,3
2023-10-09,4,9,曇り,南東,3,3
2023-10-09,4,10,曇り,南,2,2
2023-10-09,4,11,曇り,南,1,1
2023-10-09,4,12,曇り,南,1,1
2023-10-11,1,1,晴,北,2,2
2023-10-11,1,2,晴,北,2,2
2023-10-11,1,3,晴,北西,2,2
2023-10-11,1,4,晴,北,2,2
2023-10-11,1,5,晴,北東,3,3
2023-10-11,1,6,晴,北東,2,2
2023-10-11,1,7,晴,東,1,1
2023-10-11,1,8,晴,東,1,1
2023-10-11,1,9,晴,北,6,6
2023-10-11,1,10,晴,北,6,6
2023-10-11,1,11,晴,北,5,5
2023-10-11,1,12,晴,北,5,5
2023-10-12,2,1,晴,北,2,2
2023-10-12,2,2,晴,東,3,3
2023-10-12,2,3,晴,南東,3,3
2023-10-12,2,4,晴,南東,4,4
2023-10-12,2,5,晴,東,3,3
2023-10-12,2,6,晴,東,2,2
2023-10-12,2,7,晴,東,1,1
2023-10-12,2,8,晴,北東,1,1
2023-10-12,2,9,晴,北,5,5
2023-10-12,2,10,晴,北,5,5
2023-10-12,2,11,晴,北,6,6
2023-10-12,2,12,晴,北,6,6
2023-10-13,3,1,晴,東,3,3
2023-10-13,3,2,晴,東,3,3
2023-10-13,3,3,晴,東,2,2
2023-10-13,3,4,晴,東,2,2
2023-10-13,3,5,晴,東,3,3
2023-10-13,3,6,晴,東,3,3
2023-10-13,3,7,晴,東,2,2
2023-10-13,3,8,晴,南東,2,2
2023-10-13,3,9,晴,南東,3,3
2023-10-13,3,10,晴,南東,2,2
2023-10-13,3,11,晴,東,1,1
2023-10-13,3,12,晴,南東,1,1
2023-10-14,4,1,曇り,東,2,2
2023-10-14,4,2,曇り,東,3,3
2023-10-14,4,3,曇り,東,2,2
2023-10-14,4,4,曇り,東,3,3
2023-10-14,4,5,曇り,南東,3,3
2023-10-14,4,6,曇り,南東,3,3
2023-10-14,4,7,雨,南東,3,3
2023-10-14,4,8,曇り,南東,2,2
2023-10-14,4,9,曇り,南東,2,2
2023-10-14,4,10,曇り,南東,2,2
2023-10-14,4,11,曇り,南東,2,2
2023-10-14,4,12,雨,南東,2,2
2023-10-15,5,1,曇り,西,4,4
2023-10-15,5,2,晴,西,4,4
2023-10-15,5,3,晴,西,4,4
2023-10-15,5,4,晴,西,4,4
2023-10-15,5,5,晴,西,4,4
2023-10-15,5,6,晴,西,4,4
2023-10-15,5,7,晴,北西,3,3
2023-10-15,5,8,晴,北西,4,4
2023-10-15,5,9,晴,北西,4,4
2023-10-15,5,10,晴,北西,4,4
2023-10-15,5,11,晴,北西,5,5
2023-10-15,5,12,晴,北西,7,7
2023-10-16,6,1,晴,南西,4,4
2023-10-16,6,2,晴,西,4,4
2023-10-16,6,3,晴,南西,4,4
2023-10-16,6,4,晴,南西,4,4
2023-10-16,6,5,晴,南西,4,4
2023-10-16,6,6,晴,南西,3,3
2023-10-16,6,7,晴,南西,3,3
2023-10-16,6,8,晴,南西,3,3
2023-10-16,6,9,晴,西,4,4
2023-10-16,6,10,晴,西,5,5
2023-10-16,6,11,晴,西,4,4
2023-10-16,6,12,晴,西,4,4
2023-10-18,1,1,晴,北西,3,3
2023-10-18,1,2,晴,北西,2,2
2023-10-18,1,3,晴,北,1,1
2023-10-18,1,4,晴,北西,1,1
2023-10-18,1,6,晴,南東,2,2
2023-10-18,1,7,晴,南東,3,3
2023-10-18,1,8,晴,南東,2,2
2023-10-18,1,9,晴,南東,2,2
2023-10-18,1,10,晴,南東,2,2
2023-10-18,1,11,晴,南,1,1
2023-10-19,2,1,晴,南西,3,3
2023-10-19,2,2,晴,南西,3,3
2023-10-19,2,3,晴,南,2,2
2023-10-19,2,4,晴,南,1,1
2023-10-19,2,5,晴,南,1,1
2023-10-19,2,7,晴,南西,1,1
2023-10-19,2,8,晴,南西,1,1
2023-10-19,2,9,晴,南西,1,1
2023-10-19,2,11,晴,南,2,2
2023-10-19,2,12,晴,南東,2,2
2023-10-20,3,1,雨,北西,6,6
2023-10-20,3,2,雨,北西,6,6
2023-10-20,3,3,雨,北西,6,6
2023-10-20,3,4,曇り,北西,7,7
2023-10-20,3,5,曇り,北西,6,6
2023-10-20,3,6,曇り,北西,6,6
2023-10-20,3,8,曇り,北西,7,7
2023-10-20,3,9,曇り,北西,7,7
2023-10-20,3,10,曇り,北西,6,6
2023-10-20,3,11,曇り,北西,6,6
2023-10-20,3,12,曇り,北西,7,7
2023-10-21,4,1,晴,西,8,8
2023-10-21,4,2,晴,西,7,7
2023-10-21,4,3,晴,北西,6,6
2023-10-21,4,4,晴,北西,7,7
2023-10-21,4,5,晴,北西,7,7
2023-10-21,4,6,晴,北西,8,8
2023-10-21,4,7,晴,北西,8,8
2023-10-21,4,8,晴,北西,7,7
2023-10-21,4,9,晴,北西,7,7
2023-10-22,5,1,晴,西,3,3
2023-10-22,5,2,晴,南西,3,3
2023-10-22,5,3,晴,南西,1,1
2023-10-22,5,4,晴,南西,2,2
2023-10-22,5,5,晴,南,2,2
2023-10-22,5,6,晴,南,3,3
2023-10-22,5,7,晴,南,2,2
2023-10-22,5,8,晴,南,2,2
2023-10-22,5,9,晴,南東,2,2
2023-10-22,5,10,晴,南東,3,3
2023-10-22,5,11,晴,南東,3,3
2023-10-22,5,12,晴,南東,3,3
2023-10-23,6,1,晴,北西,3,3
2023-10-23,6,2,晴,西,3,3
2023-10-23,6,3,晴,南西,2,2
2023-10-23,6,4,晴,南西,2,2
2023-10-23,6,5,晴,南西,2,2
2023-10-23,6,8,晴,南,2,2
2023-10-23,6,9,晴,南東,2,2
2023-10-23,6,10,晴,南東,2,2
2023-10-23,6,12,晴,南東,2,2
2023-10-26,1,1,晴,南西,3,3
2023-10-26,1,2,晴,南西,3,3
2023-10-26,1,3,晴,南,2,2
2023-10-26,1,4,晴,南,1,1
2023-10-26,1,5,晴,南,2,2
2023-10-26,1,6,晴,南,1,1
2023-10-26,1,7,晴,南,1,1
2023-10-26,1,8,晴,南,1,1
2023-10-26,1,9,晴,南,1,1
2023-10-26,1,10,晴,南東,2,2
2023-10-26,1,11,晴,南,1,1
2023-10-26,1,12,晴,南東,2,2
2023-10-27,2,2,曇り,南東,5,5
2023-10-27,2,3,曇り,南東,4,4
2023-10-27,2,5,晴,南東,4,4
2023-10-27,2,6,晴,南東,3,3
2023-10-27,2,7,晴,南東,2,2
2023-10-27,2,8,晴,南東,2,2
2023-10-27,2,9,晴,南東,2,2
2023-10-27,2,10,晴,南東,2,2
2023-10-27,2,11,晴,南,1,1
2023-10-28,3,1,曇り,南西,3,3
2023-10-28,3,3,曇り,南西,2,2
2023-10-28,3,5,晴,北,5,5
2023-10-28,3,6,晴,北,6,6
2023-10-28,3,7,晴,北,7,7
2023-10-28,3,8,晴,北,7,7
2023-10-28,3,9,晴,北,7,7
2023-10-28,3,10,晴,北,7,7
2023-10-28,3,12,晴,北,4,4
2023-10-29,4,1,晴,西,4,4
2023-10-29,4,2,晴,西,4,4
2023-10-29,4,3,晴,北西,3,3
2023-10-29,4,4,晴,北西,3,3
2023-10-29,4,6,晴,北,3,3
2023-10-29,4,7,晴,北,4,4
2023-10-29,4,8,晴,北,4,4
2023-10-29,4,9,晴,北,5,5
2023-10-29,4,10,晴,北,5,5
2023-10-29,4,11,晴,北,5,5
2023-10-29,4,12,晴,北,4,4
2023-10-30,5,1,晴,北西,4,4
2023-10-30,5,2,晴,東,3,3
2023-10-30,5,3,晴,東,2,2
2023-10-30,5,4,晴,東,2,2
2023-10-30,5,5,晴,東,3,3
2023-10-30,5,6,晴,東,3,3
2023-10-30,5,7,晴,南東,3,3
2023-10-30,5,8,晴,南東,2,2
2023-10-30,5,9,晴,南東,2,2
2023-10-30,5,10,晴,南東,2,2
2023-10-30,5,11,晴,南東,2,2
2023-10-30,5,12,晴,南東,1,1
2023-10-31,6,1,晴,北西,2,2
2023-10-31,6,2,晴,北西,2,2
2023-10-31,6,3,晴,南西,1,1
2023-10-31,6,4,晴,南西,2,2
2023-10-31,6,5,晴,南西,1,1
2023-10-31,6,6,晴,南西,1,1
2023-10-31,6,7,晴,南,2,2
2023-10-31,6,8,晴,南,2,2
2023-10-31,6,9,晴,南東,2,2
2023-10-31,6,10,晴,南東,2,2
2023-10-31,6,11,晴,南東,2,2
2023-10-31,6,12,晴,南東,2,2
2023-11-01,7,1,晴,西,3,3
2023-11-01,7,2,晴,西,2,2
2023-11-01,7,3,晴,南西,2,2
2023-11-01,7,4,晴,南西,2,2
2023-11-01,7,5,晴,南,1,1
2023-11-01,7,6,晴,南,1,1
2023-11-01,7,7,晴,南,1,1
2023-11-01,7,8,晴,南,1,1
2023-11-01,7,9,晴,南,2,2
2023-11-01,7,10,晴,南東,1,1
2023-11-01,7,11,晴,南東,3,3
2023-11-01,7,12,晴,南東,3,3
2023-11-05,1,1,晴,北西,5,5
2023-11-05,1,2,晴,北,4,4
2023-11-05,1,3,晴,東,2,2
2023-11-05,1,4,晴,東,2,2
2023-11-05,1,5,晴,東,4,4
2023-11-05,1,6,晴,東,5,5
2023-11-05,1,7,晴,東,5,5
2023-11-05,1,8,晴,南東,4,4
2023-11-05,1,9,晴,東,4,4
2023-11-05,1,10,晴,東,4,4
2023-11-05,1,11,晴,南東,3,3
2023-11-05,1,12,晴,東,3,3
2023-11-06,2,1,曇り,北,2,2
2023-11-06,2,2,曇り,北東,2,2
2023-11-06,2,3,雨,北東,2,2
2023-11-06,2,4,曇り,北西,3,3
2023-11-06,2,5,晴,北西,1,1
2023-11-06,2,6,晴,南西,1,1
2023-11-06,2,7,晴,南西,1,1
2023-11-06,2,8,晴,北,1,1
2023-11-06,2,9,晴,北,2,2
2023-11-06,2,10,晴,北東,1,1
2023-11-06,2,11,晴,北,1,1
2023-11-06,2,12,晴,北西,1,1
2023-11-07,3,1,晴,南西,4,4
2023-11-07,3,2,晴,南西,4,4
2023-11-07,3,3,晴,南西,4,4
2023-11-07,3,4,晴,南西,4,4
2023-11-07,3,5,晴,南西,4,4
2023-11-07,3,6,晴,西,4,4
2023-11-07,3,7,晴,西,5,5
2023-11-07,3,8,晴,北西,5,5
2023-11-07,3,10,晴,北西,5,5
2023-11-07,3,11,晴,北西,5,5
2023-11-07,3,12,晴,北西,5,5
2023-11-08,4,1,晴,北,5,5
2023-11-08,4,2,晴,北,3,3
2023-11-08,4,3,晴,北,2,2
2023-11-08,4,4,晴,東,1,1
2023-11-08,4,5,晴,東,1,1
2023-11-08,4,6,晴,東,1,1
2023-11-08,4,7,晴,南東,1,1
2023-11-08,4,8,晴,南東,1,1
2023-11-08,4,10,晴,南東,2,2
2023-11-08,4,11,晴,南東,2,2
2023-11-08,4,12,晴,南東,2,2
2023-11-09,5,1,曇り,北,3,3
2023-11-09,5,2,曇り,北,3,3
2023-11-09,5,3,晴,北東,2,2
2023-11-09,5,4,晴,北,1,1
2023-11-09,5,5,晴,北東,1,1
2023-11-09,5,6,晴,東,2,2
2023-11-09,5,7,晴,南東,2,2
2023-11-09,5,8,晴,南東,2,2
2023-11-09,5,10,晴,東,1,1
2023-11-09,5,11,晴,南東,1,1
2023-11-09,5,12,晴,南東,1,1
2023-11-10,6,1,雨,西,3,3
2023-11-10,6,3,雨,南,1,1
2023-11-10,6,4,雨,南,1,1
2023-11-10,6,5,雨,南,2,2
2023-11-10,6,6,雨,南,2,2
2023-11-10,6,7,雨,南,1,1
2023-11-10,6,8,曇り,南東,2,2
2023-11-10,6,9,曇り,南東,2,2
2023-11-10,6,10,雨,南,1,1
2023-11-10,6,11,曇り,西,5,5
2023-11-10,6,12,曇り,北西,5,5
2023-11-13,1,1,晴,北東,1,1
2023-11-13,1,3,晴,東,3,3
2023-11-13,1,4,晴,南,3,3
2023-11-13,1,5,晴,南,2,2
2023-11-13,1,6,晴,南東,2,2
2023-11-13,1,7,晴,南東,2,2
2023-11-13,1,8,晴,南東,2,2
2023-11-13,1,9,晴,南東,2,2
2023-11-13,1,10,晴,東,1,1
2023-11-13,1,11,晴,南,2,2
2023-11-13,1,12,晴,南東,2,2
2023-11-14,2,1,晴,西,3,3
2023-11-14,2,2,晴,南西,2,2
2023-11-14,2,3,晴,南西,2,2
2023-11-14,2,4,晴,南西,2,2
2023-11-14,2,5,晴,南,2,2
2023-11-14,2,6,晴,南,2,2
2023-11-14,2,7,晴,南東,2,2
2023-11-14,2,8,晴,南東,3,3
2023-11-14,2,9,晴,南東,3,3
2023-11-14,2,10,晴,南東,4,4
2023-11-14,2,12,晴,南東,3,3
2023-11-15,3,2,晴,南西,2,2
2023-11-15,3,3,晴,南西,2,2
2023-11-15,3,4,晴,南,1,1
2023-11-15,3,5,晴,南,2,2
2023-11-15,3,6,晴,南,1,1
2023-11-15,3,7,晴,南,1,1
2023-11-15,3,8,晴,南東,2,2
2023-11-15,3,9,晴,南東,2,2
2023-11-15,3,11,晴,南東,4,4
2023-11-15,3,12,晴,南東,3,3
2023-11-16,4,1,曇り,北,3,3
2023-11-16,4,3,曇り,東,2,2
2023-11-16,4,4,曇り,東,2,2
2023-11-16,4,5,曇り,東,2,2
2023-11-16,4,6,曇り,東,3,3
2023-11-16,4,7,曇り,南東,2,2
2023-11-16,4,8,曇り,南東,2,2
2023-11-16,4,9,曇り,南東,2,2
2023-11-16,4,10,曇り,東,2,2
2023-11-16,4,11,曇り,東,2,2
2023-11-16,4,12,曇り,南東,3,3
2023-11-17,5,1,雨,南西,5,5
2023-11-17,5,2,雨,北西,6,6
2023-11-17,5,3,雨,北西,6,6
2023-11-17,5,4,晴,北西,6,6
2023-11-17,5,5,雨,北西,6,6
2023-11-17,5,6,曇り,北東,4,4
2023-11-17,5,7,曇り,西,6,6
2023-11-17,5,8,曇り,東,4,4
2023-11-17,5,10,曇り,東,4,4
2023-11-17,5,11,曇り,東,4,4
2023-11-17,5,12,曇り,東,4,4
2023-11-19,6,1,晴,西,5,5
2023-11-19,6,2,晴,西,5,5
2023-11-19,6,3,晴,南西,5,5
2023-11-19,6,4,晴,西,5,5
2023-11-19,6,5,晴,南西,5,5
2023-11-19,6,6,晴,南西,6,6
2023-11-19,6,7,晴,南西,6,6
2023-11-19,6,8,晴,南西,6,6
2023-11-19,6,9,晴,南西,6,6
2023-11-19,6,10,晴,南西,6,6
2023-11-19,6,11,晴,南西,6,6
2023-11-19,6,12,晴,西,7,7
2023-11-21,1,1,晴,西,2,2
2023-11-21,1,3,晴,北,1,1
2023-11-21,1,4,晴,北東,1,1
2023-11-21,1,5,晴,南東,1,1
2023-11-21,1,6,晴,南東,1,1
2023-11-21,1,7,晴,東,2,2
2023-11-21,1,8,晴,南東,1,1
2023-11-21,1,9,晴,東,2,2
2023-11-21,1,10,晴,東,1,1
2023-11-21,1,11,晴,南東,2,2
2023-11-21,1,12,晴,南東,2,2
2023-11-22,2,1,晴,北西,1,1
2023-11-22,2,2,晴,北西,1,1
2023-11-22,2,3,晴,北,1,1
2023-11-22,2,4,晴,北,1,1
2023-11-22,2,5,晴,北東,1,1
2023-11-22,2,6,晴,東,1,1
2023-11-22,2,7,晴,南,1,1
2023-11-22,2,8,晴,南,1,1
2023-11-22,2,9,晴,南,1,1
2023-11-22,2,10,晴,南東,2,2
2023-11-22,2,11,晴,南東,2,2
2023-11-22,2,12,晴,南東,2,2
2023-11-23,3,1,晴,南西,3,3
2023-11-23,3,2,晴,南西,3,3
2023-11-23,3,3,晴,南西,2,2
2023-11-23,3,4,晴,南西,2,2
2023-11-23,3,5,晴,南,1,1
2023-11-23,3,6,晴,南,1,1
2023-11-23,3,7,晴,南,2,2
2023-11-23,3,8,晴,南東,2,2
2023-11-23,3,9,晴,南東,2,2
2023-11-23,3,10,晴,南東,2,2
2023-11-23,3,11,晴,南東,2,2
2023-11-23,3,12,晴,東,1,1
2023-11-24,4,1,晴,北西,8,8
2023-11-24,4,2,晴,北西,8,8
2023-11-24,4,3,晴,北西,8,8
2023-11-24,4,4,晴,北西,8,8
2023-11-24,4,5,晴,北西,9,9
2023-11-24,4,6,晴,北西,9,9
2023-11-24,4,7,晴,北西,9,9
2023-11-25,5,1,曇り,北,2,2
2023-11-25,5,2,曇り,北東,1,1
2023-11-25,5,3,曇り,北東,1,1
2023-11-25,5,4,曇り,北東,1,1
2023-11-25,5,5,曇り,東,1,1
2023-11-25,5,6,曇り,東,2,2
2023-11-25,5,7,曇り,東,2,2
2023-11-25,5,8,曇り,東,2,2
2023-11-25,5,9,曇り,北,3,3
2023-11-25,5,10,曇り,北東,4,4
2023-11-25,5,11,曇り,北東,4,4
2023-11-26,6,1,晴,南西,1,1
2023-11-26,6,2,晴,南西,1,1
2023-11-26,6,4,晴,南西,1,1
2023-11-26,6,5,晴,南西,1,1
2023-11-26,6,6,晴,東,1,1
2023-11-26,6,7,晴,南東,1,1
2023-11-26,6,8,晴,東,1,1
2023-11-26,6,9,晴,南東,2,2
2023-11-26,6,10,晴,南東,2,2
2023-11-26,6,11,晴,南東,2,2
2023-11-26,6,12,晴,南東,2,2
2023-11-28,1,1,晴,北西,7,7
2023-11-28,1,2,晴,北西,6,6
2023-11-28,1,3,晴,北西,6,6
2023-11-28,1,4,晴,北西,7,7
2023-11-28,1,5,晴,北西,9,9
2023-11-28,1,6,晴,北西,9,9
2023-11-28,1,7,晴,北西,9,9
2023-11-28,1,8,晴,北西,7,7
2023-11-28,1,9,晴,北西,7,7
2023-11-28,1,10,晴,北西,7,7
2023-11-28,1,11,晴,北西,6,6
2023-11-28,1,12,晴,北西,6,6
2023-11-29,2,1,晴,北西,4,4
2023-11-29,2,2,晴,西,4,4
2023-11-29,2,3,晴,西,3,3
2023-11-29,2,4,晴,南西,3,3
2023-11-29,2,5,晴,西,4,4
2023-11-29,2,6,晴,北,3,3
2023-11-29,2,7,晴,北西,3,3
2023-11-29,2,8,晴,北西,3,3
2023-11-29,2,9,晴,北西,3,3
2023-11-29,2,10,晴,北西,3,3
2023-11-29,2,11,晴,北西,3,3
2023-11-29,2,12,晴,北西,2,2
2023-11-30,3,1,曇り,西,6,6
2023-11-30,3,2,曇り,西,6,6
2023-11-30,3,3,曇り,北西,6,6
2023-11-30,3,4,曇り,北西,5,5
2023-11-30,3,5,晴,北西,5,5
2023-11-30,3,7,晴,北西,6,6
2023-11-30,3,8,晴,北西,5,5
2023-11-30,3,9,晴,北西,6,6
2023-11-30,3,10,晴,北西,5,5
2023-11-30,3,11,晴,北西,5,5
2023-11-30,3,12,晴,北西,5,5
2023-12-01,4,1,曇り,北西,7,7
2023-12-01,4,2,晴,北西,8,8
2023-12-01,4,3,晴,北西,7,7
2023-12-01,4,5,晴,北西,7,7
2023-12-01,4,6,晴,北西,7,7
2023-12-01,4,7,晴,北西,7,7
2023-12-01,4,8,晴,北西,8,8
2023-12-01,4,9,晴,北西,8,8
2023-12-01,4,10,晴,北西,8,8
2023-12-01,4,11,晴,北西,8,8
2023-12-01,4,12,晴,北西,9,9
2023-12-02,5,1,晴,西,5,5
2023-12-02,5,2,晴,西,5,5
2023-12-02,5,3,晴,南西,4,4
2023-12-02,5,5,晴,南西,3,3
2023-12-02,5,6,晴,南,2,2
2023-12-02,5,7,晴,南,2,2
2023-12-02,5,8,晴,南,2,2
2023-12-02,5,9,晴,南東,1,1
2023-12-02,5,10,晴,南東,3,3
2023-12-02,5,11,晴,東,1,1
2023-12-02,5,12,晴,東,1,1
2023-12-03,6,1,晴,南西,3,3
2023-12-03,6,2,晴,西,3,3
2023-12-03,6,3,晴,北西,3,3
2023-12-03,6,4,晴,北,4,4
2023-12-03,6,5,晴,北,4,4
2023-12-03,6,6,晴,北,4,4
2023-12-03,6,7,晴,北,3,3
2023-12-03,6,8,晴,北東,3,3
2023-12-03,6,9,晴,北,4,4
2023-12-03,6,10,晴,北,3,3
2023-12-03,6,11,晴,北東,2,2
2023-12-03,6,12,晴,東,2,2
2023-12-05,1,1,雨,北東,2,2
2023-12-05,1,2,雨,東,1,1
2023-12-05,1,3,雨,北,1,1
2023-12-05,1,4,雨,北,2,2
2023-12-05,1,5,雨,北,1,1
2023-12-05,1,6,雨,北,2,2
2023-12-05,1,7,雨,北東,1,1
2023-12-05,1,8,雨,東,1,1
2023-12-05,1,9,雨,南東,1,1
2023-12-05,1,10,雨,南,1,1
2023-12-05,1,12,雨,南東,1,1
2023-12-06,2,1,晴,西,3,3
2023-12-06,2,2,曇り,南西,3,3
2023-12-06,2,3,曇り,南西,1,1
2023-12-06,2,4,曇り,南,1,1
2023-12-06,2,5,曇り,南,1,1
2023-12-06,2,6,曇り,南,2,2
2023-12-06,2,7,曇り,南,2,2
2023-12-06,2,8,曇り,南,2,2
2023-12-06,2,9,曇り,南,2,2
2023-12-06,2,10,曇り,南東,2,2
2023-12-06,2,11,曇り,南東,2,2
2023-12-06,2,12,曇り,南東,3,3
2023-12-07,3,1,晴,北西,6,6
2023-12-07,3,2,晴,北西,6,6
2023-12-07,3,4,晴,西,5,5
2023-12-07,3,5,晴,北西,5,5
2023-12-07,3,6,晴,北西,5,5
2023-12-07,3,7,晴,北西,4,4
2023-12-07,3,8,晴,北西,4,4
2023-12-07,3,10,晴,北西,3,3
2023-12-07,3,11,晴,北西,3,3
2023-12-07,3,12,晴,北西,2,2
2023-12-08,4,1,晴,北西,2,2
2023-12-08,4,3,晴,北西,2,2
2023-12-08,4,4,晴,北,2,2
2023-12-08,4,5,晴,北東,1,1
2023-12-08,4,6,晴,南東,1,1
2023-12-08,4,7,晴,南東,3,3
2023-12-08,4,8,晴,南東,2,2
2023-12-08,4,9,晴,南東,2,2
2023-12-08,4,10,晴,南東,1,1
2023-12-08,4,11,晴,南東,1,1
2023-12-08,4,12,晴,南東,1,1
2023-12-10,1,1,晴,西,1,1
2023-12-10,1,3,晴,西,1,1
2023-12-10,1,4,晴,南西,1,1
2023-12-10,1,5,晴,南西,1,1
2023-12-10,1,6,晴,南西,1,1
2023-12-10,1,7,晴,南西,1,1
2023-12-10,1,8,晴,南西,1,1
2023-12-10,1,9,晴,北東,1,1
2023-12-10,1,10,晴,東,1,1
2023-12-10,1,11,晴,南西,1,1
2023-12-10,1,12,晴,南東,1,1
2023-12-11,2,1,雨,東,5,5
2023-12-11,2,2,雨,北東,2,2
2023-12-11,2,3,雨,東,2,2
2023-12-11,2,4,雨,東,3,3
2023-12-11,2,5,雨,北東,4,4
2023-12-11,2,6,雨,北東,3,3
2023-12-11,2,7,雨,北東,2,2
2023-12-11,2,8,雨,東,2,2
2023-12-11,2,9,雨,北東,2,2
2023-12-11,2,10,雨,北東,3,3
2023-12-11,2,11,雨,北東,2,2
2023-12-11,2,12,雨,北,2,2
2023-12-12,3,1,曇り,北西,5,5
2023-12-12,3,2,曇り,北西,5,5
2023-12-12,3,3,曇り,北西,5,5
2023-12-12,3,4,曇り,北西,5,5
2023-12-12,3,5,曇り,北西,5,5
2023-12-12,3,6,曇り,北西,5,5
2023-12-12,3,7,曇り,北西,5,5
2023-12-12,3,8,曇り,北西,5,5
2023-12-12,3,9,曇り,北,6,6
2023-12-12,3,10,曇り,北,6,6
2023-12-12,3,11,曇り,北,6,6
2023-12-12,3,12,曇り,北,6,6
2023-12-13,4,1,晴,北東,3,3
2023-12-13,4,3,晴,東,3,3
2023-12-13,4,4,晴,東,2,2
2023-12-13,4,5,晴,東,2,2
2023-12-13,4,6,晴,東,3,3
2023-12-13,4,7,晴,東,3,3
2023-12-13,4,8,晴,東,3,3
2023-12-13,4,9,晴,東,3,3
2023-12-13,4,10,晴,東,3,3
2023-12-13,4,11,晴,東,2,2
2023-12-13,4,12,晴,東,1,1
2023-12-14,5,1,曇り,北西,4,4
2023-12-14,5,2,曇り,北西,4,4
2023-12-14,5,3,曇り,北,2,2
2023-12-14,5,4,曇り,北,1,1
2023-12-14,5,5,雨,東,1,1
2023-12-14,5,6,雨,南東,2,2
2023-12-14,5,7,雨,東,2,2
2023-12-14,5,8,雨,南東,1,1
2023-12-14,5,9,雨,東,1,1
2023-12-14,5,10,雨,北東,1,1
2023-12-14,5,11,雨,南東,1,1
2023-12-14,5,12,雨,南東,1,1
2023-12-15,6,1,晴,南西,1,1
2023-12-15,6,2,晴,南,2,2
2023-12-15,6,3,晴,北西,1,1
2023-12-15,6,4,晴,北,1,1
2023-12-15,6,5,晴,北,2,2
2023-12-15,6,6,晴,北,2,2
2023-12-15,6,7,晴,北東,1,1
2023-12-15,6,8,晴,南,1,1
2023-12-15,6,9,晴,東,1,1
2023-12-15,6,11,晴,北東,1,1
2023-12-15,6,12,晴,北東,1,1
2023-12-23,1,1,晴,西,4,4
2023-12-23,1,2,晴,西,4,4
2023-12-23,1,3,晴,西,3,3
2023-12-23,1,4,晴,西,3,3
2023-12-23,1,5,晴,西,3,3
2023-12-23,1,7,晴,北西,3,3
2023-12-23,1,8,晴,北西,3,3
2023-12-23,1,9,晴,北西,3,3
2023-12-23,1,10,晴,北西,4,4
2023-12-23,1,11,晴,北西,3,3
2023-12-23,1,12,晴,北西,2,2
2023-12-24,2,1,晴,西,2,2
2023-12-24,2,2,晴,西,2,2
2023-12-24,2,3,晴,南西,1,1
2023-12-24,2,4,晴,南西,1,1
2023-12-24,2,5,晴,南西,1,1
2023-12-24,2,6,晴,南東,1,1
2023-12-24,2,8,晴,南東,2,2
2023-12-24,2,9,晴,南東,3,3
2023-12-24,2,10,晴,南東,2,2
2023-12-24,2,11,晴,南東,2,2
2023-12-24,2,12,雨,東,1,1
2023-12-25,3,1,曇り,西,4,4
2023-12-25,3,2,曇り,南西,3,3
2023-12-25,3,3,雨,北西,3,3
2023-12-25,3,4,晴,北西,5,5
2023-12-25,3,5,晴,北西,5,5
2023-12-25,3,6,晴,北西,7,7
2023-12-25,3,7,晴,北西,7,7
2023-12-25,3,8,晴,北西,7,7
2023-12-25,3,9,晴,北西,6,6
2023-12-25,3,10,晴,北西,6,6
2023-12-25,3,11,晴,北西,7,7
2023-12-25,3,12,晴,北西,5,5
2023-12-26,4,1,曇り,南西,4,4
2023-12-26,4,2,曇り,西,4,4
2023-12-26,4,3,曇り,南西,4,4
2023-12-26,4,4,晴,南西,4,4
2023-12-26,4,5,晴,西,4,4
2023-12-26,4,6,晴,南西,4,4
2023-12-26,4,7,晴,西,4,4
2023-12-26,4,8,晴,西,4,4
2023-12-26,4,9,晴,西,3,3
2023-12-26,4,10,晴,西,3,3
2023-12-26,4,11,晴,西,2,2
2023-12-26,4,12,晴,西,4,4
2023-12-27,5,1,晴,西,2,2
2023-12-27,5,2,晴,南西,2,2
2023-12-27,5,3,晴,西,1,1
2023-12-27,5,4,晴,南西,1,1
2023-12-27,5,5,晴,南西,1,1
2023-12-27,5,6,晴,南,1,1
2023-12-27,5,7,晴,南西,1,1
2023-12-27,5,8,晴,南東,2,2
2023-12-27,5,9,晴,南東,1,1
2023-12-27,5,10,晴,南東,2,2
2023-12-27,5,11,晴,南東,1,1
2023-12-27,5,12,晴,南東,1,1
2023-12-28,6,1,晴,南西,3,3
2023-12-28,6,3,晴,南,1,1
2023-12-28,6,4,晴,南,1,1
2023-12-28,6,5,晴,南西,1,1
2023-12-28,6,7,晴,南西,1,1
2023-12-28,6,9,晴,南,2,2
2023-12-28,6,10,晴,東,2,2
2023-12-28,6,11,晴,南東,2,2
2023-12-28,6,12,晴,南東,1,1
2023-12-30,1,1,晴,北,4,4
2023-12-30,1,2,晴,北,4,4
2023-12-30,1,3,晴,北東,2,2
2023-12-30,1,4,晴,北東,2,2
2023-12-30,1,5,晴,北東,2,2
2023-12-30,1,6,晴,北東,2,2
2023-12-30,1,7,晴,東,1,1
2023-12-30,1,8,晴,東,1,1
2023-12-30,1,9,晴,南西,1,1
2023-12-30,1,10,晴,西,1,1
2023-12-30,1,11,雨,南東,1,1
2023-12-30,1,12,曇り,東,1,1
2023-12-31,2,1,曇り,西,8,8
2023-12-31,2,2,曇り,西,9,9
2023-12-31,2,3,曇り,西,9,9
2023-12-31,2,4,曇り,西,8,8
2023-12-31,2,5,曇り,西,9,9
2023-12-31,2,6,曇り,西,9,9
2023-12-31,2,7,曇り,西,9,9
2023-12-31,2,8,曇り,西,9,9
2023-12-31,2,9,曇り,西,9,9
2023-12-31,2,10,曇り,西,8,8
2023-12-31,2,11,曇り,西,8,8
2023-12-31,2,12,曇り,西,8,8
