開催日,日目,レース,3連単,3連単オッズ
2025-01-01,3,1,1-2-4,4.7
2025-01-01,3,2,2-4-3,100.0
2025-01-01,3,3,1-2-3,13.7
2025-01-01,3,4,1-5-6,102.3
2025-01-01,3,5,1-4-3,16.0
2025-01-01,3,6,1-4-6,18.2
2025-01-01,3,7,2-5-3,101.9
2025-01-01,3,8,1-5-3,33.7
2025-01-01,3,9,2-1-4,35.8
2025-01-01,3,10,1-2-3,3.1
2025-01-01,3,11,2-1-5,19.4
2025-01-01,3,12,2-1-3,36.0
2025-01-02,4,1,1-2-3,6.4
2025-01-02,4,2,2-1-6,52.1
2025-01-02,4,3,1-2-5,24.8
2025-01-02,4,4,2-1-5,27.2
2025-01-02,4,5,1-4-2,21.9
2025-01-02,4,6,1-3-4,6.0
2025-01-02,4,7,5-1-3,18.4
2025-01-02,4,8,1-2-3,5.7
2025-01-02,4,9,1-3-4,6.7
2025-01-02,4,10,1-2-3,4.9
2025-01-02,4,11,1-4-3,12.2
2025-01-02,4,12,1-5-3,63.7
2025-01-03,5,1,3-4-2,17.3
2025-01-03,5,2,4-1-2,56.1
2025-01-03,5,3,4-3-2,461.6
2025-01-03,5,4,1-2-3,12.0
2025-01-03,5,5,1-3-6,27.1
2025-01-03,5,6,1-5-4,62.0
2025-01-03,5,7,1-3-2,5.5
2025-01-03,5,8,3-1-2,139.3
2025-01-03,5,9,6-4-3,628.5
2025-01-03,5,10,1-4-2,23.9
2025-01-03,5,11,1-4-2,9.5
2025-01-03,5,12,1-4-2,16.5
2025-01-06,1,1,1-6-3,41.3
2025-01-06,1,2,2-1-4,58.0
2025-01-06,1,3,3-4-5,214.0
2025-01-06,1,4,5-6-2,55.8
2025-01-06,1,5,2-1-6,102.1
2025-01-06,1,6,1-2-4,11.5
2025-01-06,1,7,3-2-6,330.4
2025-01-06,1,8,1-3-4,13.4
2025-01-06,1,9,3-1-5,97.8
2025-01-06,1,10,3-1-2,36.5
2025-01-06,1,11,1-2-5,12.7
2025-01-06,1,12,1-4-6,27.5
2025-01-08,2,1,1-3-4,51.5
2025-01-08,2,2,4-6-5,23.0
2025-01-08,2,3,5-4-1,67.4
2025-01-08,2,4,4-5-6,87.0
2025-01-08,2,5,1-6-2,75.2
2025-01-08,2,6,1-3-2,12.0
2025-01-08,2,7,1-6-2,95.8
2025-01-08,2,8,1-2-4,3.4
2025-01-08,2,9,1-3-4,10.6
2025-01-08,2,10,1-2-3,9.5
2025-01-08,2,11,1-3-2,20.5
2025-01-08,2,12,3-1-4,126.0
2025-01-10,3,1,4-3-6,67.4
2025-01-10,3,2,4-5-2,148.8
2025-01-10,3,3,3-4-1,32.5
2025-01-10,3,4,1-6-4,50.3
2025-01-10,3,5,3-4-1,71.2
2025-01-10,3,6,3-4-6,30.0
2025-01-10,3,7,5-3-1,110.2
2025-01-10,3,8,1-2-5,16.9
2025-01-10,3,9,1-2-5,4.7
2025-01-10,3,10,4-1-2,85.8
2025-01-10,3,11,1-4-2,10.5
2025-01-10,3,12,2-6-1,367.5
2025-01-11,4,1,4-2-3,71.2
2025-01-11,4,2,5-3-2,27.2
2025-01-11,4,3,6-4-3,222.6
2025-01-11,4,4,2-5-1,30.9
2025-01-11,4,5,2-1-6,42.2
2025-01-11,4,6,3-1-5,49.6
2025-01-11,4,7,1-2-3,10.0
2025-01-11,4,8,1-4-3,9.1
2025-01-11,4,9,5-6-3,240.7
2025-01-11,4,10,1-3-6,55.9
2025-01-11,4,11,4-5-2,639.9
2025-01-11,4,12,5-4-1,70.1
2025-01-12,5,1,1-2-3,8.5
2025-01-12,5,2,1-4-5,113.9
2025-01-12,5,3,5-3-1,80.2
2025-01-12,5,4,2-1-3,21.9
2025-01-12,5,5,1-5-4,51.7
2025-01-12,5,6,1-3-2,5.7
2025-01-12,5,7,2-4-3,94.5
2025-01-12,5,8,1-2-3,8.5
2025-01-12,5,9,2-6-4,290.8
2025-01-12,5,10,5-6-1,60.7
2025-01-12,5,11,1-3-2,7.9
2025-01-12,5,12,1-4-3,17.5
2025-01-13,6,1,1-3-5,12.2
2025-01-13,6,2,1-5-3,58.1
2025-01-13,6,3,2-1-3,70.8
2025-01-13,6,4,4-3-1,115.0
2025-01-13,6,5,3-6-5,50.1
2025-01-13,6,6,3-1-2,11.5
2025-01-13,6,7,1-2-6,8.6
2025-01-13,6,8,4-1-6,51.4
2025-01-13,6,9,1-6-5,346.5
2025-01-13,6,10,1-4-5,19.7
2025-01-13,6,11,1-5-3,17.8
2025-01-13,6,12,3-1-4,35.4
2025-01-17,1,1,1-2-3,12.8
2025-01-17,1,2,4-6-1,24.2
2025-01-17,1,3,5-2-3,63.3
2025-01-17,1,4,2-4-1,21.0
2025-01-17,1,5,1-4-5,26.6
2025-01-17,1,6,3-2-1,49.2
2025-01-17,1,7,3-1-6,34.0
2025-01-17,1,8,1-2-5,9.2
2025-01-17,1,9,4-1-6,12.7
2025-01-17,1,10,2-1-4,12.3
2025-01-17,1,11,1-2-5,5.3
2025-01-17,1,12,1-4-3,24.5
2025-01-18,2,1,1-2-4,11.1
2025-01-18,2,2,1-6-5,22.6
2025-01-18,2,3,1-4-6,21.4
2025-01-18,2,4,3-4-1,82.8
2025-01-18,2,5,3-4-6,59.5
2025-01-18,2,6,1-2-3,52.3
2025-01-18,2,7,2-1-3,26.9
2025-01-18,2,8,1-2-5,17.5
2025-01-18,2,9,5-1-4,194.1
2025-01-18,2,10,1-2-5,7.6
2025-01-18,2,11,2-1-3,14.7
2025-01-18,2,12,5-4-2,81.4
2025-01-19,3,1,3-5-6,27.4
2025-01-19,3,2,1-3-6,115.0
2025-01-19,3,3,3-6-5,266.1
2025-01-19,3,4,2-3-6,99.0
2025-01-19,3,5,5-1-2,23.1
2025-01-19,3,6,1-4-2,22.2
2025-01-19,3,7,1-4-3,12.9
2025-01-19,3,8,1-2-4,4.3
2025-01-19,3,9,1-4-2,18.1
2025-01-19,3,10,1-4-2,53.3
2025-01-19,3,11,1-2-4,6.5
2025-01-19,3,12,1-2-4,12.1
2025-01-20,4,1,1-3-2,6.8
2025-01-20,4,2,3-4-5,76.0
2025-01-20,4,3,1-2-3,8.3
2025-01-20,4,4,1-2-6,7.6
2025-01-20,4,5,1-2-5,10.3
2025-01-20,4,6,3-5-4,27.2
2025-01-20,4,7,1-6-3,13.2
2025-01-20,4,8,1-2-5,5.3
2025-01-20,4,9,3-1-5,56.8
2025-01-20,4,10,6-3-5,107.0
2025-01-20,4,11,3-1-4,71.3
2025-01-20,4,12,1-4-5,39.8
2025-01-25,1,1,1-3-6,13.7
2025-01-25,1,2,1-3-6,24.0
2025-01-25,1,3,4-2-6,152.3
2025-01-25,1,4,2-6-3,41.6
2025-01-25,1,5,3-4-2,47.8
2025-01-25,1,6,3-1-4,6.7
2025-01-25,1,7,1-6-4,36.8
2025-01-25,1,8,1-2-4,3.2
2025-01-25,1,9,1-6-3,56.2
2025-01-25,1,10,1-2-4,5.9
2025-01-25,1,11,1-4-5,31.5
2025-01-25,1,12,4-5-3,661.8
2025-01-26,2,1,1-5-3,8.5
2025-01-26,2,2,1-4-3,13.9
2025-01-26,2,3,2-6-3,23.0
2025-01-26,2,4,4-5-2,190.3
2025-01-26,2,5,1-3-5,14.9
2025-01-26,2,6,1-3-4,5.7
2025-01-26,2,7,1-3-5,5.5
2025-01-26,2,8,1-2-4,3.5
2025-01-26,2,9,2-5-6,105.2
2025-01-26,2,10,1-3-2,16.7
2025-01-26,2,11,1-2-6,22.9
2025-01-26,2,12,1-3-2,13.2
2025-01-27,3,1,4-3-5,52.0
2025-01-27,3,2,1-3-4,13.2
2025-01-27,3,3,4-2-5,114.5
2025-01-27,3,4,3-4-5,35.7
2025-01-27,3,5,2-3-5,26.7
2025-01-27,3,6,1-3-6,26.2
2025-01-27,3,7,3-2-1,121.7
2025-01-27,3,8,1-2-6,34.4
2025-01-27,3,9,2-1-5,58.0
2025-01-27,3,10,1-2-3,12.6
2025-01-27,3,11,5-2-3,375.0
2025-01-27,3,12,1-3-2,12.2
2025-01-28,4,1,1-2-3,13.6
2025-01-28,4,2,1-3-4,123.8
2025-01-28,4,3,1-2-4,62.5
2025-01-28,4,4,5-4-2,161.3
2025-01-28,4,5,1-3-2,17.1
2025-01-28,4,6,1-3-4,3.1
2025-01-28,4,7,2-1-4,29.8
2025-01-28,4,8,1-2-3,4.6
2025-01-28,4,9,6-3-1,32.4
2025-01-28,4,10,2-3-5,123.0
2025-01-28,4,11,1-2-6,4.7
2025-01-28,4,12,2-4-1,109.6
2025-01-29,5,1,5-1-6,59.5
2025-01-29,5,2,3-4-1,154.7
2025-01-29,5,3,3-4-1,12.2
2025-01-29,5,4,3-2-4,200.6
2025-01-29,5,5,1-3-2,7.8
2025-01-29,5,6,1-4-5,12.1
2025-01-29,5,7,1-3-6,18.8
2025-01-29,5,8,1-2-5,15.9
2025-01-29,5,9,1-2-5,18.1
2025-01-29,5,10,1-3-4,7.2
2025-01-29,5,11,2-1-4,19.8
2025-01-29,5,12,3-5-1,36.0
2025-01-30,6,1,1-4-2,27.9
2025-01-30,6,2,5-1-3,26.1
2025-01-30,6,3,4-2-1,73.0
2025-01-30,6,4,6-1-5,81.8
2025-01-30,6,5,6-5-2,194.8
2025-01-30,6,6,1-3-2,11.2
2025-01-30,6,7,1-5-2,76.4
2025-01-30,6,8,1-3-2,14.2
2025-01-30,6,9,1-2-4,7.4
2025-01-30,6,10,1-3-4,8.5
2025-01-30,6,11,3-5-1,40.9
2025-01-30,6,12,3-2-1,83.0
2025-02-04,1,1,1-3-4,15.9
2025-02-04,1,2,1-3-4,15.6
2025-02-04,1,3,4-3-5,375.1
2025-02-04,1,4,2-1-5,32.2
2025-02-04,1,5,1-6-3,103.7
2025-02-04,1,6,4-2-5,264.4
2025-02-04,1,7,1-4-6,43.8
2025-02-04,1,8,2-1-5,51.4
2025-02-04,1,9,1-3-2,16.8
2025-02-04,1,10,3-1-2,41.3
2025-02-04,1,11,4-5-6,58.9
2025-02-04,1,12,1-5-2,28.9
2025-02-06,2,1,3-2-1,184.6
2025-02-06,2,2,2-1-3,32.0
2025-02-06,2,3,1-2-4,16.6
2025-02-06,2,4,6-1-3,89.6
2025-02-06,2,5,1-2-5,8.2
2025-02-06,2,6,6-2-4,702.8
2025-02-06,2,7,1-4-6,50.2
2025-02-06,2,8,1-2-5,24.8
2025-02-06,2,9,4-1-3,53.0
2025-02-06,2,10,1-2-3,6.8
2025-02-06,2,11,1-2-3,22.2
2025-02-06,2,12,1-2-5,9.2
2025-02-07,3,1,1-4-3,23.5
2025-02-07,3,2,2-5-4,263.6
2025-02-07,3,3,1-3-6,20.0
2025-02-07,3,4,4-6-5,171.8
2025-02-07,3,5,5-6-1,50.1
2025-02-07,3,6,1-4-6,43.4
2025-02-08,4,1,1-2-6,87.1
2025-02-08,4,2,1-2-3,7.5
2025-02-08,4,3,1-2-3,22.1
2025-02-08,4,4,1-2-3,7.3
2025-02-08,4,5,4-2-6,40.5
2025-02-08,4,6,4-5-1,71.3
2025-02-08,4,7,2-1-4,45.3
2025-02-08,4,8,3-1-2,53.3
2025-02-08,4,9,1-3-2,12.1
2025-02-08,4,10,1-4-5,16.1
2025-02-08,4,11,3-1-5,37.0
2025-02-08,4,12,1-4-2,25.2
2025-02-09,5,1,1-3-5,10.5
2025-02-09,5,2,1-3-2,14.9
2025-02-09,5,3,1-2-3,11.7
2025-02-09,5,4,2-1-4,33.4
2025-02-09,5,5,2-1-5,21.7
2025-02-09,5,6,2-6-3,385.6
2025-02-09,5,7,1-2-4,9.0
2025-02-09,5,8,1-3-4,15.9
2025-02-09,5,9,1-5-2,22.4
2025-02-09,5,10,1-2-3,7.3
2025-02-09,5,11,2-1-4,100.3
2025-02-09,5,12,1-3-4,11.3
2025-02-10,6,1,1-5-3,9.5
2025-02-10,6,2,1-4-5,38.4
2025-02-10,6,3,2-4-5,245.7
2025-02-10,6,4,1-4-6,62.6
2025-02-10,6,5,1-2-4,23.6
2025-02-10,6,6,4-1-5,17.2
2025-02-10,6,7,1-2-4,9.7
2025-02-10,6,8,1-3-4,10.2
2025-02-10,6,9,1-2-3,7.8
2025-02-10,6,10,1-2-4,22.0
2025-02-10,6,11,1-3-4,7.6
2025-02-10,6,12,1-4-5,26.5
2025-02-13,1,1,1-2-3,7.3
2025-02-13,1,2,1-3-2,18.7
2025-02-13,1,3,2-6-4,185.2
2025-02-13,1,4,1-3-2,38.7
2025-02-13,1,5,2-5-6,83.7
2025-02-13,1,6,1-4-3,6.7
2025-02-13,1,7,1-4-2,15.7
2025-02-13,1,8,1-2-4,3.3
2025-02-13,1,9,1-6-3,282.9
2025-02-13,1,10,1-4-5,16.5
2025-02-13,1,11,2-3-4,172.8
2025-02-13,1,12,1-5-3,37.2
2025-02-14,2,1,5-2-6,39.6
2025-02-14,2,2,3-6-2,286.8
2025-02-14,2,3,1-4-2,15.9
2025-02-14,2,4,1-5-6,18.9
2025-02-14,2,5,1-2-3,7.8
2025-02-14,2,6,1-3-6,25.3
2025-02-14,2,7,2-6-1,257.7
2025-02-14,2,8,1-2-4,4.5
2025-02-14,2,9,3-4-6,52.0
2025-02-14,2,10,1-6-2,133.1
2025-02-14,2,11,1-4-3,7.5
2025-02-14,2,12,2-1-3,20.8
2025-02-15,3,1,1-4-5,18.0
2025-02-15,3,2,1-5-3,240.3
2025-02-15,3,3,3-2-5,121.7
2025-02-15,3,4,1-3-6,14.1
2025-02-15,3,5,2-4-6,147.3
2025-02-15,3,6,3-1-6,76.4
2025-02-15,3,7,1-3-4,20.3
2025-02-15,3,8,1-2-4,5.9
2025-02-15,3,9,3-5-1,49.0
2025-02-15,3,10,1-4-5,49.7
2025-02-15,3,11,1-3-5,21.6
2025-02-15,3,12,1-4-5,16.6
2025-02-16,4,1,1-4-6,3.1
2025-02-16,4,2,5-3-2,24.7
2025-02-16,4,3,1-5-6,128.4
2025-02-16,4,4,2-3-1,19.5
2025-02-16,4,5,1-4-2,55.7
2025-02-16,4,6,4-6-3,76.5
2025-02-16,4,7,1-2-6,11.4
2025-02-16,4,8,1-3-2,13.1
2025-02-16,4,9,1-3-2,16.8
2025-02-16,4,10,1-2-3,17.4
2025-02-16,4,11,5-6-1,111.6
2025-02-16,4,12,1-4-2,28.7
2025-02-17,5,1,3-5-4,110.7
2025-02-17,5,2,4-5-1,11.0
2025-02-17,5,3,3-1-5,25.0
2025-02-17,5,4,6-1-2,100.6
2025-02-17,5,5,3-6-5,156.4
2025-02-17,5,6,3-1-2,21.5
2025-02-17,5,7,5-2-6,162.4
2025-02-17,5,8,4-3-2,102.6
2025-02-17,5,9,1-3-4,13.4
2025-02-17,5,10,4-1-3,167.2
2025-02-17,5,11,1-4-2,12.4
2025-02-17,5,12,1-5-6,44.1
2025-02-18,6,1,1-3-6,8.3
2025-02-18,6,2,5-3-2,125.1
2025-02-18,6,3,4-6-2,332.9
2025-02-18,6,4,1-5-6,53.5
2025-02-18,6,5,6-2-1,15.1
2025-02-18,6,6,1-3-4,4.8
2025-02-18,6,7,4-6-1,38.9
2025-02-18,6,8,1-3-5,28.3
2025-02-19,7,1,2-1-3,13.0
2025-02-19,7,2,2-3-6,19.3
2025-02-19,7,3,1-3-4,27.8
2025-02-19,7,4,1-4-2,32.5
2025-02-19,7,5,4-3-6,112.3
2025-02-19,7,6,1-4-2,23.1
2025-02-19,7,7,1-2-3,67.1
2025-02-19,7,8,5-1-4,82.5
2025-02-19,7,9,1-4-3,32.7
2025-02-19,7,10,1-2-3,12.0
2025-02-19,7,11,2-1-4,16.3
2025-02-19,7,12,1-5-4,60.1
2025-02-23,1,1,4-1-6,33.2
2025-02-23,1,2,1-3-4,112.2
2025-02-23,1,3,1-4-2,18.9
2025-02-23,1,4,3-5-4,79.6
2025-02-23,1,5,2-6-4,60.7
2025-02-23,1,6,1-3-5,29.5
2025-02-23,1,7,3-2-6,60.3
2025-02-23,1,8,1-4-2,9.6
2025-02-23,1,9,4-1-6,43.3
2025-02-23,1,10,1-5-3,42.2
2025-02-23,1,11,1-3-4,19.5
2025-02-23,1,12,2-1-4,28.0
2025-02-24,2,1,1-3-5,90.7
2025-02-24,2,2,2-3-4,41.9
2025-02-24,2,3,1-6-4,133.2
2025-02-24,2,4,1-2-4,10.1
2025-02-24,2,5,1-3-2,40.2
2025-02-24,2,6,5-4-6,191.7
2025-02-24,2,7,1-3-2,16.6
2025-02-24,2,8,1-2-5,22.7
2025-02-24,2,9,1-6-2,32.2
2025-02-24,2,10,1-3-6,43.3
2025-02-24,2,11,1-2-3,5.9
2025-02-24,2,12,3-5-4,529.2
2025-02-25,3,1,1-2-3,9.6
2025-02-25,3,2,4-2-6,138.7
2025-02-25,3,3,2-3-5,23.1
2025-02-25,3,4,5-1-2,105.9
2025-02-25,3,5,2-5-3,23.4
2025-02-25,3,6,1-3-2,7.8
2025-02-25,3,7,2-1-3,10.1
2025-02-25,3,8,1-4-2,5.8
2025-02-25,3,9,3-5-1,7.2
2025-02-25,3,10,3-2-1,67.7
2025-02-25,3,11,1-5-3,58.9
2025-02-25,3,12,1-2-3,11.2
2025-02-26,4,1,3-4-1,26.6
2025-02-26,4,2,1-2-6,29.9
2025-02-26,4,3,5-4-2,215.1
2025-02-26,4,4,1-4-5,12.7
2025-02-26,4,5,1-3-5,7.4
2025-02-26,4,6,1-2-3,17.0
2025-02-26,4,7,4-6-5,34.1
2025-02-26,4,8,1-2-4,3.4
2025-02-26,4,9,1-2-4,7.0
2025-02-26,4,10,1-6-4,270.4
2025-02-26,4,11,1-2-4,3.3
2025-02-26,4,12,1-4-5,24.5
2025-02-27,5,1,1-4-2,17.6
2025-02-27,5,2,1-2-4,19.6
2025-02-27,5,3,1-6-2,164.5
2025-02-27,5,4,4-5-2,19.4
2025-02-27,5,5,2-3-1,24.5
2025-02-27,5,6,1-3-5,11.8
2025-02-27,5,7,6-3-4,178.4
2025-02-27,5,8,2-1-3,46.2
2025-02-27,5,9,1-5-3,23.4
2025-02-27,5,10,1-4-3,9.3
2025-02-27,5,11,1-2-6,8.8
2025-02-27,5,12,3-4-1,29.3
2025-03-06,1,1,1-2-6,23.1
2025-03-06,1,2,1-6-5,70.8
2025-03-06,1,3,5-3-2,14.8
2025-03-06,1,4,6-2-5,56.2
2025-03-06,1,5,4-6-5,115.1
2025-03-06,1,6,1-5-3,199.0
2025-03-06,1,7,2-4-1,65.8
2025-03-06,1,8,1-4-3,13.0
2025-03-06,1,9,3-4-1,13.3
2025-03-06,1,10,1-2-3,9.2
2025-03-06,1,11,1-2-4,6.9
2025-03-06,1,12,1-4-6,14.8
2025-03-07,2,1,2-6-3,43.8
2025-03-07,2,2,4-5-2,562.6
2025-03-07,2,3,4-3-2,373.5
2025-03-07,2,4,1-4-6,74.0
2025-03-07,2,5,2-5-3,88.7
2025-03-07,2,6,3-4-1,42.8
2025-03-07,2,7,1-2-3,9.6
2025-03-07,2,8,1-2-4,5.5
2025-03-07,2,9,1-2-6,17.8
2025-03-07,2,10,1-2-6,9.1
2025-03-07,2,11,1-2-3,13.8
2025-03-07,2,12,1-2-5,61.6
2025-03-08,3,1,1-2-6,36.0
2025-03-08,3,2,1-4-5,11.7
2025-03-08,3,3,2-3-5,20.7
2025-03-08,3,4,3-4-5,7.9
2025-03-08,3,5,1-2-3,23.5
2025-03-08,3,6,3-4-2,92.4
2025-03-08,3,7,1-5-3,36.5
2025-03-08,3,8,1-3-4,9.0
2025-03-08,3,9,1-2-3,4.7
2025-03-08,3,10,1-4-6,161.5
2025-03-08,3,11,1-5-2,18.7
2025-03-08,3,12,3-1-4,96.6
2025-03-09,4,1,1-3-4,49.8
2025-03-09,4,2,2-1-4,16.0
2025-03-09,4,3,3-5-6,15.8
2025-03-09,4,4,2-1-3,11.7
2025-03-09,4,5,4-1-2,102.7
2025-03-09,4,6,1-4-5,52.8
2025-03-09,4,7,3-4-6,74.1
2025-03-09,4,8,1-2-4,3.6
2025-03-09,4,9,1-3-2,13.9
2025-03-09,4,10,1-4-5,13.2
2025-03-09,4,11,1-3-2,18.2
2025-03-09,4,12,1-2-3,9.9
2025-03-10,5,1,2-1-5,40.7
2025-03-10,5,2,3-1-4,41.3
2025-03-10,5,3,1-5-3,31.4
2025-03-10,5,4,1-2-5,15.3
2025-03-10,5,5,1-2-4,14.1
2025-03-10,5,6,1-4-3,6.8
2025-03-10,5,7,1-2-5,9.8
2025-03-10,5,8,1-2-4,3.5
2025-03-10,5,9,1-4-2,16.9
2025-03-10,5,10,1-2-3,4.7
2025-03-10,5,11,1-4-2,9.0
2025-03-10,5,12,1-2-6,90.7
2025-03-11,6,1,2-1-3,56.9
2025-03-11,6,2,6-3-1,28.6
2025-03-11,6,3,1-2-4,13.9
2025-03-11,6,4,1-3-2,5.2
2025-03-11,6,5,1-2-3,5.3
2025-03-11,6,6,4-3-1,27.8
2025-03-11,6,7,1-4-2,25.7
2025-03-11,6,8,1-4-5,13.6
2025-03-11,6,9,1-3-4,14.6
2025-03-11,6,10,1-2-4,10.7
2025-03-11,6,11,1-2-5,12.5
2025-03-11,6,12,1-5-2,22.4
2025-03-14,1,1,1-2-5,21.6
2025-03-14,1,2,1-2-3,16.7
2025-03-14,1,3,5-4-6,56.4
2025-03-14,1,4,2-1-5,71.3
2025-03-14,1,5,3-1-4,148.1
2025-03-14,1,6,3-4-1,22.4
2025-03-14,1,7,3-1-6,49.0
2025-03-14,1,8,4-2-1,41.2
2025-03-14,1,9,5-4-1,408.3
2025-03-14,1,10,2-3-1,38.2
2025-03-14,1,11,2-6-3,512.6
2025-03-14,1,12,1-3-2,10.1
2025-03-15,2,1,1-6-4,39.3
2025-03-15,2,2,3-6-5,129.0
2025-03-15,2,3,2-1-3,15.0
2025-03-15,2,4,1-5-6,49.6
2025-03-15,2,5,1-2-6,6.7
2025-03-15,2,6,5-1-4,85.5
2025-03-15,2,7,1-2-5,9.5
2025-03-15,2,8,1-2-4,7.1
2025-03-15,2,9,1-3-2,16.4
2025-03-15,2,10,1-3-2,8.8
2025-03-15,2,11,4-3-5,257.3
2025-03-15,2,12,1-2-4,21.6
2025-03-16,3,1,5-6-2,30.6
2025-03-16,3,2,1-5-4,45.5
2025-03-16,3,3,1-5-3,27.4
2025-03-16,3,4,1-4-2,16.5
2025-03-16,3,5,1-4-6,17.6
2025-03-16,3,6,1-3-4,6.0
2025-03-16,3,7,1-2-6,5.7
2025-03-16,3,8,1-4-6,33.9
2025-03-16,3,9,1-2-3,7.0
2025-03-16,3,10,1-2-4,5.0
2025-03-16,3,11,1-2-4,7.3
2025-03-16,3,12,1-2-5,2.3
2025-03-17,4,1,3-1-4,18.6
2025-03-17,4,2,1-4-3,18.0
2025-03-17,4,3,2-1-3,14.0
2025-03-17,4,4,3-4-5,18.0
2025-03-17,4,5,1-3-5,9.2
2025-03-17,4,6,2-3-6,60.1
2025-03-17,4,7,1-6-4,23.7
2025-03-17,4,8,1-4-3,27.3
2025-03-17,4,9,1-4-3,9.2
2025-03-17,4,10,3-5-1,242.1
2025-03-17,4,11,1-2-5,7.4
2025-03-17,4,12,6-4-2,344.2
2025-03-19,1,1,2-4-3,203.5
2025-03-19,1,2,4-1-5,48.5
2025-03-19,1,3,4-6-2,21.5
2025-03-19,1,4,2-5-1,60.3
2025-03-19,1,5,3-4-1,21.6
2025-03-19,1,6,1-3-4,6.9
2025-03-19,1,7,3-1-2,74.8
2025-03-19,1,8,1-2-4,3.7
2025-03-19,1,9,1-5-2,17.9
2025-03-19,1,10,3-4-5,57.4
2025-03-19,1,11,1-5-2,30.7
2025-03-19,1,12,5-1-2,213.3
2025-03-20,2,1,4-6-2,72.3
2025-03-20,2,2,2-1-3,17.6
2025-03-20,2,3,1-3-4,18.4
2025-03-20,2,4,1-2-6,10.9
2025-03-20,2,5,1-4-2,29.9
2025-03-20,2,6,1-3-4,3.8
2025-03-20,2,7,5-4-2,73.2
2025-03-20,2,8,1-2-4,7.0
2025-03-20,2,9,6-1-2,23.1
2025-03-20,2,10,2-3-4,90.4
2025-03-20,2,11,1-2-5,8.4
2025-03-20,2,12,1-2-3,4.3
2025-03-21,3,1,1-2-5,20.0
2025-03-21,3,2,1-3-2,9.9
2025-03-21,3,3,1-2-3,12.1
2025-03-21,3,4,1-5-3,26.2
2025-03-21,3,5,1-3-2,5.6
2025-03-21,3,6,4-3-1,20.0
2025-03-21,3,7,1-3-2,9.5
2025-03-21,3,8,1-2-6,42.8
2025-03-21,3,9,1-4-6,7.2
2025-03-21,3,10,1-2-4,4.9
2025-03-21,3,11,1-3-2,6.0
2025-03-21,3,12,1-5-3,11.5
2025-03-22,4,1,1-2-5,15.4
2025-03-22,4,2,3-5-1,26.5
2025-03-22,4,3,5-3-6,45.0
2025-03-22,4,4,1-4-3,96.2
2025-03-22,4,5,2-6-1,230.6
2025-03-22,4,6,4-1-2,114.5
2025-03-22,4,7,2-5-1,57.6
2025-03-22,4,8,1-2-6,19.0
2025-03-22,4,9,1-3-4,7.1
2025-03-22,4,10,4-3-1,44.1
2025-03-22,4,11,1-6-3,49.5
2025-03-22,4,12,1-2-3,6.0
2025-03-23,5,1,1-5-3,18.4
2025-03-23,5,2,1-2-4,45.6
2025-03-23,5,3,4-1-2,22.3
2025-03-23,5,4,1-3-2,19.9
2025-03-23,5,5,1-6-2,20.8
2025-03-23,5,6,1-6-4,87.0
2025-03-23,5,7,1-4-5,44.0
2025-03-23,5,8,1-2-4,5.2
2025-03-23,5,9,1-3-6,20.5
2025-03-23,5,10,3-1-2,28.6
2025-03-23,5,11,1-2-3,3.8
2025-03-23,5,12,3-1-4,25.7
2025-03-24,6,1,1-2-5,12.5
2025-03-24,6,2,1-5-6,57.0
2025-03-24,6,3,1-2-5,7.9
2025-03-24,6,4,6-5-2,618.4
2025-03-24,6,5,3-1-2,90.9
2025-03-24,6,6,3-4-6,85.9
2025-03-24,6,7,1-6-3,19.3
2025-03-24,6,8,2-6-4,921.2
2025-03-24,6,9,1-3-5,7.9
2025-03-24,6,10,3-1-4,57.8
2025-03-24,6,11,1-4-3,14.5
2025-03-24,6,12,1-3-5,11.4
2025-03-31,1,1,2-1-5,34.6
2025-03-31,1,2,1-3-4,27.8
2025-03-31,1,3,3-2-1,29.7
2025-03-31,1,4,1-3-4,30.4
2025-03-31,1,5,1-2-5,6.3
2025-03-31,1,6,3-4-1,19.2
2025-03-31,1,7,1-5-3,44.5
2025-03-31,1,8,1-2-3,7.2
2025-03-31,1,9,1-2-6,5.6
2025-03-31,1,10,4-2-5,15.6
2025-03-31,1,11,1-3-2,9.0
2025-03-31,1,12,1-2-4,6.6
2025-04-01,2,1,4-1-2,54.1
2025-04-01,2,2,3-1-2,21.2
2025-04-01,2,3,4-2-1,146.6
2025-04-01,2,4,3-4-5,51.4
2025-04-01,2,5,2-1-5,22.4
2025-04-01,2,6,1-4-3,4.8
2025-04-01,2,7,1-2-5,12.6
2025-04-01,2,8,1-4-2,8.3
2025-04-01,2,9,3-1-2,95.9
2025-04-01,2,10,3-2-6,313.8
2025-04-01,2,11,3-1-2,33.3
2025-04-01,2,12,2-1-6,21.3
2025-04-02,3,1,1-2-3,10.7
2025-04-02,3,2,1-5-3,23.8
2025-04-02,3,3,2-4-1,23.6
2025-04-02,3,4,1-5-2,8.4
2025-04-02,3,5,1-5-3,9.6
2025-04-02,3,6,1-2-5,80.4
2025-04-02,3,7,1-5-3,26.8
2025-04-02,3,8,2-1-3,37.3
2025-04-02,3,9,3-1-2,69.5
2025-04-02,3,10,1-3-4,12.1
2025-04-02,3,11,1-4-5,38.6
2025-04-02,3,12,1-3-5,7.7
2025-04-03,4,1,1-3-4,7.6
2025-04-03,4,2,1-3-6,7.6
2025-04-03,4,3,2-4-3,191.8
2025-04-03,4,4,1-2-5,13.3
2025-04-03,4,5,1-3-2,7.4
2025-04-03,4,6,1-4-2,18.2
2025-04-03,4,7,2-1-4,21.0
2025-04-03,4,8,1-4-3,16.6
2025-04-03,4,9,2-4-1,108.3
2025-04-03,4,10,1-2-5,13.7
2025-04-03,4,11,3-1-5,40.9
2025-04-03,4,12,1-3-4,8.5
2025-04-07,1,1,3-4-6,35.5
2025-04-07,1,2,4-6-1,377.7
2025-04-07,1,3,3-6-5,176.4
2025-04-07,1,4,4-1-3,148.2
2025-04-07,1,5,1-3-4,19.0
2025-04-07,1,6,1-4-2,35.9
2025-04-07,1,7,5-6-1,69.9
2025-04-07,1,8,4-3-6,67.0
2025-04-07,1,9,1-2-3,7.3
2025-04-07,1,10,1-4-5,78.3
2025-04-07,1,11,4-5-1,142.3
2025-04-07,1,12,1-2-3,7.8
2025-04-08,2,1,4-1-2,24.2
2025-04-08,2,2,1-4-5,47.4
2025-04-08,2,3,1-3-6,26.1
2025-04-08,2,4,1-2-6,14.7
2025-04-08,2,5,4-1-2,68.8
2025-04-08,2,6,1-3-4,4.0
2025-04-08,2,7,3-2-4,109.8
2025-04-08,2,8,5-1-4,200.1
2025-04-08,2,9,3-1-6,14.0
2025-04-08,2,10,1-2-6,32.0
2025-04-08,2,11,1-3-2,5.8
2025-04-08,2,12,1-3-5,11.2
2025-04-09,3,1,1-2-3,15.6
2025-04-09,3,2,5-1-3,36.9
2025-04-09,3,3,1-2-6,11.3
2025-04-09,3,4,2-3-5,214.4
2025-04-09,3,5,1-4-6,78.0
2025-04-09,3,6,1-5-6,131.0
2025-04-09,3,7,2-1-5,23.0
2025-04-09,3,8,1-5-3,56.4
2025-04-09,3,9,4-1-6,9.2
2025-04-09,3,10,1-6-3,111.1
2025-04-09,3,11,4-2-6,660.0
2025-04-09,3,12,1-2-4,17.9
2025-04-10,4,1,2-1-5,24.7
2025-04-10,4,2,1-3-2,12.6
2025-04-10,4,3,5-4-2,45.0
2025-04-10,4,4,1-2-3,14.1
2025-04-10,4,5,2-5-6,1316.0
2025-04-10,4,6,2-1-3,90.2
2025-04-10,4,7,2-6-3,5.9
2025-04-10,4,8,1-4-3,10.3
2025-04-10,4,9,1-4-5,9.1
2025-04-10,4,10,3-1-6,16.5
2025-04-10,4,11,1-2-4,7.3
2025-04-10,4,12,1-5-3,6.3
2025-04-11,5,1,1-2-4,7.5
2025-04-11,5,2,4-1-3,121.0
2025-04-11,5,3,2-3-5,85.0
2025-04-11,5,4,1-2-3,37.7
2025-04-11,5,5,1-3-5,12.3
2025-04-11,5,6,2-1-3,36.0
2025-04-11,5,7,1-6-3,13.6
2025-04-11,5,8,1-2-5,7.5
2025-04-11,5,9,1-2-5,13.0
2025-04-11,5,10,1-5-2,94.2
2025-04-11,5,11,2-1-3,51.8
2025-04-11,5,12,6-3-2,1902.3
2025-04-12,6,1,4-2-1,79.3
2025-04-12,6,2,2-1-5,48.7
2025-04-12,6,3,1-3-2,11.8
2025-04-12,6,4,1-2-3,6.4
2025-04-12,6,5,2-1-4,72.5
2025-04-12,6,6,3-1-4,6.9
2025-04-12,6,7,1-5-6,28.3
2025-04-12,6,8,1-4-3,22.2
2025-04-12,6,9,1-2-6,36.9
2025-04-12,6,10,2-1-6,37.3
2025-04-12,6,11,1-2-4,8.7
2025-04-12,6,12,6-5-1,74.7
2025-04-13,7,1,1-5-4,45.9
2025-04-13,7,2,4-5-6,136.8
2025-04-13,7,3,1-3-4,8.8
2025-04-13,7,4,2-3-1,66.1
2025-04-13,7,5,1-2-3,8.5
2025-04-13,7,6,1-2-3,21.4
2025-04-13,7,7,1-2-3,6.3
2025-04-13,7,8,2-1-3,34.7
2025-04-13,7,9,1-4-5,49.9
2025-04-13,7,10,3-2-4,7.4
2025-04-13,7,11,1-4-5,12.4
2025-04-13,7,12,2-5-3,244.2
2025-04-16,1,1,2-3-5,96.1
2025-04-16,1,2,1-2-5,7.3
2025-04-16,1,3,1-2-4,11.8
2025-04-16,1,4,1-5-2,29.0
2025-04-16,1,5,1-5-3,24.3
2025-04-16,1,6,1-3-4,5.6
2025-04-16,1,7,1-4-6,184.1
2025-04-16,1,8,1-2-4,6.1
2025-04-16,1,9,4-1-2,24.4
2025-04-16,1,10,4-3-1,284.2
2025-04-16,1,11,1-5-6,65.2
2025-04-16,1,12,2-1-6,112.3
2025-04-17,2,1,1-3-4,12.9
2025-04-17,2,2,3-6-2,73.2
2025-04-17,2,3,1-2-3,35.8
2025-04-17,2,4,5-4-3,576.2
2025-04-17,2,5,1-2-5,6.5
2025-04-17,2,6,1-3-5,20.2
2025-04-17,2,7,2-3-1,175.8
2025-04-17,2,8,1-2-3,8.6
2025-04-17,2,9,4-5-6,318.0
2025-04-17,2,10,1-6-2,39.3
2025-04-17,2,11,2-1-4,38.4
2025-04-17,2,12,1-2-6,13.9
2025-04-18,3,1,1-6-4,123.8
2025-04-18,3,2,1-3-2,37.6
2025-04-18,3,3,2-4-1,23.6
2025-04-18,3,4,2-3-5,14.3
2025-04-18,3,5,3-1-4,107.5
2025-04-18,3,6,1-2-3,18.8
2025-04-18,3,7,5-6-2,110.6
2025-04-18,3,8,3-1-4,67.0
2025-04-18,3,9,2-1-3,8.7
2025-04-18,3,10,1-3-5,8.3
2025-04-18,3,11,1-3-2,9.0
2025-04-18,3,12,1-3-2,14.1
2025-04-19,4,1,1-4-6,28.8
2025-04-19,4,2,1-2-4,30.5
2025-04-19,4,3,1-2-5,16.8
2025-04-19,4,4,2-1-3,9.8
2025-04-19,4,5,2-4-1,208.4
2025-04-19,4,6,1-3-4,11.0
2025-04-19,4,7,2-1-3,6.3
2025-04-19,4,8,1-2-3,6.9
2025-04-19,4,9,1-3-4,7.1
2025-04-19,4,10,1-6-5,40.7
2025-04-19,4,11,1-6-3,51.0
2025-04-19,4,12,1-3-4,35.2
2025-04-20,5,1,2-1-3,20.0
2025-04-20,5,2,1-2-3,19.4
2025-04-20,5,3,1-6-2,7.0
2025-04-20,5,4,5-3-6,17.8
2025-04-20,5,5,1-2-6,16.6
2025-04-20,5,6,3-1-6,56.3
2025-04-20,5,7,1-6-4,27.9
2025-04-20,5,8,1-4-5,22.4
2025-04-20,5,9,6-2-1,133.1
2025-04-20,5,10,2-4-1,126.6
2025-04-20,5,11,3-2-4,90.5
2025-04-20,5,12,4-5-2,131.6
2025-04-21,6,1,4-1-2,94.8
2025-04-21,6,2,3-5-6,41.2
2025-04-21,6,3,1-4-5,32.4
2025-04-21,6,4,2-1-3,98.2
2025-04-21,6,5,1-2-5,11.0
2025-04-21,6,6,3-4-2,69.6
2025-04-21,6,7,2-6-4,139.2
2025-04-21,6,8,2-1-3,52.7
2025-04-21,6,9,5-2-3,157.0
2025-04-21,6,10,3-1-2,44.1
2025-04-21,6,11,1-5-6,27.0
2025-04-21,6,12,2-3-5,67.2
2025-04-28,1,1,2-6-3,242.5
2025-04-28,1,2,2-3-6,16.8
2025-04-28,1,3,2-6-3,29.8
2025-04-28,1,4,1-4-6,141.8
2025-04-28,1,5,3-1-2,52.9
2025-04-28,1,6,3-1-4,12.1
2025-04-28,1,7,1-6-5,16.9
2025-04-28,1,8,1-2-4,4.9
2025-04-28,1,9,1-3-4,17.1
2025-04-28,1,10,1-4-5,36.0
2025-04-28,1,11,4-1-3,72.8
2025-04-28,1,12,1-3-2,9.7
2025-04-29,2,1,3-1-2,64.2
2025-04-29,2,2,1-3-2,14.4
2025-04-29,2,3,6-3-2,46.0
2025-04-29,2,4,1-6-5,49.2
2025-04-29,2,5,4-2-3,263.6
2025-04-29,2,6,4-1-2,7.8
2025-04-29,2,7,1-2-3,6.7
2025-04-29,2,8,1-2-6,44.4
2025-04-29,2,9,1-2-5,7.1
2025-04-29,2,10,1-3-4,5.1
2025-04-29,2,11,1-3-2,26.9
2025-04-29,2,12,1-6-2,11.0
2025-04-30,3,1,1-5-4,38.0
2025-04-30,3,2,1-5-6,11.7
2025-04-30,3,3,2-4-6,49.9
2025-04-30,3,4,4-1-2,186.0
2025-04-30,3,5,4-5-2,475.1
2025-04-30,3,6,1-2-3,23.2
2025-04-30,3,7,1-6-2,7.0
2025-04-30,3,8,1-4-2,7.2
2025-04-30,3,9,1-2-3,7.0
2025-04-30,3,10,1-2-5,11.6
2025-04-30,3,11,1-2-4,5.2
2025-04-30,3,12,4-3-6,82.2
2025-05-01,4,1,1-2-4,5.8
2025-05-01,4,2,4-1-5,22.3
2025-05-01,4,3,1-6-2,30.4
2025-05-01,4,4,1-6-5,57.2
2025-05-01,4,5,3-1-4,24.0
2025-05-01,4,6,1-4-3,5.2
2025-05-01,4,7,1-2-5,40.3
2025-05-01,4,8,1-3-4,17.9
2025-05-01,4,9,5-2-1,298.9
2025-05-01,4,10,2-3-4,95.7
2025-05-01,4,11,1-2-3,6.0
2025-05-01,4,12,2-1-5,98.9
2025-05-04,1,1,3-5-6,3.7
2025-05-04,1,2,5-1-4,339.5
2025-05-04,1,3,2-1-6,14.1
2025-05-04,1,4,2-1-3,34.5
2025-05-04,1,5,4-1-5,48.6
2025-05-04,1,6,4-2-3,89.4
2025-05-04,1,7,2-5-1,40.2
2025-05-04,1,8,1-3-2,6.6
2025-05-04,1,9,2-1-4,13.6
2025-05-04,1,10,3-1-5,10.5
2025-05-04,1,11,1-4-5,51.4
2025-05-04,1,12,3-6-4,1354.0
2025-05-05,2,1,2-1-5,12.3
2025-05-05,2,2,4-3-1,94.8
2025-05-05,2,3,4-6-2,71.9
2025-05-05,2,4,2-1-3,25.8
2025-05-05,2,5,3-4-2,39.7
2025-05-05,2,6,4-1-5,186.6
2025-05-05,2,7,1-2-3,8.9
2025-05-05,2,8,1-4-5,10.3
2025-05-05,2,9,3-1-5,59.6
2025-05-05,2,10,1-2-4,17.1
2025-05-05,2,11,1-2-6,25.7
2025-05-05,2,12,2-1-5,36.3
2025-05-06,3,1,1-4-3,32.1
2025-05-06,3,2,3-5-4,12.8
2025-05-06,3,3,3-1-2,24.6
2025-05-06,3,4,4-6-5,218.4
2025-05-06,3,5,1-4-5,39.9
2025-05-06,3,6,1-3-2,30.4
2025-05-06,3,7,1-3-2,18.4
2025-05-06,3,8,1-4-2,5.9
2025-05-06,3,9,2-3-5,84.0
2025-05-06,3,10,1-3-5,4.2
2025-05-06,3,11,1-4-5,15.2
2025-05-06,3,12,1-3-5,7.2
2025-05-07,4,1,3-6-4,32.1
2025-05-07,4,2,2-4-5,14.6
2025-05-07,4,3,1-5-3,25.3
2025-05-07,4,4,3-5-1,16.8
2025-05-07,4,5,2-3-5,30.9
2025-05-07,4,6,3-4-2,56.5
2025-05-07,4,7,1-4-2,11.5
2025-05-07,4,8,1-3-2,14.3
2025-05-07,4,9,3-1-4,12.5
2025-05-07,4,10,1-5-6,77.2
2025-05-07,4,11,4-2-1,227.9
2025-05-07,4,12,1-4-6,17.8
2025-05-08,5,1,3-1-5,264.6
2025-05-08,5,2,1-4-5,11.3
2025-05-08,5,3,1-2-6,7.8
2025-05-08,5,4,5-1-2,20.2
2025-05-08,5,5,2-1-5,87.4
2025-05-08,5,6,1-2-4,6.4
2025-05-08,5,7,3-4-5,223.2
2025-05-08,5,8,1-4-2,7.3
2025-05-08,5,9,3-4-1,97.4
2025-05-08,5,10,1-3-6,45.8
2025-05-08,5,11,1-4-5,11.8
2025-05-08,5,12,1-2-6,17.7
2025-05-09,6,1,2-6-1,552.5
2025-05-09,6,2,3-1-4,56.6
2025-05-09,6,3,1-5-4,70.9
2025-05-09,6,4,1-4-2,27.6
2025-05-09,6,5,1-3-6,7.4
2025-05-09,6,6,1-3-4,3.7
2025-05-09,6,7,1-2-4,19.1
2025-05-09,6,8,2-1-3,67.7
2025-05-09,6,9,1-3-6,23.1
2025-05-09,6,10,1-4-3,17.7
2025-05-09,6,11,2-1-4,75.5
2025-05-09,6,12,1-2-5,8.1
2025-05-19,1,1,1-4-5,37.2
2025-05-19,1,2,1-2-4,16.9
2025-05-19,1,3,2-1-6,10.5
2025-05-19,1,4,6-2-3,27.2
2025-05-19,1,5,1-3-2,7.4
2025-05-19,1,6,1-4-2,18.2
2025-05-19,1,7,1-2-6,40.9
2025-05-19,1,8,1-4-3,8.6
2025-05-19,1,9,1-3-4,13.9
2025-05-19,1,10,1-2-3,4.1
2025-05-19,1,11,1-5-4,29.8
2025-05-19,1,12,6-2-5,747.9
2025-05-20,2,1,3-1-6,53.1
2025-05-20,2,2,4-5-6,32.3
2025-05-20,2,3,1-4-6,24.5
2025-05-20,2,4,1-5-2,87.6
2025-05-20,2,5,4-1-3,19.5
2025-05-20,2,6,1-3-2,10.6
2025-05-20,2,7,1-3-5,5.5
2025-05-20,2,8,1-3-2,24.0
2025-05-20,2,9,1-5-2,31.5
2025-05-20,2,10,4-2-6,341.2
2025-05-20,2,11,1-2-6,15.6
2025-05-20,2,12,1-5-2,25.2
2025-05-21,3,1,2-1-6,65.1
2025-05-21,3,2,1-6-5,12.5
2025-05-21,3,3,2-6-3,85.7
2025-05-21,3,4,1-6-5,158.9
2025-05-21,3,5,1-4-3,17.3
2025-05-21,3,6,1-4-3,5.2
2025-05-21,3,7,4-6-3,54.6
2025-05-21,3,8,1-2-5,13.4
2025-05-21,3,9,1-6-2,117.5
2025-05-21,3,10,2-1-3,17.5
2025-05-21,3,11,1-6-3,124.0
2025-05-21,3,12,1-5-6,89.2
2025-05-22,4,1,4-3-1,243.1
2025-05-22,4,2,2-1-4,102.9
2025-05-22,4,3,4-5-2,82.1
2025-05-22,4,4,3-5-6,62.6
2025-05-22,4,5,1-3-5,15.6
2025-05-22,4,6,1-4-6,68.4
2025-05-22,4,7,1-4-2,4.2
2025-05-22,4,8,1-4-2,4.6
2025-05-22,4,9,1-2-3,7.4
2025-05-22,4,10,2-4-3,419.0
2025-05-22,4,11,2-1-3,21.2
2025-05-22,4,12,1-2-6,23.6
2025-05-27,1,1,1-3-4,12.9
2025-05-27,1,2,2-1-5,46.1
2025-05-27,1,3,1-4-5,22.3
2025-05-27,1,4,1-3-2,10.4
2025-05-27,1,5,1-3-6,42.7
2025-05-27,1,6,1-3-4,18.7
2025-05-27,1,7,1-5-6,25.8
2025-05-27,1,8,3-2-6,67.5
2025-05-27,1,9,1-4-5,21.9
2025-05-27,1,10,2-1-6,138.4
2025-05-27,1,11,1-2-3,8.4
2025-05-27,1,12,2-1-6,22.1
2025-05-28,2,1,1-2-3,15.5
2025-05-28,2,2,1-4-3,47.5
2025-05-28,2,3,1-2-3,8.2
2025-05-28,2,4,2-1-4,34.0
2025-05-28,2,5,1-2-3,13.3
2025-05-28,2,6,1-6-2,29.7
2025-05-28,2,7,1-3-2,9.1
2025-05-28,2,8,1-2-3,6.2
2025-05-28,2,9,1-3-2,10.0
2025-05-28,2,10,1-3-4,17.1
2025-05-28,2,11,1-6-5,62.4
2025-05-28,2,12,6-4-2,130.5
2025-05-29,3,1,1-4-3,16.2
2025-05-29,3,2,4-2-1,382.3
2025-05-29,3,3,1-3-2,9.8
2025-05-29,3,4,4-6-2,72.3
2025-05-29,3,5,4-5-1,30.1
2025-05-29,3,6,1-2-4,54.4
2025-05-29,3,7,1-2-5,42.1
2025-05-29,3,8,1-2-3,8.5
2025-05-29,3,9,1-6-2,32.5
2025-05-29,3,10,1-5-2,14.0
2025-05-29,3,11,1-5-2,25.8
2025-05-29,3,12,1-5-6,39.6
2025-05-30,4,1,2-1-6,39.3
2025-05-30,4,2,1-3-5,10.2
2025-05-30,4,3,1-5-4,52.9
2025-05-30,4,4,2-1-5,78.3
2025-05-30,4,5,1-2-3,10.1
2025-05-30,4,6,1-4-5,20.7
2025-05-30,4,7,1-3-6,14.0
2025-05-30,4,8,1-5-6,31.2
2025-05-30,4,9,1-3-6,11.9
2025-05-30,4,10,3-4-2,38.5
2025-05-30,4,11,1-3-2,14.8
2025-05-30,4,12,1-4-5,15.2
2025-05-31,5,1,1-3-6,30.4
2025-05-31,5,2,1-3-4,6.2
2025-05-31,5,3,1-2-3,10.4
2025-05-31,5,4,1-2-6,53.2
2025-05-31,5,5,4-6-1,63.5
2025-05-31,5,6,1-2-5,10.0
2025-05-31,5,7,1-4-6,54.9
2025-05-31,5,8,4-5-1,50.8
2025-05-31,5,9,1-3-4,11.4
2025-05-31,5,10,1-3-2,6.0
2025-05-31,5,11,1-2-3,7.2
2025-05-31,5,12,1-2-5,24.5
2025-06-01,6,1,5-2-4,891.0
2025-06-01,6,2,6-1-5,1018.5
2025-06-01,6,3,4-5-3,70.9
2025-06-01,6,4,1-3-4,8.5
2025-06-01,6,5,1-4-5,18.0
2025-06-01,6,6,5-2-1,333.2
2025-06-01,6,7,1-5-3,43.9
2025-06-01,6,8,1-2-4,16.1
2025-06-01,6,9,1-2-3,11.7
2025-06-01,6,10,6-4-2,2725.3
2025-06-01,6,11,1-2-4,9.1
2025-06-01,6,12,1-3-2,7.9
2025-06-09,1,1,1-3-2,9.5
2025-06-09,1,2,2-5-4,58.3
2025-06-09,1,3,3-2-5,15.8
2025-06-09,1,4,3-4-5,69.9
2025-06-09,1,5,2-1-5,44.5
2025-06-09,1,6,3-1-4,5.3
2025-06-09,1,7,2-6-4,68.4
2025-06-09,1,8,1-2-4,3.5
2025-06-09,1,9,1-3-5,30.5
2025-06-09,1,10,2-1-3,18.5
2025-06-09,1,11,1-3-4,5.7
2025-06-09,1,12,1-4-3,35.9
2025-06-10,2,1,1-6-2,30.7
2025-06-10,2,2,2-1-6,68.6
2025-06-10,2,3,1-3-4,12.3
2025-06-10,2,4,6-5-3,663.5
2025-06-10,2,5,4-2-6,54.2
2025-06-10,2,6,1-4-2,7.2
2025-06-10,2,7,1-5-6,95.7
2025-06-10,2,8,1-2-5,7.8
2025-06-10,2,9,1-2-3,7.7
2025-06-10,2,10,1-2-5,6.3
2025-06-10,2,11,2-3-5,157.4
2025-06-10,2,12,1-2-3,6.0
2025-06-11,3,1,1-3-4,7.0
2025-06-11,3,2,3-1-4,19.1
2025-06-11,3,3,1-3-2,34.7
2025-06-11,3,4,1-5-2,23.9
2025-06-11,3,5,1-5-2,18.9
2025-06-11,3,6,1-3-4,4.3
2025-06-11,3,7,3-1-6,27.8
2025-06-11,3,8,1-2-5,6.3
2025-06-11,3,9,2-3-5,32.3
2025-06-11,3,10,3-2-4,108.7
2025-06-11,3,11,2-1-3,17.2
2025-06-11,3,12,4-6-5,443.6
2025-06-12,4,1,4-2-6,74.4
2025-06-12,4,2,4-2-3,21.6
2025-06-12,4,3,2-1-4,26.3
2025-06-12,4,4,3-2-5,35.2
2025-06-12,4,5,3-1-5,199.4
2025-06-12,4,6,5-1-3,239.9
2025-06-12,4,7,1-4-5,19.2
2025-06-12,4,8,1-2-3,4.8
2025-06-12,4,9,1-3-5,54.4
2025-06-12,4,10,1-3-6,30.7
2025-06-12,4,11,1-3-5,9.6
2025-06-12,4,12,1-2-3,8.2
2025-06-13,5,1,1-4-2,32.6
2025-06-13,5,2,1-6-3,22.1
2025-06-13,5,3,4-6-1,72.0
2025-06-13,5,4,1-2-3,5.0
2025-06-13,5,5,2-1-6,35.0
2025-06-13,5,6,1-2-4,11.0
2025-06-13,5,7,5-6-1,162.2
2025-06-13,5,8,1-3-4,18.6
2025-06-13,5,9,1-2-3,3.3
2025-06-13,5,10,2-1-3,16.8
2025-06-13,5,11,1-3-4,7.4
2025-06-13,5,12,1-4-5,17.8
2025-06-14,6,1,4-1-5,143.3
2025-06-14,6,2,6-1-2,18.3
2025-06-14,6,3,5-1-3,127.0
2025-06-14,6,4,1-5-4,63.4
2025-06-14,6,5,1-4-6,21.9
2025-06-14,6,6,1-3-4,5.0
2025-06-14,6,7,1-2-6,6.8
2025-06-14,6,8,1-3-4,7.7
2025-06-14,6,9,5-6-1,579.1
2025-06-14,6,10,1-3-2,12.1
2025-06-14,6,11,1-2-3,4.0
2025-06-14,6,12,6-1-2,158.2
2025-06-15,7,1,1-4-2,15.6
2025-06-15,7,2,4-3-1,152.2
2025-06-15,7,3,4-6-5,236.2
2025-06-15,7,4,1-2-3,5.1
2025-06-15,7,5,1-5-2,6.2
2025-06-15,7,6,1-2-6,36.3
2025-06-15,7,7,1-5-2,20.6
2025-06-15,7,8,1-3-2,6.6
2025-06-15,7,9,3-1-4,128.5
2025-06-15,7,10,1-2-6,17.1
2025-06-15,7,11,4-6-5,260.0
2025-06-15,7,12,2-1-4,14.3
2025-06-18,1,1,1-3-4,128.8
2025-06-18,1,2,3-6-1,190.8
2025-06-18,1,3,1-5-2,50.3
2025-06-18,1,4,6-5-2,58.9
2025-06-18,1,5,4-6-1,14.9
2025-06-18,1,6,1-4-5,33.7
2025-06-18,1,7,2-1-4,173.6
2025-06-18,1,8,1-2-5,10.8
2025-06-18,1,9,2-1-3,22.1
2025-06-18,1,10,1-2-4,6.5
2025-06-18,1,11,1-2-3,3.8
2025-06-18,1,12,2-5-1,338.6
2025-06-19,2,1,4-5-1,159.2
2025-06-19,2,2,6-3-1,23.5
2025-06-19,2,3,4-5-6,18.5
2025-06-19,2,4,2-4-5,69.4
2025-06-19,2,5,2-1-3,18.9
2025-06-19,2,6,1-3-4,5.5
2025-06-19,2,7,4-2-1,64.2
2025-06-19,2,8,1-2-5,18.1
2025-06-19,2,9,1-3-2,5.0
2025-06-19,2,10,1-2-3,6.1
2025-06-19,2,11,1-2-5,12.6
2025-06-19,2,12,5-6-2,98.4
2025-06-20,3,1,1-6-5,63.5
2025-06-20,3,2,1-5-2,15.1
2025-06-20,3,3,5-2-3,143.7
2025-06-20,3,4,2-6-5,180.3
2025-06-20,3,5,4-5-1,8.4
2025-06-20,3,6,1-6-5,19.3
2025-06-20,3,7,1-6-4,30.6
2025-06-20,3,8,1-2-3,7.4
2025-06-20,3,9,1-3-2,6.1
2025-06-20,3,10,2-1-3,29.3
2025-06-20,3,11,4-3-1,335.3
2025-06-20,3,12,1-2-6,80.7
2025-06-21,4,1,1-2-4,10.1
2025-06-21,4,2,3-2-6,32.6
2025-06-21,4,3,1-3-4,52.8
2025-06-21,4,4,1-2-4,16.2
2025-06-21,4,5,1-3-6,78.4
2025-06-21,4,6,1-2-5,37.8
2025-06-21,4,7,6-4-2,123.0
2025-06-21,4,8,1-2-6,53.8
2025-06-21,4,9,4-1-2,33.4
2025-06-21,4,10,1-2-3,5.6
2025-06-21,4,11,1-4-5,19.6
2025-06-21,4,12,4-2-5,156.0
2025-06-24,1,1,3-1-4,29.0
2025-06-24,1,2,5-1-2,63.2
2025-06-24,1,3,3-5-6,225.0
2025-06-24,1,4,5-1-3,380.6
2025-06-24,1,5,1-6-2,21.9
2025-06-24,1,6,3-5-1,228.9
2025-06-24,1,7,1-2-5,8.0
2025-06-24,1,8,6-5-1,2019.3
2025-06-24,1,9,1-6-4,77.4
2025-06-24,1,10,1-4-2,22.7
2025-06-24,1,11,1-2-5,8.4
2025-06-24,1,12,1-2-6,16.4
2025-06-25,2,1,3-2-1,51.2
2025-06-25,2,2,4-1-6,34.0
2025-06-25,2,3,1-2-5,13.7
2025-06-25,2,4,2-1-4,106.5
2025-06-25,2,5,1-5-3,23.5
2025-06-25,2,6,4-1-3,19.2
2025-06-25,2,7,2-3-6,40.8
2025-06-25,2,8,1-2-3,13.5
2025-06-25,2,9,2-1-6,21.3
2025-06-25,2,10,3-2-4,103.4
2025-06-25,2,11,2-1-3,15.0
2025-06-25,2,12,1-5-2,14.0
2025-06-26,3,1,2-1-5,15.6
2025-06-26,3,2,1-2-5,15.7
2025-06-26,3,3,5-1-6,121.9
2025-06-26,3,4,1-5-3,73.8
2025-06-26,3,5,1-2-3,8.4
2025-06-26,3,6,4-6-1,63.6
2025-06-26,3,7,2-1-3,15.3
2025-06-26,3,8,1-6-4,53.6
2025-06-26,3,9,1-4-2,26.9
2025-06-26,3,10,1-3-5,10.8
2025-06-26,3,11,1-3-4,20.5
2025-06-26,3,12,1-3-6,16.1
2025-06-27,4,1,1-5-2,20.9
2025-06-27,4,2,5-4-3,148.9
2025-06-27,4,3,1-3-2,44.7
2025-06-27,4,4,6-2-3,77.5
2025-06-27,4,5,4-5-1,128.3
2025-06-27,4,6,1-6-4,80.2
2025-06-27,4,7,1-6-4,13.3
2025-06-27,4,8,1-3-4,34.2
2025-06-27,4,9,3-6-5,607.1
2025-06-27,4,10,1-3-4,12.9
2025-06-27,4,11,4-1-6,61.7
2025-06-27,4,12,1-2-3,18.1
2025-06-28,5,1,2-6-3,767.1
2025-06-28,5,2,3-5-2,165.5
2025-06-28,5,3,2-1-6,27.6
2025-06-28,5,4,1-4-6,35.9
2025-06-28,5,5,1-5-2,11.4
2025-06-28,5,6,1-4-3,8.2
2025-06-28,5,7,1-2-4,14.0
2025-06-28,5,8,1-5-4,51.4
2025-06-28,5,9,1-3-4,28.6
2025-06-28,5,10,1-5-6,72.7
2025-06-28,5,11,1-3-4,7.9
2025-06-28,5,12,1-3-6,24.0
2025-06-29,6,1,1-3-5,11.3
2025-06-29,6,2,1-4-3,12.6
2025-06-29,6,3,4-5-1,135.7
2025-06-29,6,4,2-1-3,34.2
2025-06-29,6,5,1-2-4,4.0
2025-06-29,6,6,1-6-5,90.0
2025-06-29,6,7,1-2-6,19.3
2025-06-29,6,8,1-3-4,3.2
2025-06-29,6,9,1-3-5,21.2
2025-06-29,6,10,1-5-3,36.5
2025-06-29,6,11,2-5-3,142.3
2025-06-29,6,12,1-4-6,24.4
2025-07-12,1,1,1-5-6,36.0
2025-07-12,1,2,1-5-3,15.8
2025-07-12,1,3,4-2-1,70.1
2025-07-12,1,4,2-1-6,34.9
2025-07-12,1,5,1-4-3,28.3
2025-07-12,1,6,3-4-1,117.4
2025-07-12,1,7,2-5-1,469.8
2025-07-12,1,8,1-3-4,7.3
2025-07-12,1,9,1-5-2,78.5
2025-07-12,1,10,1-4-2,10.9
2025-07-12,1,11,2-6-4,195.0
2025-07-12,1,12,1-2-3,12.0
2025-07-13,2,1,4-1-6,25.4
2025-07-13,2,2,6-4-5,344.8
2025-07-13,2,3,3-2-4,111.8
2025-07-13,2,4,3-1-5,13.4
2025-07-13,2,5,4-1-2,48.1
2025-07-13,2,6,1-2-4,21.2
2025-07-13,2,7,1-2-3,6.3
2025-07-13,2,8,1-2-6,11.5
2025-07-13,2,9,1-2-4,4.4
2025-07-13,2,10,1-5-4,24.2
2025-07-13,2,11,2-5-3,176.3
2025-07-13,2,12,2-1-5,12.6
2025-07-14,3,1,1-3-5,12.2
2025-07-14,3,2,1-3-6,33.0
2025-07-14,3,3,1-4-6,9.1
2025-07-14,3,4,1-5-3,8.4
2025-07-14,3,5,2-4-6,961.3
2025-07-14,3,6,1-4-2,24.0
2025-07-14,3,7,1-6-3,12.5
2025-07-14,3,8,1-4-2,8.3
2025-07-14,3,9,1-3-4,19.1
2025-07-14,3,10,2-1-3,38.2
2025-07-14,3,11,3-5-4,700.1
2025-07-14,3,12,4-5-6,61.3
2025-07-15,4,1,5-4-6,47.7
2025-07-15,4,2,3-4-1,43.8
2025-07-15,4,3,6-3-4,450.5
2025-07-15,4,4,2-4-1,55.5
2025-07-15,4,5,2-3-4,107.4
2025-07-15,4,6,1-2-6,7.9
2025-07-15,4,7,1-2-3,5.7
2025-07-15,4,8,1-3-2,6.6
2025-07-15,4,9,1-2-5,17.1
2025-07-15,4,10,3-1-4,13.9
2025-07-15,4,11,4-1-3,42.6
2025-07-15,4,12,2-1-4,14.2
2025-07-18,1,1,5-1-2,160.9
2025-07-18,1,2,1-2-4,24.2
2025-07-18,1,3,5-6-3,137.4
2025-07-18,1,4,5-4-6,99.5
2025-07-18,1,5,2-1-6,71.5
2025-07-18,1,6,2-4-1,28.7
2025-07-18,1,7,1-3-2,12.7
2025-07-18,1,8,1-2-3,5.2
2025-07-18,1,9,1-3-2,8.7
2025-07-18,1,10,1-3-4,7.7
2025-07-18,1,11,1-3-2,7.1
2025-07-18,1,12,2-5-1,269.5
2025-07-19,2,1,1-3-5,9.5
2025-07-19,2,2,4-1-6,32.8
2025-07-19,2,3,5-4-6,48.4
2025-07-19,2,4,4-6-5,33.0
2025-07-19,2,5,4-1-2,232.1
2025-07-19,2,6,1-3-5,23.9
2025-07-19,2,7,2-1-6,11.9
2025-07-19,2,8,1-3-4,21.8
2025-07-19,2,9,3-1-4,112.1
2025-07-19,2,10,2-3-4,47.8
2025-07-19,2,11,1-4-2,41.5
2025-07-19,2,12,1-2-3,8.2
2025-07-20,3,1,1-3-2,20.7
2025-07-20,3,2,1-4-3,57.1
2025-07-20,3,3,1-4-2,71.4
2025-07-20,3,4,2-3-4,168.4
2025-07-20,3,5,5-3-4,29.3
2025-07-20,3,6,1-5-2,15.1
2025-07-20,3,7,2-4-3,151.2
2025-07-20,3,8,1-3-4,9.8
2025-07-20,3,9,1-2-5,7.4
2025-07-20,3,10,1-3-2,42.8
2025-07-20,3,11,1-2-6,7.2
2025-07-20,3,12,1-4-6,112.7
2025-07-21,4,1,1-2-5,17.8
2025-07-21,4,2,1-3-6,37.5
2025-07-21,4,3,3-1-5,226.7
2025-07-21,4,4,5-1-2,21.8
2025-07-21,4,5,2-3-4,43.3
2025-07-21,4,6,1-2-3,15.1
2025-07-21,4,7,2-6-5,47.5
2025-07-21,4,8,1-2-4,5.6
2025-07-21,4,9,2-5-6,430.6
2025-07-21,4,10,1-2-3,6.5
2025-07-21,4,11,5-1-2,129.4
2025-07-21,4,12,2-5-4,296.5
2025-07-22,5,1,1-6-2,24.4
2025-07-22,5,2,1-2-4,16.4
2025-07-22,5,3,2-4-3,108.1
2025-07-22,5,4,3-5-6,40.1
2025-07-22,5,5,1-4-5,89.5
2025-07-22,5,6,1-3-2,8.6
2025-07-22,5,7,5-3-2,234.0
2025-07-22,5,8,1-3-4,13.5
2025-07-22,5,9,3-1-2,57.7
2025-07-22,5,10,1-4-6,90.6
2025-07-22,5,11,6-3-1,238.7
2025-07-22,5,12,4-1-3,135.1
2025-07-25,1,1,4-5-3,166.5
2025-07-25,1,2,3-5-1,21.4
2025-07-25,1,3,1-2-3,28.6
2025-07-25,1,4,3-1-4,156.3
2025-07-25,1,5,2-4-1,11.6
2025-07-25,1,6,2-4-5,37.1
2025-07-25,1,7,1-4-2,12.9
2025-07-25,1,8,2-1-3,8.9
2025-07-25,1,9,1-3-2,4.8
2025-07-25,1,10,1-2-3,3.4
2025-07-25,1,11,1-4-3,11.0
2025-07-25,1,12,1-2-4,9.3
2025-07-26,2,1,1-2-3,13.2
2025-07-26,2,2,1-3-2,134.0
2025-07-26,2,3,2-5-1,381.4
2025-07-26,2,4,1-2-4,66.9
2025-07-26,2,5,3-1-5,59.3
2025-07-26,2,6,1-2-3,4.9
2025-07-26,2,7,1-2-3,6.0
2025-07-26,2,8,3-1-4,41.1
2025-07-26,2,9,1-3-6,11.5
2025-07-26,2,10,3-1-4,27.6
2025-07-26,2,11,2-4-5,7.4
2025-07-26,2,12,1-6-3,171.0
2025-07-27,3,1,4-6-2,117.1
2025-07-27,3,2,2-3-1,34.4
2025-07-27,3,3,3-2-4,15.8
2025-07-27,3,4,2-6-5,198.8
2025-07-27,3,5,2-3-5,52.6
2025-07-27,3,6,4-2-5,127.6
2025-07-27,3,7,1-2-3,5.1
2025-07-27,3,8,1-3-4,4.4
2025-07-27,3,9,1-4-2,10.6
2025-07-27,3,10,1-2-4,15.7
2025-07-27,3,11,1-3-4,3.9
2025-07-27,3,12,1-2-4,11.1
2025-07-28,4,1,1-4-6,253.9
2025-07-28,4,2,3-2-5,71.7
2025-07-28,4,3,4-6-1,58.9
2025-07-28,4,4,3-2-5,79.7
2025-07-28,4,5,3-1-5,28.1
2025-07-28,4,6,1-3-2,4.5
2025-07-28,4,7,1-4-2,3.5
2025-07-28,4,8,1-2-4,8.2
2025-07-28,4,9,1-3-2,5.6
2025-07-28,4,10,4-1-5,9.8
2025-07-28,4,11,3-1-4,130.5
2025-07-28,4,12,5-6-1,33.6
2025-07-29,5,1,1-3-2,7.8
2025-07-29,5,2,3-4-5,31.8
2025-07-29,5,3,1-3-5,23.3
2025-07-29,5,4,6-2-4,313.4
2025-07-29,5,5,1-3-4,37.8
2025-07-29,5,6,6-1-5,35.6
2025-07-29,5,7,1-3-6,6.9
2025-07-29,5,8,1-3-4,6.4
2025-07-29,5,9,1-4-2,19.8
2025-07-29,5,10,1-3-5,13.7
2025-07-29,5,11,1-3-5,13.6
2025-07-29,5,12,2-3-5,166.3
2025-07-30,6,1,3-2-5,199.9
2025-07-30,6,2,4-2-6,298.3
2025-07-30,6,3,1-2-6,11.8
2025-07-30,6,4,1-6-5,47.0
2025-07-30,6,5,3-1-6,72.2
2025-07-30,6,6,1-2-3,4.6
2025-07-30,6,7,2-1-6,10.2
2025-07-30,6,8,2-1-4,15.5
2025-07-30,6,9,3-1-6,25.0
2025-07-30,6,10,1-3-2,11.8
2025-07-30,6,11,1-3-4,5.5
2025-07-30,6,12,1-3-2,6.4
2025-08-04,1,1,5-2-1,109.4
2025-08-04,1,2,3-5-6,137.3
2025-08-04,1,3,3-1-6,34.8
2025-08-04,1,4,2-1-3,25.5
2025-08-04,1,5,3-5-4,46.7
2025-08-04,1,6,2-3-6,305.6
2025-08-04,1,7,2-1-3,14.1
2025-08-04,1,8,1-2-4,3.9
2025-08-04,1,9,1-4-3,13.8
2025-08-04,1,10,1-3-4,14.5
2025-08-04,1,11,3-2-1,58.8
2025-08-04,1,12,1-5-2,18.2
2025-08-05,2,1,1-2-6,94.5
2025-08-05,2,2,1-4-6,60.4
2025-08-05,2,3,1-3-4,50.2
2025-08-05,2,4,3-6-5,89.0
2025-08-05,2,5,3-4-6,15.2
2025-08-05,2,6,1-3-4,10.3
2025-08-05,2,7,1-3-2,6.8
2025-08-05,2,8,1-4-5,12.8
2025-08-05,2,9,1-5-2,16.1
2025-08-05,2,10,1-6-5,65.5
2025-08-05,2,11,1-2-4,8.5
2025-08-05,2,12,1-3-2,7.5
2025-08-06,3,1,1-2-3,10.3
2025-08-06,3,2,1-2-6,29.7
2025-08-06,3,3,2-6-4,64.7
2025-08-06,3,4,1-2-3,14.3
2025-08-06,3,5,1-2-5,35.5
2025-08-06,3,6,1-3-2,14.4
2025-08-06,3,7,2-5-4,46.0
2025-08-06,3,8,1-2-4,4.0
2025-08-06,3,9,1-3-6,8.2
2025-08-06,3,10,1-2-3,6.8
2025-08-06,3,11,1-2-5,7.7
2025-08-06,3,12,1-2-4,6.5
2025-08-07,4,1,1-3-5,16.9
2025-08-07,4,2,1-3-2,12.4
2025-08-07,4,3,3-5-6,62.7
2025-08-07,4,4,1-3-6,16.2
2025-08-07,4,5,1-2-3,17.0
2025-08-07,4,6,3-6-5,524.1
2025-08-07,4,7,1-4-5,9.5
2025-08-07,4,8,1-5-3,133.4
2025-08-07,4,9,1-3-6,33.2
2025-08-07,4,10,1-4-3,33.9
2025-08-07,4,11,1-2-3,8.5
2025-08-07,4,12,1-3-4,8.3
2025-08-08,5,1,1-5-2,38.5
2025-08-08,5,2,4-6-3,340.7
2025-08-08,5,3,1-2-5,24.4
2025-08-08,5,4,1-2-4,13.5
2025-08-08,5,5,1-2-5,12.4
2025-08-08,5,6,1-2-3,8.1
2025-08-08,5,7,1-2-4,15.3
2025-08-08,5,8,1-4-2,6.3
2025-08-08,5,9,2-5-1,287.3
2025-08-08,5,10,4-3-6,456.8
2025-08-08,5,11,3-1-4,33.2
2025-08-08,5,12,1-3-2,14.0
2025-08-10,1,1,3-4-2,77.8
2025-08-10,1,2,2-1-4,43.7
2025-08-10,1,3,1-2-5,28.9
2025-08-10,1,4,1-4-3,143.4
2025-08-10,1,5,3-2-6,529.0
2025-08-10,1,6,1-2-3,13.9
2025-08-10,1,7,1-2-3,9.8
2025-08-10,1,8,1-5-4,73.2
2025-08-10,1,9,1-4-5,11.4
2025-08-10,1,10,1-2-6,26.3
2025-08-10,1,11,1-5-3,47.1
2025-08-10,1,12,1-5-2,61.1
2025-08-11,2,1,2-1-3,21.9
2025-08-11,2,2,2-6-5,104.5
2025-08-11,2,3,4-2-3,56.2
2025-08-11,2,4,5-4-2,100.1
2025-08-11,2,5,4-5-6,13.1
2025-08-11,2,6,5-1-2,31.4
2025-08-11,2,7,5-1-2,58.7
2025-08-11,2,8,1-6-3,7.5
2025-08-11,2,9,1-3-5,6.6
2025-08-11,2,10,1-3-2,8.6
2025-08-11,2,11,1-4-3,11.2
2025-08-11,2,12,1-3-2,14.5
2025-08-12,3,1,2-6-1,780.3
2025-08-12,3,2,3-4-1,27.6
2025-08-12,3,3,1-4-5,58.9
2025-08-12,3,4,2-3-1,39.5
2025-08-12,3,5,5-2-4,83.7
2025-08-12,3,6,3-4-6,10.1
2025-08-12,3,7,4-3-1,1308.6
2025-08-12,3,8,1-3-4,13.8
2025-08-12,3,9,1-2-5,17.4
2025-08-12,3,10,5-3-2,549.2
2025-08-12,3,11,1-4-2,5.6
2025-08-12,3,12,3-5-4,78.9
2025-08-13,4,1,4-1-3,51.1
2025-08-13,4,2,4-1-3,65.7
2025-08-13,4,3,1-3-2,8.4
2025-08-13,4,4,1-3-5,33.4
2025-08-13,4,5,1-3-4,11.6
2025-08-13,4,6,1-2-3,17.3
2025-08-13,4,7,3-1-5,25.1
2025-08-13,4,8,1-3-2,11.0
2025-08-13,4,9,3-6-1,16.1
2025-08-13,4,10,1-4-2,7.3
2025-08-13,4,11,1-4-5,24.1
2025-08-13,4,12,1-4-5,9.3
2025-08-17,1,1,1-2-4,20.5
2025-08-17,1,2,1-2-6,137.8
2025-08-17,1,3,1-3-4,12.8
2025-08-17,1,4,3-1-5,166.8
2025-08-17,1,5,1-2-6,16.1
2025-08-17,1,6,1-2-3,9.2
2025-08-17,1,7,1-3-5,7.9
2025-08-17,1,8,1-4-2,6.6
2025-08-17,1,9,2-1-6,98.8
2025-08-17,1,10,1-2-3,4.0
2025-08-17,1,11,1-2-3,7.8
2025-08-17,1,12,1-2-4,6.5
2025-08-18,2,1,1-2-4,13.9
2025-08-18,2,2,1-4-5,29.1
2025-08-18,2,3,3-2-6,215.4
2025-08-18,2,4,5-6-1,233.3
2025-08-18,2,5,1-4-2,24.7
2025-08-18,2,6,1-3-4,24.9
2025-08-18,2,7,1-3-2,24.8
2025-08-18,2,8,1-4-2,5.3
2025-08-18,2,9,1-2-3,5.7
2025-08-18,2,10,1-4-3,45.1
2025-08-18,2,11,1-2-4,12.1
2025-08-18,2,12,1-5-6,59.1
2025-08-19,3,1,1-2-4,9.1
2025-08-19,3,2,1-6-2,183.4
2025-08-19,3,3,4-3-5,16.6
2025-08-19,3,4,3-6-5,22.4
2025-08-19,3,5,5-6-2,88.2
2025-08-19,3,6,5-1-4,162.4
2025-08-19,3,7,6-2-3,87.5
2025-08-19,3,8,1-4-2,7.9
2025-08-19,3,9,1-3-5,7.6
2025-08-19,3,10,1-3-2,15.5
2025-08-19,3,11,1-3-2,5.8
2025-08-19,3,12,3-2-1,137.6
2025-08-20,4,1,1-5-6,23.0
2025-08-20,4,2,3-4-6,84.9
2025-08-20,4,3,3-5-1,60.7
2025-08-20,4,4,3-6-5,36.9
2025-08-20,4,5,3-1-5,23.5
2025-08-20,4,6,1-2-4,17.2
2025-08-20,4,7,4-2-6,132.8
2025-08-20,4,8,1-2-4,5.3
2025-08-20,4,9,1-2-4,37.4
2025-08-20,4,10,5-1-3,32.0
2025-08-20,4,11,1-2-6,27.1
2025-08-20,4,12,1-4-5,11.1
2025-08-21,5,1,1-5-2,25.1
2025-08-21,5,2,1-2-6,30.3
2025-08-21,5,3,2-6-1,58.6
2025-08-21,5,4,5-1-2,32.8
2025-08-21,5,5,5-1-6,24.1
2025-08-21,5,6,3-5-6,39.5
2025-08-21,5,7,1-6-3,5.9
2025-08-21,5,8,1-2-3,7.2
2025-08-21,5,9,1-2-4,9.0
2025-08-21,5,10,2-1-6,51.5
2025-08-21,5,11,1-5-2,17.6
2025-08-21,5,12,3-2-5,15.9
2025-08-22,6,1,5-6-3,278.8
2025-08-22,6,2,5-1-3,29.8
2025-08-22,6,3,2-6-5,458.4
2025-08-22,6,4,1-3-4,14.2
2025-08-22,6,5,1-5-2,27.9
2025-08-22,6,6,1-3-2,9.0
2025-08-22,6,7,1-2-6,3.4
2025-08-22,6,8,1-2-4,4.8
2025-08-22,6,9,1-2-4,23.0
2025-08-22,6,10,5-4-3,694.4
2025-08-22,6,11,1-2-3,6.8
2025-08-22,6,12,1-2-3,7.2
2025-09-03,1,1,2-4-1,32.7
2025-09-03,1,2,5-1-2,63.9
2025-09-03,1,3,2-1-6,57.6
2025-09-03,1,4,4-3-5,36.2
2025-09-03,1,5,5-6-2,893.3
2025-09-03,1,6,3-6-1,26.7
2025-09-03,1,7,1-6-2,98.3
2025-09-03,1,8,1-3-2,13.6
2025-09-03,1,9,1-2-3,6.2
2025-09-03,1,10,1-3-6,18.1
2025-09-03,1,11,1-4-2,14.8
2025-09-03,1,12,1-4-3,16.0
2025-09-04,2,1,1-5-6,70.2
2025-09-04,2,2,2-1-3,30.0
2025-09-04,2,3,5-6-3,118.1
2025-09-04,2,4,1-2-5,41.8
2025-09-04,2,5,5-4-6,51.2
2025-09-04,2,6,3-1-4,12.8
2025-09-04,2,7,1-5-3,9.2
2025-09-04,2,8,1-2-3,5.0
2025-09-04,2,9,1-4-2,18.6
2025-09-04,2,10,1-2-3,4.0
2025-09-04,2,11,1-3-2,9.6
2025-09-04,2,12,1-3-4,32.5
2025-09-05,3,1,1-3-5,27.4
2025-09-05,3,2,5-2-6,360.1
2025-09-05,3,3,1-4-6,48.5
2025-09-05,3,4,2-3-1,42.1
2025-09-05,3,5,1-2-4,11.8
2025-09-05,3,6,1-2-3,10.8
2025-09-05,3,7,1-4-5,8.8
2025-09-05,3,8,1-6-5,62.7
2025-09-05,3,9,1-6-4,207.7
2025-09-05,3,10,3-1-6,31.9
2025-09-05,3,11,1-3-2,56.0
2025-09-05,3,12,1-5-2,14.4
2025-09-06,4,1,1-4-2,19.5
2025-09-06,4,2,3-1-6,33.3
2025-09-06,4,3,1-2-3,30.3
2025-09-06,4,4,1-3-4,63.6
2025-09-06,4,5,6-2-4,104.7
2025-09-06,4,6,1-6-2,9.5
2025-09-06,4,7,1-3-2,16.9
2025-09-06,4,8,2-1-4,65.3
2025-09-06,4,9,1-3-4,8.8
2025-09-06,4,10,4-1-2,65.0
2025-09-06,4,11,5-1-6,430.0
2025-09-06,4,12,2-3-4,40.0
2025-09-07,5,1,2-3-4,12.8
2025-09-07,5,2,1-3-4,11.6
2025-09-07,5,3,3-5-2,24.9
2025-09-07,5,4,1-3-2,34.3
2025-09-07,5,5,1-4-6,8.4
2025-09-07,5,6,1-2-3,6.3
2025-09-07,5,7,1-3-6,5.9
2025-09-07,5,8,1-2-3,7.8
2025-09-07,5,9,2-1-3,11.0
2025-09-07,5,10,4-1-6,76.8
2025-09-07,5,11,1-5-3,18.8
2025-09-07,5,12,1-4-3,18.4
2025-09-12,1,1,2-1-3,35.4
2025-09-12,1,2,3-5-6,49.2
2025-09-12,1,3,4-3-2,297.9
2025-09-12,1,4,5-6-2,46.8
2025-09-12,1,5,3-5-1,43.2
2025-09-12,1,6,5-1-4,24.3
2025-09-12,1,7,1-2-3,7.5
2025-09-12,1,8,1-2-4,3.9
2025-09-12,1,9,1-3-4,6.3
2025-09-12,1,10,1-3-5,40.2
2025-09-12,1,11,3-1-2,59.5
2025-09-12,1,12,1-3-5,20.7
2025-09-13,2,1,1-3-2,11.6
2025-09-13,2,2,3-2-1,41.8
2025-09-13,2,3,6-1-5,86.4
2025-09-13,2,4,3-2-1,39.6
2025-09-13,2,5,5-3-2,1453.7
2025-09-13,2,6,1-2-3,16.8
2025-09-13,2,7,1-6-5,25.5
2025-09-13,2,8,5-2-1,302.7
2025-09-13,2,9,6-2-1,74.4
2025-09-13,2,10,3-4-6,225.0
2025-09-13,2,11,4-1-2,168.6
2025-09-13,2,12,1-6-5,95.2
2025-09-14,3,1,6-1-3,24.4
2025-09-14,3,2,4-3-6,142.2
2025-09-14,3,3,5-6-1,482.7
2025-09-14,3,4,1-5-2,61.4
2025-09-14,3,5,4-5-3,13.0
2025-09-14,3,6,1-6-5,186.8
2025-09-14,3,7,1-2-5,10.2
2025-09-14,3,8,1-2-4,4.8
2025-09-14,3,9,1-3-2,12.5
2025-09-14,3,10,4-1-3,87.0
2025-09-14,3,11,1-3-6,32.3
2025-09-14,3,12,1-2-4,12.1
2025-09-15,4,1,1-2-3,19.0
2025-09-15,4,2,3-2-5,34.3
2025-09-15,4,3,1-3-2,22.8
2025-09-15,4,4,1-4-3,46.8
2025-09-15,4,5,1-4-5,19.2
2025-09-15,4,6,1-2-5,60.3
2025-09-15,4,7,1-4-6,6.3
2025-09-15,4,8,4-1-3,75.2
2025-09-15,4,9,1-2-5,9.6
2025-09-15,4,10,5-6-2,2260.4
2025-09-15,4,11,3-6-1,198.5
2025-09-15,4,12,5-1-3,189.9
2025-09-16,5,1,1-4-5,33.3
2025-09-16,5,2,1-3-2,34.5
2025-09-16,5,3,3-1-4,53.4
2025-09-16,5,4,1-2-6,9.9
2025-09-16,5,5,4-6-1,128.8
2025-09-16,5,6,4-6-5,35.4
2025-09-16,5,7,6-1-3,32.3
2025-09-16,5,8,1-2-4,7.2
2025-09-16,5,9,1-2-3,4.6
2025-09-16,5,10,1-6-2,66.8
2025-09-16,5,11,1-6-4,79.7
2025-09-16,5,12,1-4-3,19.4
2025-09-17,6,1,1-6-4,76.0
2025-09-17,6,2,2-5-6,17.1
2025-09-17,6,3,5-1-3,92.1
2025-09-17,6,4,4-1-6,26.3
2025-09-17,6,5,1-3-4,6.5
2025-09-17,6,6,1-3-2,34.6
2025-09-17,6,7,1-3-2,50.0
2025-09-17,6,8,1-4-5,22.3
2025-09-17,6,9,3-2-1,95.5
2025-09-17,6,10,6-4-1,611.8
2025-09-17,6,11,1-5-2,25.5
2025-09-17,6,12,1-3-5,11.2
2025-09-18,7,1,1-4-5,24.6
2025-09-18,7,2,1-3-2,8.2
2025-09-18,7,3,1-6-4,49.0
2025-09-18,7,4,1-2-3,12.0
2025-09-18,7,5,1-3-4,7.2
2025-09-18,7,6,1-3-4,12.4
2025-09-18,7,7,4-1-6,72.6
2025-09-18,7,8,1-6-5,117.7
2025-09-18,7,9,1-4-6,10.2
2025-09-18,7,10,1-4-2,29.0
2025-09-18,7,11,1-3-4,12.1
2025-09-18,7,12,1-4-6,37.8
2025-09-25,1,1,5-3-4,432.8
2025-09-25,1,2,4-3-1,35.6
2025-09-25,1,3,1-4-2,30.6
2025-09-25,1,4,4-6-1,30.8
2025-09-25,1,5,6-2-1,96.9
2025-09-25,1,6,1-5-2,20.7
2025-09-25,1,7,1-5-3,14.4
2025-09-25,1,8,4-1-3,55.8
2025-09-25,1,9,1-2-5,10.4
2025-09-25,1,10,1-2-4,5.6
2025-09-25,1,11,1-3-4,6.9
2025-09-25,1,12,1-5-3,34.9
2025-09-26,2,1,1-2-3,4.1
2025-09-26,2,2,6-4-5,100.6
2025-09-26,2,3,1-3-2,35.3
2025-09-26,2,4,5-1-4,37.7
2025-09-26,2,5,3-1-6,27.5
2025-09-26,2,6,5-3-2,202.8
2025-09-26,2,7,2-1-6,19.0
2025-09-26,2,8,1-3-5,9.6
2025-09-26,2,9,1-2-5,11.0
2025-09-26,2,10,1-3-2,11.3
2025-09-26,2,11,1-6-2,238.0
2025-09-26,2,12,1-4-5,14.2
2025-09-27,3,1,3-6-1,249.5
2025-09-27,3,2,2-1-5,19.6
2025-09-27,3,3,2-1-5,84.6
2025-09-27,3,4,2-5-3,71.8
2025-09-27,3,5,2-4-1,85.6
2025-09-27,3,6,1-4-3,92.6
2025-09-27,3,7,2-3-5,8.8
2025-09-27,3,8,1-3-5,5.3
2025-09-27,3,9,2-3-6,50.6
2025-09-27,3,10,1-2-3,5.4
2025-09-27,3,11,3-1-5,61.3
2025-09-27,3,12,1-3-5,23.1
2025-09-28,4,1,1-2-6,19.6
2025-09-28,4,2,1-2-5,81.9
2025-09-28,4,3,3-6-2,230.1
2025-09-28,4,4,3-2-5,17.9
2025-09-28,4,5,2-1-3,13.7
2025-09-28,4,6,1-3-6,49.2
2025-09-28,4,7,2-1-3,32.7
2025-09-28,4,8,1-6-3,20.8
2025-09-28,4,9,4-5-6,105.4
2025-09-28,4,10,1-3-4,20.1
2025-09-28,4,11,1-3-2,5.1
2025-09-28,4,12,2-1-6,131.9
2025-09-29,5,1,3-1-4,79.0
2025-09-29,5,2,2-3-5,19.8
2025-09-29,5,3,1-3-4,19.0
2025-09-29,5,4,1-2-6,10.6
2025-09-29,5,5,1-4-2,35.1
2025-09-29,5,6,5-1-3,22.6
2025-09-29,5,7,6-5-1,318.6
2025-09-29,5,8,1-2-3,7.6
2025-09-29,5,9,1-3-2,12.3
2025-09-29,5,10,1-3-4,20.4
2025-09-29,5,11,1-2-3,5.4
2025-09-29,5,12,1-4-6,46.3
2025-09-30,6,1,3-2-1,62.0
2025-09-30,6,2,1-2-3,4.1
2025-09-30,6,3,1-2-4,18.3
2025-09-30,6,4,6-3-1,166.3
2025-09-30,6,5,1-2-5,18.7
2025-09-30,6,6,1-5-3,13.2
2025-09-30,6,7,1-5-6,7.8
2025-09-30,6,8,1-2-5,37.4
2025-09-30,6,9,1-2-3,5.7
2025-09-30,6,10,1-3-2,6.7
2025-09-30,6,11,1-4-2,9.7
2025-09-30,6,12,1-5-4,65.2
2025-10-11,1,1,1-2-3,5.6
2025-10-11,1,2,6-2-3,147.1
2025-10-11,1,3,2-1-5,231.0
2025-10-11,1,4,1-2-3,23.3
2025-10-11,1,5,1-5-2,11.6
2025-10-11,1,6,3-6-5,65.5
2025-10-11,1,7,2-1-3,44.4
2025-10-11,1,8,1-4-2,7.1
2025-10-11,1,9,1-5-2,17.4
2025-10-11,1,10,1-3-2,3.6
2025-10-11,1,11,3-1-5,28.3
2025-10-11,1,12,1-4-2,23.6
2025-10-12,2,1,1-2-6,42.0
2025-10-12,2,2,6-3-5,777.3
2025-10-12,2,3,3-5-1,99.0
2025-10-12,2,4,3-2-4,17.5
2025-10-12,2,5,6-2-1,4087.6
2025-10-12,2,6,1-4-3,25.5
2025-10-12,2,7,1-4-3,17.5
2025-10-12,2,8,1-4-3,17.1
2025-10-12,2,9,1-3-6,20.9
2025-10-12,2,10,1-2-4,8.7
2025-10-12,2,11,2-1-5,132.3
2025-10-12,2,12,5-2-1,180.9
2025-10-13,3,1,1-2-6,10.4
2025-10-13,3,2,2-1-4,8.5
2025-10-13,3,3,3-2-4,181.2
2025-10-13,3,4,4-6-5,178.5
2025-10-13,3,5,2-4-5,19.9
2025-10-13,3,6,1-2-4,34.4
2025-10-13,3,7,3-1-5,21.9
2025-10-13,3,8,1-2-4,4.7
2025-10-13,3,9,2-6-4,738.8
2025-10-13,3,10,1-2-3,12.3
2025-10-13,3,11,2-1-4,42.6
2025-10-13,3,12,1-2-4,10.3
2025-10-14,4,1,1-3-4,7.6
2025-10-14,4,2,3-4-5,138.9
2025-10-14,4,3,1-3-2,13.8
2025-10-14,4,4,4-2-5,38.5
2025-10-14,4,5,3-6-1,80.5
2025-10-14,4,6,5-4-1,215.7
2025-10-14,4,7,1-2-6,144.1
2025-10-14,4,8,1-4-2,11.4
2025-10-14,4,9,1-3-2,3.8
2025-10-14,4,10,3-6-4,223.9
2025-10-14,4,11,2-3-5,62.2
2025-10-14,4,12,1-5-2,23.6
2025-10-15,5,1,1-4-3,9.9
2025-10-15,5,2,1-2-4,15.9
2025-10-15,5,3,3-2-1,38.8
2025-10-15,5,4,1-5-6,24.8
2025-10-15,5,5,1-6-5,64.8
2025-10-15,5,6,1-4-2,14.3
2025-10-15,5,7,1-3-5,9.4
2025-10-15,5,8,1-4-2,5.9
2025-10-15,5,9,1-2-4,6.9
2025-10-15,5,10,1-2-4,10.6
2025-10-15,5,11,1-6-4,76.3
2025-10-15,5,12,1-2-6,17.9
2025-10-16,6,1,2-5-3,64.3
2025-10-16,6,2,1-3-2,9.4
2025-10-16,6,3,6-5-2,1795.2
2025-10-16,6,4,6-1-5,1374.8
2025-10-16,6,5,4-2-3,390.3
2025-10-16,6,6,4-6-5,244.2
2025-10-16,6,7,2-1-3,12.6
2025-10-16,6,8,1-5-2,53.8
2025-10-16,6,9,1-3-4,6.2
2025-10-16,6,10,1-2-3,9.6
2025-10-16,6,11,1-5-3,33.9
2025-10-16,6,12,4-3-1,194.1
2025-10-19,1,1,1-3-4,12.0
2025-10-19,1,2,3-6-2,81.1
2025-10-20,2,1,5-2-4,42.8
2025-10-20,2,2,4-6-2,38.6
2025-10-20,2,3,1-4-2,35.4
2025-10-20,2,4,1-3-2,15.2
2025-10-20,2,5,3-1-5,9.7
2025-10-20,2,6,2-1-3,18.4
2025-10-20,2,7,1-3-2,12.3
2025-10-20,2,8,1-2-4,4.1
2025-10-20,2,9,2-3-6,32.1
2025-10-20,2,10,4-1-3,24.0
2025-10-20,2,11,1-4-3,22.5
2025-10-20,2,12,1-2-3,6.2
2025-10-21,3,1,2-5-1,31.1
2025-10-21,3,2,3-5-2,106.6
2025-10-21,3,3,1-2-5,40.7
2025-10-21,3,4,2-1-5,14.1
2025-10-21,3,5,5-1-3,61.6
2025-10-21,3,6,2-4-1,207.5
2025-10-21,3,7,4-3-1,69.8
2025-10-21,3,8,1-2-3,19.5
2025-10-21,3,9,1-6-4,35.2
2025-10-21,3,10,1-2-3,3.1
2025-10-21,3,11,1-4-5,9.7
2025-10-21,3,12,1-4-2,25.2
2025-10-22,4,1,4-5-1,21.0
2025-10-22,4,2,4-3-5,85.1
2025-10-22,4,3,4-1-2,87.5
2025-10-22,4,4,4-3-1,22.5
2025-10-22,4,5,2-1-4,18.7
2025-10-22,4,6,2-3-1,20.5
2025-10-22,4,7,1-2-3,3.6
2025-10-22,4,8,1-4-3,10.7
2025-10-22,4,9,1-3-4,13.9
2025-10-22,4,10,1-3-2,5.6
2025-10-22,4,11,1-4-3,13.5
2025-10-22,4,12,3-4-1,27.8
2025-10-23,5,1,3-4-1,30.6
2025-10-23,5,2,3-2-1,45.4
2025-10-23,5,3,4-1-3,39.2
2025-10-23,5,4,3-5-1,15.2
2025-10-23,5,5,2-3-4,547.9
2025-10-23,5,6,2-3-5,179.3
2025-10-23,5,7,1-5-2,22.1
2025-10-23,5,8,2-5-3,357.2
2025-10-23,5,9,1-4-3,26.2
2025-10-23,5,10,1-2-3,6.4
2025-10-23,5,11,1-2-4,5.5
2025-10-23,5,12,1-3-6,10.7
2025-10-24,6,1,1-3-5,12.3
2025-10-24,6,2,3-1-4,15.5
2025-10-24,6,3,5-2-1,60.6
2025-10-24,6,4,1-4-5,13.2
2025-10-24,6,5,1-2-6,70.0
2025-10-24,6,6,2-3-4,46.2
2025-10-24,6,7,1-2-5,11.5
2025-10-24,6,8,1-2-4,4.0
2025-10-24,6,9,1-2-3,6.3
2025-10-24,6,10,1-2-5,13.2
2025-10-24,6,11,3-1-6,101.8
2025-10-24,6,12,1-4-6,24.6
2025-10-25,7,1,4-3-1,150.4
2025-10-25,7,2,1-5-4,26.2
2025-10-25,7,3,5-3-1,542.9
2025-10-25,7,4,3-1-2,101.7
2025-10-25,7,5,1-4-3,86.2
2025-10-25,7,6,2-1-3,23.8
2025-10-25,7,7,2-1-6,18.9
2025-10-25,7,8,1-2-4,3.2
2025-10-25,7,9,3-5-2,178.5
2025-10-25,7,10,1-2-4,13.8
2025-10-25,7,11,1-3-2,16.4
2025-10-25,7,12,1-2-3,8.2
2025-10-30,1,1,1-6-2,30.9
2025-10-30,1,2,5-2-3,103.7
2025-10-30,1,3,6-2-3,12.6
2025-10-30,1,4,3-4-6,31.6
2025-10-30,1,5,1-4-6,16.6
2025-10-30,1,6,6-2-1,30.1
2025-10-30,1,7,5-6-1,202.6
2025-10-30,1,8,1-3-4,38.8
2025-10-30,1,9,1-5-6,33.4
2025-10-30,1,10,1-2-4,12.2
2025-10-30,1,11,6-1-4,907.9
2025-10-30,1,12,5-4-6,140.4
2025-10-31,2,1,4-3-5,259.1
2025-10-31,2,2,1-4-2,33.6
2025-10-31,2,3,2-5-6,21.7
2025-10-31,2,4,1-4-2,16.5
2025-10-31,2,5,5-4-1,46.7
2025-10-31,2,6,3-1-4,9.6
2025-10-31,2,7,1-6-3,17.4
2025-10-31,2,8,1-2-4,3.9
2025-10-31,2,9,2-1-3,36.3
2025-10-31,2,10,1-2-4,11.8
2025-10-31,2,11,2-4-5,48.2
2025-10-31,2,12,2-1-3,19.1
2025-11-01,3,1,1-2-5,68.3
2025-11-01,3,2,1-4-5,14.2
2025-11-01,3,3,2-6-4,98.1
2025-11-01,3,4,1-3-2,55.4
2025-11-01,3,5,1-4-2,22.2
2025-11-01,3,6,1-2-3,8.3
2025-11-01,3,7,1-5-3,18.1
2025-11-01,3,8,1-3-6,138.5
2025-11-01,3,9,1-2-3,3.7
2025-11-01,3,10,5-4-2,181.3
2025-11-01,3,11,5-2-3,203.6
2025-11-01,3,12,3-5-2,112.4
2025-11-02,4,1,1-6-5,85.5
2025-11-02,4,2,4-2-6,741.9
2025-11-02,4,3,3-5-2,28.1
2025-11-02,4,4,2-1-3,52.2
2025-11-02,4,5,3-1-4,10.1
2025-11-02,4,6,2-6-1,16.1
2025-11-02,4,7,1-2-3,4.1
2025-11-02,4,8,4-1-3,92.6
2025-11-02,4,9,2-1-5,40.8
2025-11-02,4,10,5-3-6,177.0
2025-11-02,4,11,1-2-6,30.1
2025-11-02,4,12,1-3-5,19.5
2025-11-07,1,1,1-4-3,18.5
2025-11-07,1,2,1-2-5,13.6
2025-11-07,1,3,1-3-2,9.9
2025-11-07,1,4,1-2-4,8.3
2025-11-07,1,5,1-4-5,31.2
2025-11-07,1,6,1-3-2,7.8
2025-11-07,1,7,4-1-3,171.2
2025-11-07,1,8,1-5-3,18.8
2025-11-07,1,9,3-1-6,101.7
2025-11-07,1,10,2-3-1,119.4
2025-11-07,1,11,1-4-2,13.4
2025-11-07,1,12,1-2-4,11.5
2025-11-08,2,1,5-6-2,705.9
2025-11-08,2,2,1-2-4,11.9
2025-11-08,2,3,1-3-2,14.6
2025-11-08,2,4,4-2-6,145.0
2025-11-08,2,5,2-6-1,107.4
2025-11-08,2,6,1-3-2,26.0
2025-11-08,2,7,5-1-2,267.0
2025-11-08,2,8,1-2-5,19.8
2025-11-08,2,9,1-6-3,60.3
2025-11-08,2,10,3-2-5,61.3
2025-11-08,2,11,1-4-6,23.9
2025-11-08,2,12,1-4-3,18.4
2025-11-09,3,1,1-2-3,12.0
2025-11-09,3,2,1-2-4,16.6
2025-11-09,3,3,1-5-6,35.1
2025-11-09,3,4,1-5-4,23.4
2025-11-09,3,5,3-2-4,26.7
2025-11-09,3,6,3-1-5,39.8
2025-11-09,3,7,3-6-1,135.4
2025-11-09,3,8,5-1-2,74.6
2025-11-09,3,9,3-2-4,109.3
2025-11-09,3,10,1-3-4,16.4
2025-11-09,3,11,1-2-4,11.6
2025-11-09,3,12,1-4-3,12.5
2025-11-10,4,1,5-2-4,103.9
2025-11-10,4,2,1-3-6,18.1
2025-11-10,4,3,3-5-2,340.4
2025-11-10,4,4,4-5-2,269.4
2025-11-10,4,5,2-1-3,22.9
2025-11-10,4,6,4-2-1,116.5
2025-11-10,4,7,1-3-4,9.3
2025-11-10,4,8,1-4-3,27.7
2025-11-10,4,9,1-2-3,15.1
2025-11-10,4,10,1-5-4,70.6
2025-11-10,4,11,1-2-5,11.0
2025-11-10,4,12,4-2-5,208.8
2025-11-11,5,1,1-4-6,57.5
2025-11-11,5,2,1-3-2,12.2
2025-11-11,5,3,4-1-6,95.4
2025-11-11,5,4,1-2-6,31.2
2025-11-11,5,5,1-2-5,23.1
2025-11-11,5,6,3-1-4,51.8
2025-11-11,5,7,1-4-3,28.0
2025-11-11,5,8,1-2-4,11.9
2025-11-11,5,9,1-2-4,10.2
2025-11-11,5,10,1-3-2,12.2
2025-11-11,5,11,1-2-3,7.6
2025-11-11,5,12,1-4-6,33.3
2025-11-12,6,1,5-1-2,189.1
2025-11-12,6,2,3-4-2,186.5
2025-11-12,6,3,1-3-4,16.0
2025-11-12,6,4,5-1-6,13.2
2025-11-12,6,5,1-4-2,13.9
2025-11-12,6,6,1-2-3,8.5
2025-11-12,6,7,5-4-3,900.9
2025-11-12,6,8,1-2-5,11.5
2025-11-12,6,9,1-2-3,9.6
2025-11-12,6,10,1-4-2,19.3
2025-11-12,6,11,4-1-2,162.4
2025-11-12,6,12,1-3-6,25.5
2025-11-16,1,1,4-2-5,212.0
2025-11-16,1,2,2-1-5,106.3
2025-11-16,1,3,5-1-6,113.1
2025-11-16,1,4,3-2-1,31.9
2025-11-16,1,5,4-3-6,163.2
2025-11-16,1,6,1-5-3,4.3
2025-11-16,1,7,2-1-4,7.2
2025-11-16,1,8,1-4-6,114.6
2025-11-16,1,9,1-2-3,21.5
2025-11-16,1,10,1-6-2,120.8
2025-11-16,1,11,3-1-4,79.3
2025-11-16,1,12,1-2-4,6.7
2025-11-17,2,1,3-4-5,28.3
2025-11-17,2,2,2-1-3,21.8
2025-11-17,2,3,3-1-4,24.5
2025-11-17,2,4,2-3-5,41.8
2025-11-17,2,5,1-5-6,40.1
2025-11-17,2,6,4-1-5,135.4
2025-11-17,2,7,1-5-2,45.9
2025-11-17,2,8,1-4-2,15.5
2025-11-17,2,9,1-5-3,86.3
2025-11-17,2,10,4-2-3,75.1
2025-11-17,2,11,2-1-4,26.7
2025-11-17,2,12,1-4-5,12.6
2025-11-18,3,1,4-5-1,28.1
2025-11-18,3,2,6-2-5,173.7
2025-11-18,3,3,1-3-2,9.5
2025-11-18,3,4,3-2-5,49.3
2025-11-18,3,5,3-1-4,93.4
2025-11-18,3,6,1-3-4,6.8
2025-11-18,3,7,4-5-6,29.1
2025-11-18,3,8,1-3-2,13.0
2025-11-19,4,1,1-4-5,39.1
2025-11-19,4,2,1-2-5,24.6
2025-11-19,4,3,1-2-5,6.2
2025-11-19,4,4,1-6-2,17.0
2025-11-19,4,5,1-2-6,13.6
2025-11-19,4,6,1-6-2,10.7
2025-11-19,4,7,2-6-3,99.7
2025-11-19,4,8,3-4-2,344.1
2025-11-19,4,9,4-2-1,166.1
2025-11-19,4,10,1-3-6,52.7
2025-11-19,4,11,1-6-4,67.0
2025-11-19,4,12,1-5-2,32.2
2025-11-20,5,1,2-1-5,28.7
2025-11-20,5,2,2-6-1,121.6
2025-11-20,5,3,3-4-5,114.3
2025-11-20,5,4,1-2-4,10.9
2025-11-20,5,5,1-3-2,23.7
2025-11-20,5,6,6-1-5,23.2
2025-11-20,5,7,1-2-3,126.9
2025-11-20,5,8,1-2-5,11.2
2025-11-20,5,9,3-1-4,19.6
2025-11-20,5,10,1-2-4,12.0
2025-11-20,5,11,1-2-6,35.0
2025-11-20,5,12,1-2-4,7.7
2025-11-25,1,1,1-5-4,68.3
2025-11-25,1,2,3-1-2,12.1
2025-11-25,1,3,1-2-4,19.1
2025-11-25,1,4,1-6-2,22.9
2025-11-25,1,5,2-1-5,7.8
2025-11-25,1,6,6-3-1,44.9
2025-11-25,1,7,2-3-5,89.5
2025-11-25,1,8,1-4-5,8.8
2025-11-25,1,9,1-2-3,5.9
2025-11-25,1,10,1-4-2,7.9
2025-11-25,1,11,2-3-4,38.5
2025-11-25,1,12,4-1-2,65.6
2025-11-26,2,1,1-2-3,7.3
2025-11-26,2,2,1-3-6,23.6
2025-11-26,2,3,3-4-2,191.4
2025-11-26,2,4,1-2-6,232.7
2025-11-26,2,5,4-1-3,30.1
2025-11-26,2,6,3-1-5,13.0
2025-11-26,2,7,3-1-6,6.9
2025-11-26,2,8,1-4-2,7.6
2025-11-26,2,9,6-1-2,40.1
2025-11-26,2,10,1-3-2,6.2
2025-11-26,2,11,1-4-2,7.4
2025-11-26,2,12,1-3-6,19.4
2025-11-27,3,1,2-1-5,11.3
2025-11-27,3,2,1-4-6,93.6
2025-11-27,3,3,3-4-5,14.7
2025-11-27,3,4,1-5-2,18.8
2025-11-27,3,5,2-5-6,57.6
2025-11-27,3,6,5-3-4,47.9
2025-11-27,3,7,2-3-6,17.9
2025-11-27,3,8,1-2-4,4.7
2025-11-27,3,9,6-2-5,181.5
2025-11-27,3,10,4-3-6,18.7
2025-11-27,3,11,1-2-4,4.4
2025-11-27,3,12,1-2-4,6.4
2025-11-28,4,1,4-3-1,57.8
2025-11-28,4,2,2-4-3,104.9
2025-11-28,4,3,3-2-1,16.8
2025-11-28,4,4,2-4-1,14.5
2025-11-28,4,5,4-2-3,16.0
2025-11-28,4,6,5-1-4,51.2
2025-11-28,4,7,2-1-5,5.9
2025-11-28,4,8,3-4-2,364.6
2025-11-28,4,9,1-4-6,17.3
2025-11-28,4,10,3-4-1,10.3
2025-11-28,4,11,1-3-5,55.7
2025-11-28,4,12,1-4-2,11.0
2025-11-29,5,1,2-5-1,43.8
2025-11-29,5,2,1-2-3,26.3
2025-11-29,5,3,1-5-3,36.4
2025-11-29,5,4,4-5-1,18.9
2025-11-29,5,5,3-1-4,42.0
2025-11-29,5,6,1-3-6,4.6
2025-11-29,5,7,1-6-4,6.6
2025-11-29,5,8,1-5-2,35.8
2025-11-29,5,9,1-2-4,4.7
2025-11-29,5,10,1-2-3,2.9
2025-11-29,5,11,5-3-2,2017.9
2025-11-29,5,12,1-4-5,55.5
2025-11-30,6,1,2-1-3,20.6
2025-11-30,6,2,4-3-6,54.9
2025-11-30,6,3,3-5-4,45.8
2025-11-30,6,4,4-6-2,17.4
2025-11-30,6,5,5-2-1,14.9
2025-11-30,6,6,5-1-6,13.1
2025-11-30,6,7,1-2-4,28.0
2025-11-30,6,8,1-6-5,116.1
2025-11-30,6,9,1-3-4,4.8
2025-11-30,6,10,4-2-3,22.1
2025-11-30,6,11,1-2-5,6.9
2025-11-30,6,12,1-2-5,10.4
2025-12-01,7,1,5-2-6,1192.1
2025-12-01,7,2,2-6-1,48.6
2025-12-01,7,3,4-5-2,25.2
2025-12-01,7,4,3-2-5,51.3
2025-12-01,7,5,1-5-6,13.5
2025-12-01,7,6,4-1-6,425.5
2025-12-01,7,7,1-2-3,26.2
2025-12-01,7,8,1-5-6,115.7
2025-12-01,7,9,3-1-5,14.1
2025-12-01,7,10,2-1-3,16.1
2025-12-01,7,11,1-2-3,3.8
2025-12-01,7,12,1-6-4,107.0
2025-12-04,1,1,4-3-6,97.1
2025-12-04,1,2,3-1-2,50.7
2025-12-04,1,3,5-4-6,30.5
2025-12-04,1,4,1-2-3,14.0
2025-12-04,1,5,5-3-6,14.3
2025-12-04,1,6,5-1-2,48.1
2025-12-04,1,7,3-1-4,11.8
2025-12-04,1,8,1-2-5,13.2
2025-12-04,1,9,1-3-4,17.8
2025-12-04,1,10,2-1-3,32.7
2025-12-04,1,11,1-4-6,20.4
2025-12-04,1,12,3-6-2,209.5
2025-12-05,2,1,3-1-4,35.1
2025-12-05,2,2,2-1-4,26.8
2025-12-05,2,3,3-1-6,60.7
2025-12-05,2,4,4-3-5,33.7
2025-12-05,2,5,4-5-6,11.9
2025-12-05,2,6,2-1-3,10.5
2025-12-05,2,7,1-3-6,80.0
2025-12-05,2,8,2-3-5,398.4
2025-12-05,2,9,5-2-6,179.7
2025-12-05,2,10,3-5-1,92.5
2025-12-05,2,11,1-3-6,26.5
2025-12-05,2,12,1-3-2,19.2
2025-12-06,3,1,1-5-3,14.0
2025-12-06,3,2,1-2-3,5.8
2025-12-06,3,3,1-5-3,86.0
2025-12-06,3,4,1-2-3,16.6
2025-12-06,3,5,1-2-4,10.6
2025-12-06,3,6,6-5-1,38.1
2025-12-06,3,7,1-4-2,11.8
2025-12-06,3,8,1-2-4,6.0
2025-12-06,3,9,1-2-3,6.3
2025-12-06,3,10,1-4-3,42.0
2025-12-06,3,11,1-3-4,9.3
2025-12-06,3,12,5-6-4,280.5
2025-12-07,4,1,5-6-1,323.8
2025-12-07,4,2,1-3-4,23.1
2025-12-07,4,3,3-6-5,317.0
2025-12-07,4,4,3-1-5,21.3
2025-12-07,4,5,3-1-6,20.6
2025-12-07,4,6,6-2-3,49.3
2025-12-07,4,7,1-6-2,70.6
2025-12-07,4,8,1-5-2,43.1
2025-12-07,4,9,1-4-3,19.7
2025-12-07,4,10,1-2-3,8.2
2025-12-07,4,11,1-5-6,45.8
2025-12-07,4,12,2-1-3,45.7
2025-12-08,5,1,3-2-5,15.5
2025-12-08,5,2,3-5-2,31.1
2025-12-08,5,3,1-3-4,8.6
2025-12-08,5,4,1-5-4,16.8
2025-12-08,5,5,4-2-1,35.9
2025-12-08,5,6,5-3-1,75.1
2025-12-08,5,7,1-5-2,10.0
2025-12-08,5,8,1-4-3,14.5
2025-12-08,5,9,1-2-3,14.2
2025-12-08,5,10,1-4-2,10.7
2025-12-08,5,11,1-4-3,18.7
2025-12-08,5,12,1-2-3,4.8
2025-12-11,1,1,4-2-6,27.2
2025-12-11,1,2,1-6-4,17.3
2025-12-11,1,3,1-3-6,12.6
2025-12-11,1,4,3-4-5,66.3
2025-12-11,1,5,1-2-5,8.4
2025-12-11,1,6,3-1-5,9.9
2025-12-11,1,7,3-2-6,95.6
2025-12-11,1,8,4-6-2,395.2
2025-12-11,1,9,3-1-5,37.6
2025-12-11,1,10,1-5-4,183.1
2025-12-11,1,11,1-4-5,14.9
2025-12-11,1,12,1-3-2,8.7
2025-12-12,2,1,4-1-2,65.4
2025-12-12,2,2,3-1-5,58.8
2025-12-12,2,3,1-6-2,96.3
2025-12-12,2,4,4-5-6,69.5
2025-12-12,2,5,1-3-6,94.6
2025-12-12,2,6,5-1-2,15.8
2025-12-12,2,7,1-5-2,16.1
2025-12-12,2,8,1-2-6,9.4
2025-12-12,2,9,1-2-6,5.2
2025-12-12,2,10,1-5-6,35.1
2025-12-12,2,11,1-5-4,37.0
2025-12-12,2,12,1-2-3,9.6
2025-12-13,3,1,1-2-3,11.0
2025-12-13,3,2,2-1-4,20.3
2025-12-13,3,3,4-3-1,28.5
2025-12-13,3,4,4-6-2,68.0
2025-12-13,3,5,1-6-2,78.1
2025-12-13,3,6,1-2-5,13.7
2025-12-13,3,7,1-4-6,9.9
2025-12-13,3,8,1-4-6,43.6
2025-12-13,3,9,5-2-1,199.9
2025-12-13,3,10,1-3-6,6.9
2025-12-13,3,11,3-1-4,148.5
2025-12-13,3,12,1-4-5,49.0
2025-12-14,4,1,1-2-3,7.3
2025-12-14,4,2,3-1-2,67.8
2025-12-14,4,3,1-5-3,18.7
2025-12-14,4,4,1-3-2,14.5
2025-12-14,4,5,1-6-3,44.0
2025-12-14,4,6,3-5-1,58.1
2025-12-14,4,7,1-4-5,33.9
2025-12-14,4,8,1-2-3,6.4
2025-12-14,4,9,2-1-3,19.3
2025-12-14,4,10,1-4-2,20.7
2025-12-14,4,11,4-1-3,63.9
2025-12-14,4,12,4-3-6,112.0
2025-12-15,5,1,4-5-2,100.7
2025-12-15,5,2,1-2-6,211.6
2025-12-15,5,3,4-5-1,85.6
2025-12-15,5,4,1-2-3,9.0
2025-12-15,5,5,1-5-4,12.3
2025-12-15,5,6,1-5-6,12.1
2025-12-15,5,7,1-2-3,6.7
2025-12-15,5,8,4-5-1,74.6
2025-12-15,5,9,1-4-2,17.5
2025-12-15,5,10,6-5-4,1097.7
2025-12-15,5,11,1-4-3,20.7
2025-12-15,5,12,3-1-4,38.4
2025-12-22,1,1,1-3-2,4.5
2025-12-22,1,2,4-1-5,47.6
2025-12-22,1,3,4-5-3,220.7
2025-12-22,1,4,5-2-1,43.7
2025-12-22,1,5,5-6-4,312.4
2025-12-22,1,6,4-1-6,226.3
2025-12-22,1,7,1-2-3,28.3
2025-12-22,1,8,2-1-4,14.2
2025-12-22,1,9,1-3-4,17.3
2025-12-22,1,10,4-2-6,1077.0
2025-12-22,1,11,2-1-5,106.8
2025-12-22,1,12,1-4-5,20.8
2025-12-23,2,1,1-6-3,41.5
2025-12-23,2,2,5-6-1,62.9
2025-12-23,2,3,1-5-2,19.8
2025-12-23,2,4,2-6-1,51.7
2025-12-23,2,5,5-1-6,36.1
2025-12-23,2,6,1-6-3,18.8
2025-12-23,2,7,6-2-5,690.7
2025-12-23,2,8,1-2-4,4.2
2025-12-23,2,9,6-4-3,223.4
2025-12-23,2,10,2-3-1,20.4
2025-12-23,2,11,1-3-2,6.5
2025-12-23,2,12,1-5-6,90.0
2025-12-24,3,1,1-2-3,16.8
2025-12-24,3,2,3-2-4,140.5
2025-12-24,3,3,1-4-3,85.7
2025-12-24,3,4,4-1-6,16.5
2025-12-24,3,5,4-5-3,37.7
2025-12-24,3,6,1-2-5,6.4
2025-12-24,3,7,4-3-5,47.1
2025-12-24,3,8,6-4-1,388.5
2025-12-24,3,9,1-2-4,7.8
2025-12-24,3,10,1-2-4,5.0
2025-12-24,3,11,1-2-3,4.6
2025-12-24,3,12,1-4-2,17.7
2025-12-25,4,1,1-3-2,10.2
2025-12-25,4,2,1-3-5,39.6
2025-12-25,4,3,1-6-2,135.8
2025-12-25,4,4,3-5-1,21.1
2025-12-25,4,5,3-4-2,23.5
2025-12-25,4,6,1-3-6,7.2
2025-12-25,4,7,4-1-5,36.6
2025-12-25,4,8,1-3-4,12.8
2025-12-27,6,1,1-5-6,23.3
2025-12-27,6,2,3-1-4,29.5
2025-12-27,6,3,1-4-3,37.1
2025-12-27,6,4,1-5-2,26.6
2025-12-27,6,5,4-2-1,59.1
2025-12-27,6,6,5-1-4,37.7
2025-12-27,6,7,3-4-6,20.9
2025-12-27,6,8,1-4-2,10.8
2025-12-27,6,9,1-2-4,29.5
2025-12-27,6,10,1-3-2,9.1
2025-12-27,6,11,2-1-5,28.6
2025-12-27,6,12,1-5-2,26.8
2025-12-31,1,1,3-1-4,12.5
2025-12-31,1,2,2-5-1,578.6
2025-12-31,1,3,3-1-6,415.5
2025-12-31,1,4,4-3-1,856.9
2025-12-31,1,5,3-6-1,167.9
2025-12-31,1,6,3-6-4,148.3
2025-12-31,1,7,1-3-5,10.3
2025-12-31,1,8,2-1-4,36.8
2025-12-31,1,9,1-4-3,69.6
2025-12-31,1,10,4-5-6,436.9
2025-12-31,1,11,1-4-5,19.0
2025-12-31,1,12,2-3-5,225.3
