開催日,日目,レース,3連単,3連単オッズ,予測オッズ,予測誤差,モデル
2025-01-01,3,7,2-5-3,101.9,112.63852042451622,10.73852042451621,1着1号艇以外
2025-01-01,3,9,2-1-4,35.8,25.154389109905274,-10.645610890094723,1着1号艇以外
2025-01-01,3,12,2-1-3,36.0,31.67550115428982,-4.324498845710181,1着1号艇以外
2025-01-02,4,2,2-1-6,52.1,44.53340299777424,-7.5665970022257625,1着1号艇以外
2025-01-02,4,7,5-1-3,18.4,35.114347698314404,16.714347698314405,1着1号艇以外
2025-01-03,5,1,3-4-2,17.3,147.58757659406842,130.2875765940684,1着1号艇以外
2025-01-03,5,2,4-1-2,56.1,27.239592729334632,-28.86040727066537,1着1号艇以外
2025-01-03,5,3,4-3-2,461.6,335.97755863489397,-125.62244136510606,1着1号艇以外
2025-01-03,5,8,3-1-2,139.3,45.11893074034635,-94.18106925965367,1着1号艇以外
2025-01-06,1,2,2-1-4,58.0,28.153600076606768,-29.846399923393232,1着1号艇以外
2025-01-06,1,3,3-4-5,214.0,145.6345173776562,-68.36548262234379,1着1号艇以外
2025-01-06,1,5,2-1-6,102.1,76.08472390256321,-26.015276097436782,1着1号艇以外
2025-01-06,1,7,3-2-6,330.4,91.21905442903235,-239.18094557096762,1着1号艇以外
2025-01-06,1,9,3-1-5,97.8,122.1754134373927,24.37541343739271,1着1号艇以外
2025-01-06,1,10,3-1-2,36.5,42.1660615534139,5.666061553413897,1着1号艇以外
2025-01-08,2,2,4-6-5,23.0,53.98438201375287,30.98438201375287,1着1号艇以外
2025-01-08,2,3,5-4-1,67.4,67.5830288808339,0.1830288808338878,1着1号艇以外
2025-01-08,2,4,4-5-6,87.0,92.6882723180756,5.6882723180756045,1着1号艇以外
2025-01-08,2,12,3-1-4,126.0,193.08730194440685,67.08730194440685,1着1号艇以外
2025-01-10,3,1,4-3-6,67.4,80.88324098561056,13.48324098561055,1着1号艇以外
2025-01-10,3,3,3-4-1,32.5,81.82408231752675,49.324082317526745,1着1号艇以外
2025-01-10,3,6,3-4-6,30.0,24.42375928527122,-5.57624071472878,1着1号艇以外
2025-01-10,3,7,5-3-1,110.2,73.12529319888893,-37.07470680111108,1着1号艇以外
2025-01-10,3,10,4-1-2,85.8,54.737532219827486,-31.06246778017251,1着1号艇以外
2025-01-11,4,1,4-2-3,71.2,108.32008384167938,37.120083841679374,1着1号艇以外
2025-01-11,4,2,5-3-2,27.2,56.48975592972823,29.289755929728233,1着1号艇以外
2025-01-11,4,3,6-4-3,222.6,267.3352071007654,44.73520710076539,1着1号艇以外
2025-01-11,4,4,2-5-1,30.9,58.60045158737086,27.700451587370864,1着1号艇以外
2025-01-11,4,5,2-1-6,42.2,63.08692573437581,20.886925734375808,1着1号艇以外
2025-01-11,4,6,3-1-5,49.6,27.80929626768053,-21.79070373231947,1着1号艇以外
2025-01-11,4,9,5-6-3,240.7,142.21062963979742,-98.48937036020257,1着1号艇以外
2025-01-11,4,11,4-5-2,639.9,275.46066144052674,-364.43933855947324,1着1号艇以外
2025-01-11,4,12,5-4-1,70.1,145.8669155636301,75.7669155636301,1着1号艇以外
2025-01-12,5,3,5-3-1,80.2,70.17311574804773,-10.026884251952268,1着1号艇以外
2025-01-12,5,7,2-4-3,94.5,82.72218780804731,-11.777812191952691,1着1号艇以外
2025-01-12,5,9,2-6-4,290.8,129.50450146421807,-161.29549853578195,1着1号艇以外
2025-01-12,5,10,5-6-1,60.7,85.3672554996326,24.667255499632603,1着1号艇以外
2025-01-13,6,3,2-1-3,70.8,112.34605632053731,41.54605632053732,1着1号艇以外
2025-01-13,6,5,3-6-5,50.1,50.13264116940258,0.03264116940258077,1着1号艇以外
2025-01-13,6,8,4-1-6,51.4,156.54231701247446,105.14231701247445,1着1号艇以外
2025-01-13,6,12,3-1-4,35.4,51.41310548234129,16.013105482341288,1着1号艇以外
2025-01-17,1,2,4-6-1,24.2,51.508526611047635,27.308526611047636,1着1号艇以外
2025-01-17,1,3,5-2-3,63.3,66.47738084521141,3.1773808452114167,1着1号艇以外
2025-01-17,1,4,2-4-1,21.0,39.21919376337171,18.219193763371713,1着1号艇以外
2025-01-17,1,6,3-2-1,49.2,28.479822118961334,-20.72017788103867,1着1号艇以外
2025-01-17,1,7,3-1-6,34.0,34.31437883043543,0.31437883043543025,1着1号艇以外
2025-01-17,1,9,4-1-6,12.7,19.75742995683596,7.057429956835961,1着1号艇以外
2025-01-17,1,10,2-1-4,12.3,22.195739772861025,9.895739772861024,1着1号艇以外
2025-01-18,2,4,3-4-1,82.8,29.594703769424374,-53.20529623057563,1着1号艇以外
2025-01-18,2,5,3-4-6,59.5,31.646882929751044,-27.853117070248956,1着1号艇以外
2025-01-18,2,7,2-1-3,26.9,13.7594867188175,-13.140513281182498,1着1号艇以外
2025-01-18,2,9,5-1-4,194.1,80.2325420699055,-113.86745793009449,1着1号艇以外
2025-01-18,2,11,2-1-3,14.7,24.56440032827377,9.86440032827377,1着1号艇以外
2025-01-18,2,12,5-4-2,81.4,124.88889630550112,43.488896305501115,1着1号艇以外
2025-01-19,3,1,3-5-6,27.4,104.89838562040318,77.49838562040318,1着1号艇以外
2025-01-19,3,4,2-3-6,99.0,143.83338962498604,44.83338962498604,1着1号艇以外
2025-01-20,4,2,3-4-5,76.0,102.40308930379099,26.403089303790992,1着1号艇以外
2025-01-20,4,6,3-5-4,27.2,40.17978852227613,12.979788522276127,1着1号艇以外
2025-01-20,4,9,3-1-5,56.8,140.00455559735656,83.20455559735656,1着1号艇以外
2025-01-20,4,10,6-3-5,107.0,103.51954375151809,-3.4804562484819144,1着1号艇以外
2025-01-20,4,11,3-1-4,71.3,52.741195101884266,-18.55880489811573,1着1号艇以外
2025-01-25,1,3,4-2-6,152.3,89.43184934026081,-62.8681506597392,1着1号艇以外
2025-01-25,1,4,2-6-3,41.6,43.956497527225764,2.3564975272257627,1着1号艇以外
2025-01-25,1,5,3-4-2,47.8,34.47481479582696,-13.325185204173039,1着1号艇以外
2025-01-25,1,6,3-1-4,6.7,20.83925272953153,14.139252729531531,1着1号艇以外
2025-01-25,1,12,4-5-3,661.8,215.99140127435498,-445.80859872564497,1着1号艇以外
2025-01-26,2,3,2-6-3,23.0,62.83640752333039,39.83640752333039,1着1号艇以外
2025-01-26,2,4,4-5-2,190.3,96.83365437597635,-93.46634562402366,1着1号艇以外
2025-01-26,2,9,2-5-6,105.2,63.45074344331416,-41.74925655668584,1着1号艇以外
2025-01-27,3,1,4-3-5,52.0,88.34779052879244,36.347790528792444,1着1号艇以外
2025-01-27,3,3,4-2-5,114.5,122.94899273654318,8.448992736543175,1着1号艇以外
2025-01-27,3,4,3-4-5,35.7,35.828264545617834,0.12826454561783152,1着1号艇以外
2025-01-27,3,5,2-3-5,26.7,26.191282171925447,-0.5087178280745519,1着1号艇以外
2025-01-27,3,7,3-2-1,121.7,64.56179367903026,-57.13820632096974,1着1号艇以外
2025-01-27,3,9,2-1-5,58.0,74.40472439552327,16.404724395523274,1着1号艇以外
2025-01-27,3,11,5-2-3,375.0,91.00429597738992,-283.9957040226101,1着1号艇以外
2025-01-28,4,4,5-4-2,161.3,61.531886921696625,-99.76811307830339,1着1号艇以外
2025-01-28,4,9,6-3-1,32.4,170.65163631894455,138.25163631894455,1着1号艇以外
2025-01-28,4,10,2-3-5,123.0,83.86924618506201,-39.13075381493799,1着1号艇以外
2025-01-28,4,12,2-4-1,109.6,167.22819501235307,57.628195012353075,1着1号艇以外
2025-01-29,5,1,5-1-6,59.5,97.06503912256437,37.56503912256437,1着1号艇以外
2025-01-29,5,2,3-4-1,154.7,30.221858779940494,-124.4781412200595,1着1号艇以外
2025-01-29,5,3,3-4-1,12.2,36.27329790107728,24.07329790107728,1着1号艇以外
2025-01-29,5,4,3-2-4,200.6,145.05243012479252,-55.54756987520747,1着1号艇以外
2025-01-29,5,11,2-1-4,19.8,31.29415376225955,11.49415376225955,1着1号艇以外
2025-01-29,5,12,3-5-1,36.0,82.54289719017673,46.54289719017673,1着1号艇以外
2025-01-30,6,2,5-1-3,26.1,96.44983065415872,70.34983065415872,1着1号艇以外
2025-01-30,6,3,4-2-1,73.0,78.257426881997,5.257426881997006,1着1号艇以外
2025-01-30,6,4,6-1-5,81.8,75.99887899002312,-5.801121009976882,1着1号艇以外
2025-01-30,6,5,6-5-2,194.8,348.7912628787751,153.9912628787751,1着1号艇以外
2025-01-30,6,11,3-5-1,40.9,100.98409086315033,60.08409086315033,1着1号艇以外
2025-01-30,6,12,3-2-1,83.0,104.19353900339975,21.19353900339975,1着1号艇以外
2025-02-04,1,3,4-3-5,375.1,82.69411185261148,-292.4058881473885,1着1号艇以外
2025-02-04,1,4,2-1-5,32.2,13.03997597658207,-19.160024023417932,1着1号艇以外
2025-02-04,1,6,4-2-5,264.4,80.56651223041897,-183.833487769581,1着1号艇以外
2025-02-04,1,8,2-1-5,51.4,47.81339137558451,-3.58660862441549,1着1号艇以外
2025-02-04,1,11,4-5-6,58.9,237.2608857686187,178.3608857686187,1着1号艇以外
2025-02-06,2,1,3-2-1,184.6,104.04420732991439,-80.55579267008561,1着1号艇以外
2025-02-06,2,2,2-1-3,32.0,19.330770926215443,-12.669229073784557,1着1号艇以外
2025-02-06,2,4,6-1-3,89.6,55.511139223290236,-34.08886077670976,1着1号艇以外
2025-02-06,2,6,6-2-4,702.8,121.11865754972916,-581.6813424502708,1着1号艇以外
2025-02-07,3,2,2-5-4,263.6,39.93106097145689,-223.66893902854315,1着1号艇以外
2025-02-07,3,4,4-6-5,171.8,61.58556176908451,-110.2144382309155,1着1号艇以外
2025-02-07,3,5,5-6-1,50.1,50.35316828469415,0.25316828469414787,1着1号艇以外
2025-02-08,4,5,4-2-6,40.5,14.086105956771487,-26.413894043228513,1着1号艇以外
2025-02-08,4,6,4-5-1,71.3,154.33622406663247,83.03622406663247,1着1号艇以外
2025-02-08,4,7,2-1-4,45.3,22.61232500679681,-22.68767499320319,1着1号艇以外
2025-02-08,4,8,3-1-2,53.3,35.22105663394723,-18.07894336605277,1着1号艇以外
2025-02-08,4,11,3-1-5,37.0,36.14039966511461,-0.8596003348853927,1着1号艇以外
2025-02-09,5,4,2-1-4,33.4,17.961846064827828,-15.43815393517217,1着1号艇以外
2025-02-09,5,5,2-1-5,21.7,10.817078515021555,-10.882921484978445,1着1号艇以外
2025-02-09,5,6,2-6-3,385.6,55.37867030306277,-330.22132969693723,1着1号艇以外
2025-02-09,5,11,2-1-4,100.3,73.00243789293087,-27.297562107069126,1着1号艇以外
2025-02-10,6,3,2-4-5,245.7,47.88312440921638,-197.8168755907836,1着1号艇以外
2025-02-10,6,6,4-1-5,17.2,20.949606376037927,3.749606376037928,1着1号艇以外
2025-02-13,1,3,2-6-4,185.2,96.59033751461953,-88.60966248538045,1着1号艇以外
2025-02-13,1,5,2-5-6,83.7,65.31797065712242,-18.382029342877587,1着1号艇以外
2025-02-13,1,11,2-3-4,172.8,145.84214874735312,-26.95785125264689,1着1号艇以外
2025-02-14,2,2,3-6-2,286.8,180.06514889769778,-106.73485110230223,1着1号艇以外
2025-02-14,2,7,2-6-1,257.7,156.10382614715797,-101.59617385284201,1着1号艇以外
2025-02-14,2,9,3-4-6,52.0,106.07729937862489,54.077299378624886,1着1号艇以外
2025-02-14,2,12,2-1-3,20.8,41.83873007711384,21.038730077113836,1着1号艇以外
2025-02-15,3,3,3-2-5,121.7,61.007910658800505,-60.6920893411995,1着1号艇以外
2025-02-15,3,5,2-4-6,147.3,118.57951197160264,-28.72048802839737,1着1号艇以外
2025-02-15,3,6,3-1-6,76.4,53.28802572836685,-23.11197427163316,1着1号艇以外
2025-02-15,3,9,3-5-1,49.0,109.10971077637775,60.10971077637775,1着1号艇以外
2025-02-16,4,2,5-3-2,24.7,61.58817615038021,36.888176150380204,1着1号艇以外
2025-02-16,4,4,2-3-1,19.5,21.79751099033821,2.2975109903382105,1着1号艇以外
2025-02-16,4,6,4-6-3,76.5,150.4364226712538,73.93642267125381,1着1号艇以外
2025-02-16,4,11,5-6-1,111.6,347.8093216305928,236.20932163059283,1着1号艇以外
2025-02-17,5,1,3-5-4,110.7,35.85447821449143,-74.84552178550857,1着1号艇以外
2025-02-17,5,2,4-5-1,11.0,67.08455449569938,56.08455449569938,1着1号艇以外
2025-02-17,5,3,3-1-5,25.0,21.99133531433458,-3.008664685665419,1着1号艇以外
2025-02-17,5,4,6-1-2,100.6,60.31841469373623,-40.281585306263764,1着1号艇以外
2025-02-17,5,5,3-6-5,156.4,221.18009792798705,64.78009792798704,1着1号艇以外
2025-02-17,5,6,3-1-2,21.5,14.77443204615721,-6.7255679538427895,1着1号艇以外
2025-02-17,5,7,5-2-6,162.4,122.80464653044014,-39.59535346955987,1着1号艇以外
2025-02-17,5,8,4-3-2,102.6,112.76032980833463,10.160329808334637,1着1号艇以外
2025-02-17,5,10,4-1-3,167.2,62.64580100168305,-104.55419899831693,1着1号艇以外
2025-02-18,6,2,5-3-2,125.1,67.10982644800887,-57.99017355199112,1着1号艇以外
2025-02-18,6,3,4-6-2,332.9,65.69394279078074,-267.20605720921924,1着1号艇以外
2025-02-18,6,5,6-2-1,15.1,127.27674684014177,112.17674684014177,1着1号艇以外
2025-02-18,6,7,4-6-1,38.9,28.967297888505332,-9.932702111494667,1着1号艇以外
2025-02-19,7,1,2-1-3,13.0,56.31301846048304,43.31301846048304,1着1号艇以外
2025-02-19,7,2,2-3-6,19.3,57.75390322589072,38.45390322589071,1着1号艇以外
2025-02-19,7,5,4-3-6,112.3,124.53514924006733,12.23514924006733,1着1号艇以外
2025-02-19,7,8,5-1-4,82.5,117.70115260181194,35.20115260181194,1着1号艇以外
2025-02-19,7,11,2-1-4,16.3,57.232268569874975,40.93226856987498,1着1号艇以外
2025-02-23,1,1,4-1-6,33.2,65.19098184459699,31.990981844596988,1着1号艇以外
2025-02-23,1,4,3-5-4,79.6,34.82055347278669,-44.7794465272133,1着1号艇以外
2025-02-23,1,5,2-6-4,60.7,115.31349163144327,54.61349163144327,1着1号艇以外
2025-02-23,1,7,3-2-6,60.3,55.419135453115736,-4.880864546884261,1着1号艇以外
2025-02-23,1,9,4-1-6,43.3,82.12097471262665,38.82097471262665,1着1号艇以外
2025-02-23,1,12,2-1-4,28.0,44.99203382315302,16.992033823153022,1着1号艇以外
2025-02-24,2,2,2-3-4,41.9,59.481984795519196,17.581984795519197,1着1号艇以外
2025-02-24,2,6,5-4-6,191.7,208.30170001732202,16.60170001732203,1着1号艇以外
2025-02-24,2,12,3-5-4,529.2,157.75345434809154,-371.44654565190854,1着1号艇以外
2025-02-25,3,2,4-2-6,138.7,54.64664273895685,-84.05335726104315,1着1号艇以外
2025-02-25,3,3,2-3-5,23.1,47.34011710495671,24.24011710495671,1着1号艇以外
2025-02-25,3,4,5-1-2,105.9,48.91011307531017,-56.989886924689834,1着1号艇以外
2025-02-25,3,5,2-5-3,23.4,96.37381639071907,72.97381639071907,1着1号艇以外
2025-02-25,3,7,2-1-3,10.1,17.538507057537135,7.4385070575371355,1着1号艇以外
2025-02-25,3,10,3-2-1,67.7,92.33928208143232,24.639282081432313,1着1号艇以外
2025-02-26,4,1,3-4-1,26.6,40.28331514837389,13.683315148373886,1着1号艇以外
2025-02-26,4,3,5-4-2,215.1,103.1238797919409,-111.9761202080591,1着1号艇以外
2025-02-26,4,7,4-6-5,34.1,45.293410278321815,11.193410278321814,1着1号艇以外
2025-02-27,5,4,4-5-2,19.4,64.89952680248656,45.499526802486564,1着1号艇以外
2025-02-27,5,5,2-3-1,24.5,34.72199670922903,10.221996709229032,1着1号艇以外
2025-02-27,5,7,6-3-4,178.4,43.10665720976397,-135.29334279023604,1着1号艇以外
2025-02-27,5,8,2-1-3,46.2,55.64719216173037,9.44719216173037,1着1号艇以外
2025-02-27,5,12,3-4-1,29.3,122.05845226183398,92.75845226183398,1着1号艇以外
2025-03-06,1,5,4-6-5,115.1,100.16467053728101,-14.935329462718983,1着1号艇以外
2025-03-06,1,7,2-4-1,65.8,35.25595520908914,-30.54404479091086,1着1号艇以外
2025-03-06,1,9,3-4-1,13.3,84.06527829514638,70.76527829514639,1着1号艇以外
2025-03-07,2,2,4-5-2,562.6,127.88717951145037,-434.71282048854965,1着1号艇以外
2025-03-07,2,3,4-3-2,373.5,163.52683242531972,-209.97316757468028,1着1号艇以外
2025-03-07,2,5,2-5-3,88.7,102.55653992087477,13.856539920874766,1着1号艇以外
2025-03-07,2,6,3-4-1,42.8,45.205537486438885,2.405537486438888,1着1号艇以外
2025-03-08,3,3,2-3-5,20.7,39.7950543264758,19.0950543264758,1着1号艇以外
2025-03-08,3,6,3-4-2,92.4,64.99589860254959,-27.404101397450418,1着1号艇以外
2025-03-08,3,12,3-1-4,96.6,49.13554797576358,-47.464452024236415,1着1号艇以外
2025-03-09,4,2,2-1-4,16.0,21.221350534845598,5.221350534845598,1着1号艇以外
2025-03-09,4,3,3-5-6,15.8,69.3825881017397,53.5825881017397,1着1号艇以外
2025-03-09,4,4,2-1-3,11.7,48.565353697490174,36.86535369749018,1着1号艇以外
2025-03-09,4,5,4-1-2,102.7,71.19881153342597,-31.501188466574035,1着1号艇以外
2025-03-09,4,7,3-4-6,74.1,139.64368607991562,65.54368607991563,1着1号艇以外
2025-03-10,5,1,2-1-5,40.7,38.49595191080102,-2.2040480891989844,1着1号艇以外
2025-03-10,5,2,3-1-4,41.3,18.7796701688394,-22.5203298311606,1着1号艇以外
2025-03-11,6,1,2-1-3,56.9,111.54430381029549,54.64430381029549,1着1号艇以外
2025-03-11,6,6,4-3-1,27.8,35.14519425535649,7.345194255356493,1着1号艇以外
2025-03-14,1,3,5-4-6,56.4,161.96486912966733,105.56486912966733,1着1号艇以外
2025-03-14,1,4,2-1-5,71.3,29.439279405797304,-41.86072059420269,1着1号艇以外
2025-03-14,1,5,3-1-4,148.1,70.34750953686266,-77.75249046313733,1着1号艇以外
2025-03-14,1,6,3-4-1,22.4,28.014963836632646,5.614963836632647,1着1号艇以外
2025-03-14,1,7,3-1-6,49.0,73.72464103693902,24.72464103693902,1着1号艇以外
2025-03-14,1,8,4-2-1,41.2,73.35504979232157,32.15504979232156,1着1号艇以外
2025-03-14,1,9,5-4-1,408.3,232.72483108041015,-175.57516891958986,1着1号艇以外
2025-03-14,1,10,2-3-1,38.2,84.61378351831286,46.413783518312854,1着1号艇以外
2025-03-14,1,11,2-6-3,512.6,677.9049277920185,165.30492779201847,1着1号艇以外
2025-03-15,2,2,3-6-5,129.0,85.14677078649802,-43.853229213501976,1着1号艇以外
2025-03-15,2,3,2-1-3,15.0,9.481406730655287,-5.518593269344713,1着1号艇以外
2025-03-15,2,6,5-1-4,85.5,95.74664898345091,10.24664898345091,1着1号艇以外
2025-03-15,2,11,4-3-5,257.3,184.40687051198947,-72.89312948801054,1着1号艇以外
2025-03-16,3,1,5-6-2,30.6,146.50184142344915,115.90184142344916,1着1号艇以外
2025-03-17,4,1,3-1-4,18.6,23.260556736897424,4.660556736897423,1着1号艇以外
2025-03-17,4,3,2-1-3,14.0,27.397311517202645,13.397311517202645,1着1号艇以外
2025-03-17,4,4,3-4-5,18.0,76.71452073956534,58.714520739565344,1着1号艇以外
2025-03-17,4,6,2-3-6,60.1,58.79387301667402,-1.3061269833259814,1着1号艇以外
2025-03-17,4,10,3-5-1,242.1,91.07644568358663,-151.02355431641337,1着1号艇以外
2025-03-17,4,12,6-4-2,344.2,123.65148482915178,-220.5485151708482,1着1号艇以外
2025-03-19,1,1,2-4-3,203.5,122.87311319023446,-80.62688680976554,1着1号艇以外
2025-03-19,1,2,4-1-5,48.5,32.72130895863438,-15.778691041365619,1着1号艇以外
2025-03-19,1,3,4-6-2,21.5,49.05967071443739,27.559670714437388,1着1号艇以外
2025-03-19,1,4,2-5-1,60.3,83.05509693784082,22.75509693784082,1着1号艇以外
2025-03-19,1,5,3-4-1,21.6,24.713587552480718,3.113587552480716,1着1号艇以外
2025-03-19,1,7,3-1-2,74.8,86.11501903253084,11.315019032530842,1着1号艇以外
2025-03-19,1,10,3-4-5,57.4,128.64601584503515,71.24601584503515,1着1号艇以外
2025-03-19,1,12,5-1-2,213.3,89.87836814641787,-123.42163185358214,1着1号艇以外
2025-03-20,2,1,4-6-2,72.3,258.577242494982,186.27724249498198,1着1号艇以外
2025-03-20,2,2,2-1-3,17.6,24.459250390501843,6.859250390501842,1着1号艇以外
2025-03-20,2,7,5-4-2,73.2,100.10687362018507,26.906873620185067,1着1号艇以外
2025-03-20,2,9,6-1-2,23.1,63.28669536107681,40.18669536107681,1着1号艇以外
2025-03-20,2,10,2-3-4,90.4,105.95252543131816,15.55252543131816,1着1号艇以外
2025-03-21,3,6,4-3-1,20.0,49.221538849002464,29.221538849002464,1着1号艇以外
2025-03-22,4,2,3-5-1,26.5,39.1138251696619,12.6138251696619,1着1号艇以外
2025-03-22,4,3,5-3-6,45.0,90.75014143008426,45.750141430084255,1着1号艇以外
2025-03-22,4,5,2-6-1,230.6,115.75542367062624,-114.84457632937375,1着1号艇以外
2025-03-22,4,6,4-1-2,114.5,35.782918451916245,-78.71708154808375,1着1号艇以外
2025-03-22,4,7,2-5-1,57.6,47.42181276393572,-10.178187236064282,1着1号艇以外
2025-03-22,4,10,4-3-1,44.1,89.67908791168759,45.57908791168759,1着1号艇以外
2025-03-23,5,3,4-1-2,22.3,19.982158318962462,-2.317841681037539,1着1号艇以外
2025-03-23,5,10,3-1-2,28.6,35.80574823899132,7.205748238991319,1着1号艇以外
2025-03-23,5,12,3-1-4,25.7,86.07104180398966,60.371041803989655,1着1号艇以外
2025-03-24,6,4,6-5-2,618.4,533.9156451952177,-84.48435480478224,1着1号艇以外
2025-03-24,6,5,3-1-2,90.9,115.23497917358459,24.334979173584586,1着1号艇以外
2025-03-24,6,6,3-4-6,85.9,64.81009397404307,-21.089906025956935,1着1号艇以外
2025-03-24,6,8,2-6-4,921.2,1238.7306611525626,317.5306611525625,1着1号艇以外
2025-03-24,6,10,3-1-4,57.8,39.28973093032352,-18.510269069676475,1着1号艇以外
2025-03-31,1,1,2-1-5,34.6,35.00104412087395,0.4010441208739479,1着1号艇以外
2025-03-31,1,3,3-2-1,29.7,23.876548200852017,-5.823451799147982,1着1号艇以外
2025-03-31,1,6,3-4-1,19.2,31.41916198225451,12.219161982254512,1着1号艇以外
2025-04-01,2,1,4-1-2,54.1,80.32609683458242,26.226096834582414,1着1号艇以外
2025-04-01,2,2,3-1-2,21.2,24.06633875881017,2.866338758810169,1着1号艇以外
2025-04-01,2,3,4-2-1,146.6,46.32586575920884,-100.27413424079116,1着1号艇以外
2025-04-01,2,4,3-4-5,51.4,36.958247604800405,-14.441752395199593,1着1号艇以外
2025-04-01,2,5,2-1-5,22.4,27.749250263951694,5.349250263951696,1着1号艇以外
2025-04-01,2,9,3-1-2,95.9,50.11051243436288,-45.789487565637124,1着1号艇以外
2025-04-01,2,10,3-2-6,313.8,105.85453259441046,-207.94546740558957,1着1号艇以外
2025-04-01,2,11,3-1-2,33.3,55.11280873223435,21.812808732234352,1着1号艇以外
2025-04-01,2,12,2-1-6,21.3,66.21793641050259,44.91793641050259,1着1号艇以外
2025-04-02,3,3,2-4-1,23.6,34.682460711134595,11.082460711134594,1着1号艇以外
2025-04-02,3,8,2-1-3,37.3,46.272163637226775,8.972163637226778,1着1号艇以外
2025-04-02,3,9,3-1-2,69.5,41.6641712915506,-27.835828708449398,1着1号艇以外
2025-04-03,4,3,2-4-3,191.8,56.736660954415676,-135.06333904558434,1着1号艇以外
2025-04-03,4,7,2-1-4,21.0,45.32751197050089,24.327511970500893,1着1号艇以外
2025-04-03,4,11,3-1-5,40.9,54.92401223110193,14.024012231101935,1着1号艇以外
2025-04-07,1,1,3-4-6,35.5,92.15489669222721,56.65489669222721,1着1号艇以外
2025-04-07,1,2,4-6-1,377.7,287.6150640874607,-90.08493591253927,1着1号艇以外
2025-04-07,1,3,3-6-5,176.4,208.91710014965494,32.51710014965494,1着1号艇以外
2025-04-07,1,4,4-1-3,148.2,159.29061510342137,11.090615103421385,1着1号艇以外
2025-04-07,1,7,5-6-1,69.9,135.41781231752395,65.51781231752395,1着1号艇以外
2025-04-07,1,11,4-5-1,142.3,185.91048626147276,43.610486261472744,1着1号艇以外
2025-04-08,2,1,4-1-2,24.2,35.65359676566091,11.453596765660908,1着1号艇以外
2025-04-08,2,5,4-1-2,68.8,24.02962933263489,-44.77037066736511,1着1号艇以外
2025-04-08,2,7,3-2-4,109.8,45.49578180193215,-64.30421819806784,1着1号艇以外
2025-04-08,2,8,5-1-4,200.1,141.68523463470936,-58.414765365290634,1着1号艇以外
2025-04-08,2,9,3-1-6,14.0,28.11108913743303,14.11108913743303,1着1号艇以外
2025-04-09,3,4,2-3-5,214.4,111.78064021705256,-102.61935978294744,1着1号艇以外
2025-04-09,3,7,2-1-5,23.0,39.36797092473837,16.367970924738373,1着1号艇以外
2025-04-09,3,9,4-1-6,9.2,11.947700685420086,2.747700685420087,1着1号艇以外
2025-04-09,3,11,4-2-6,660.0,349.1903941497369,-310.8096058502631,1着1号艇以外
2025-04-10,4,1,2-1-5,24.7,21.902903942649715,-2.7970960573502843,1着1号艇以外
2025-04-10,4,3,5-4-2,45.0,80.05062031182335,35.05062031182335,1着1号艇以外
2025-04-10,4,6,2-1-3,90.2,77.28095683964543,-12.919043160354576,1着1号艇以外
2025-04-10,4,10,3-1-6,16.5,33.69217563450555,17.192175634505553,1着1号艇以外
2025-04-11,5,2,4-1-3,121.0,34.98849299770129,-86.01150700229871,1着1号艇以外
2025-04-11,5,3,2-3-5,85.0,51.97249159585007,-33.02750840414993,1着1号艇以外
2025-04-11,5,6,2-1-3,36.0,99.60661323126226,63.60661323126226,1着1号艇以外
2025-04-11,5,11,2-1-3,51.8,175.6916780713915,123.8916780713915,1着1号艇以外
2025-04-11,5,12,6-3-2,1902.3,666.0128457964931,-1236.2871542035068,1着1号艇以外
2025-04-12,6,1,4-2-1,79.3,109.04216673842765,29.742166738427656,1着1号艇以外
2025-04-12,6,2,2-1-5,48.7,44.78906408720201,-3.9109359127979957,1着1号艇以外
2025-04-12,6,5,2-1-4,72.5,91.70451743361176,19.204517433611755,1着1号艇以外
2025-04-12,6,6,3-1-4,6.9,6.254738920856106,-0.6452610791438946,1着1号艇以外
2025-04-12,6,10,2-1-6,37.3,18.887756268782436,-18.41224373121756,1着1号艇以外
2025-04-12,6,12,6-5-1,74.7,243.6930487284369,168.99304872843692,1着1号艇以外
2025-04-13,7,2,4-5-6,136.8,133.27703084267532,-3.5229691573246953,1着1号艇以外
2025-04-13,7,4,2-3-1,66.1,145.48365375220155,79.38365375220155,1着1号艇以外
2025-04-13,7,8,2-1-3,34.7,67.37177739080548,32.671777390805474,1着1号艇以外
2025-04-13,7,12,2-5-3,244.2,96.31168155452848,-147.8883184454715,1着1号艇以外
2025-04-16,1,1,2-3-5,96.1,104.52295445496924,8.422954454969243,1着1号艇以外
2025-04-16,1,9,4-1-2,24.4,24.500465125616895,0.10046512561689624,1着1号艇以外
2025-04-16,1,10,4-3-1,284.2,93.30130745589395,-190.89869254410604,1着1号艇以外
2025-04-16,1,12,2-1-6,112.3,108.1842533163704,-4.115746683629595,1着1号艇以外
2025-04-17,2,2,3-6-2,73.2,107.01445333146638,33.81445333146638,1着1号艇以外
2025-04-17,2,4,5-4-3,576.2,258.34477276779063,-317.8552272322094,1着1号艇以外
2025-04-17,2,7,2-3-1,175.8,47.37621806910621,-128.4237819308938,1着1号艇以外
2025-04-17,2,9,4-5-6,318.0,260.73533567701094,-57.26466432298906,1着1号艇以外
2025-04-17,2,11,2-1-4,38.4,41.960073879462875,3.560073879462877,1着1号艇以外
2025-04-18,3,3,2-4-1,23.6,46.248398921334626,22.648398921334625,1着1号艇以外
2025-04-18,3,4,2-3-5,14.3,42.104656472006006,27.804656472006005,1着1号艇以外
2025-04-18,3,5,3-1-4,107.5,39.35153847831058,-68.14846152168943,1着1号艇以外
2025-04-18,3,7,5-6-2,110.6,24.326903365577035,-86.27309663442296,1着1号艇以外
2025-04-18,3,8,3-1-4,67.0,58.63247280817579,-8.367527191824209,1着1号艇以外
2025-04-18,3,9,2-1-3,8.7,18.343579854509894,9.643579854509895,1着1号艇以外
2025-04-19,4,4,2-1-3,9.8,31.950964109016706,22.150964109016705,1着1号艇以外
2025-04-19,4,5,2-4-1,208.4,51.91214257527032,-156.48785742472967,1着1号艇以外
2025-04-19,4,7,2-1-3,6.3,9.444108665488,3.144108665488001,1着1号艇以外
2025-04-20,5,1,2-1-3,20.0,39.33861283097604,19.33861283097604,1着1号艇以外
2025-04-20,5,6,3-1-6,56.3,90.15333438945598,33.85333438945598,1着1号艇以外
2025-04-20,5,9,6-2-1,133.1,81.4728817217282,-51.627118278271794,1着1号艇以外
2025-04-20,5,11,3-2-4,90.5,91.4632420960464,0.9632420960464003,1着1号艇以外
2025-04-21,6,1,4-1-2,94.8,62.90882549782843,-31.891174502171566,1着1号艇以外
2025-04-21,6,2,3-5-6,41.2,39.820265825473726,-1.379734174526277,1着1号艇以外
2025-04-21,6,6,3-4-2,69.6,46.375857215935795,-23.2241427840642,1着1号艇以外
2025-04-21,6,7,2-6-4,139.2,25.457943193751948,-113.74205680624804,1着1号艇以外
2025-04-21,6,8,2-1-3,52.7,34.74176934665625,-17.958230653343755,1着1号艇以外
2025-04-21,6,10,3-1-2,44.1,31.18026046387381,-12.91973953612619,1着1号艇以外
2025-04-21,6,12,2-3-5,67.2,98.10740848614257,30.90740848614257,1着1号艇以外
2025-04-28,1,1,2-6-3,242.5,225.5496621772876,-16.950337822712413,1着1号艇以外
2025-04-28,1,2,2-3-6,16.8,30.452848363528393,13.652848363528392,1着1号艇以外
2025-04-28,1,3,2-6-3,29.8,48.50598764906168,18.70598764906168,1着1号艇以外
2025-04-28,1,5,3-1-2,52.9,60.26981121025937,7.369811210259371,1着1号艇以外
2025-04-28,1,6,3-1-4,12.1,21.822022500890036,9.722022500890036,1着1号艇以外
2025-04-28,1,11,4-1-3,72.8,118.74520120930241,45.94520120930241,1着1号艇以外
2025-04-29,2,1,3-1-2,64.2,50.51176773434978,-13.688232265650221,1着1号艇以外
2025-04-29,2,3,6-3-2,46.0,78.51264642346759,32.51264642346759,1着1号艇以外
2025-04-29,2,5,4-2-3,263.6,98.72136382248998,-164.87863617751003,1着1号艇以外
2025-04-29,2,6,4-1-2,7.8,55.99765622405719,48.19765622405719,1着1号艇以外
2025-04-30,3,3,2-4-6,49.9,109.85806341111545,59.958063411115454,1着1号艇以外
2025-04-30,3,4,4-1-2,186.0,69.7123180589512,-116.2876819410488,1着1号艇以外
2025-04-30,3,5,4-5-2,475.1,109.05900714727726,-366.04099285272275,1着1号艇以外
2025-04-30,3,12,4-3-6,82.2,368.95964287931866,286.7596428793187,1着1号艇以外
2025-05-01,4,2,4-1-5,22.3,200.93623985218042,178.6362398521804,1着1号艇以外
2025-05-01,4,5,3-1-4,24.0,199.9225721152711,175.9225721152711,1着1号艇以外
2025-05-01,4,9,5-2-1,298.9,213.38428666753362,-85.51571333246636,1着1号艇以外
2025-05-01,4,10,2-3-4,95.7,368.1513443569594,272.4513443569594,1着1号艇以外
2025-05-01,4,12,2-1-5,98.9,151.8196339179194,52.919633917919384,1着1号艇以外
2025-05-04,1,2,5-1-4,339.5,489.2906915963403,149.7906915963403,1着1号艇以外
2025-05-04,1,3,2-1-6,14.1,129.42278817608053,115.32278817608054,1着1号艇以外
2025-05-04,1,4,2-1-3,34.5,155.1234486124414,120.6234486124414,1着1号艇以外
2025-05-04,1,5,4-1-5,48.6,179.69725090931465,131.09725090931465,1着1号艇以外
2025-05-04,1,6,4-2-3,89.4,418.1341713235885,328.7341713235885,1着1号艇以外
2025-05-04,1,7,2-5-1,40.2,303.9336637131583,263.7336637131583,1着1号艇以外
2025-05-04,1,9,2-1-4,13.6,178.2664630143015,164.6664630143015,1着1号艇以外
2025-05-04,1,10,3-1-5,10.5,197.93678014854976,187.43678014854976,1着1号艇以外
2025-05-05,2,1,2-1-5,12.3,86.72863045694068,74.42863045694068,1着1号艇以外
2025-05-05,2,2,4-3-1,94.8,135.70358448736053,40.90358448736053,1着1号艇以外
2025-05-05,2,3,4-6-2,71.9,430.4427558356266,358.5427558356266,1着1号艇以外
2025-05-05,2,4,2-1-3,25.8,176.0352437431277,150.23524374312768,1着1号艇以外
2025-05-05,2,6,4-1-5,186.6,125.61920577912935,-60.98079422087065,1着1号艇以外
2025-05-05,2,9,3-1-5,59.6,144.00416940757682,84.40416940757683,1着1号艇以外
2025-05-05,2,12,2-1-5,36.3,227.25854201526337,190.9585420152634,1着1号艇以外
2025-05-06,3,2,3-5-4,12.8,144.97497299248676,132.17497299248674,1着1号艇以外
2025-05-06,3,3,3-1-2,24.6,168.53425265745432,143.93425265745432,1着1号艇以外
2025-05-06,3,4,4-6-5,218.4,322.4494143923668,104.0494143923668,1着1号艇以外
2025-05-06,3,9,2-3-5,84.0,297.78689016835045,213.78689016835045,1着1号艇以外
2025-05-07,4,1,3-6-4,32.1,191.5117107003009,159.41171070030092,1着1号艇以外
2025-05-07,4,2,2-4-5,14.6,122.47123278095056,107.87123278095056,1着1号艇以外
2025-05-07,4,4,3-5-1,16.8,247.06404131597475,230.26404131597474,1着1号艇以外
2025-05-07,4,5,2-3-5,30.9,270.4318353161018,239.5318353161018,1着1号艇以外
2025-05-07,4,6,3-4-2,56.5,307.49866267731346,250.99866267731346,1着1号艇以外
2025-05-07,4,9,3-1-4,12.5,118.02221495752508,105.52221495752508,1着1号艇以外
2025-05-07,4,11,4-2-1,227.9,152.23834500814945,-75.66165499185055,1着1号艇以外
2025-05-08,5,1,3-1-5,264.6,160.32581086691118,-104.27418913308884,1着1号艇以外
2025-05-08,5,4,5-1-2,20.2,258.68926926827896,238.48926926827897,1着1号艇以外
2025-05-08,5,5,2-1-5,87.4,104.70694677555511,17.306946775555105,1着1号艇以外
2025-05-08,5,7,3-4-5,223.2,388.64241534608095,165.44241534608096,1着1号艇以外
2025-05-08,5,9,3-4-1,97.4,145.42286439590654,48.02286439590654,1着1号艇以外
2025-05-09,6,1,2-6-1,552.5,257.69243342609036,-294.80756657390964,1着1号艇以外
2025-05-09,6,2,3-1-4,56.6,168.85624976349803,112.25624976349803,1着1号艇以外
2025-05-09,6,8,2-1-3,67.7,194.32423011822132,126.62423011822132,1着1号艇以外
2025-05-09,6,11,2-1-4,75.5,294.65102176582377,219.15102176582377,1着1号艇以外
2025-05-19,1,3,2-1-6,10.5,147.3710882551254,136.8710882551254,1着1号艇以外
2025-05-19,1,4,6-2-3,27.2,871.8433113457743,844.6433113457742,1着1号艇以外
2025-05-19,1,12,6-2-5,747.9,1182.3790803872855,434.47908038728553,1着1号艇以外
2025-05-20,2,1,3-1-6,53.1,144.2535691923474,91.15356919234742,1着1号艇以外
2025-05-20,2,2,4-5-6,32.3,147.60867770896385,115.30867770896386,1着1号艇以外
2025-05-20,2,5,4-1-3,19.5,436.21151947147354,416.71151947147354,1着1号艇以外
2025-05-20,2,10,4-2-6,341.2,568.4873373187119,227.28733731871188,1着1号艇以外
2025-05-21,3,1,2-1-6,65.1,163.010397889129,97.910397889129,1着1号艇以外
2025-05-21,3,3,2-6-3,85.7,275.2977675753309,189.59776757533092,1着1号艇以外
2025-05-21,3,7,4-6-3,54.6,163.18734234677294,108.58734234677294,1着1号艇以外
2025-05-21,3,10,2-1-3,17.5,158.88005192398774,141.38005192398774,1着1号艇以外
2025-05-22,4,1,4-3-1,243.1,185.94410452924825,-57.155895470751744,1着1号艇以外
2025-05-22,4,2,2-1-4,102.9,175.9285184556791,73.02851845567909,1着1号艇以外
2025-05-22,4,3,4-5-2,82.1,308.7482066627596,226.64820666275963,1着1号艇以外
2025-05-22,4,4,3-5-6,62.6,249.6653985691361,187.0653985691361,1着1号艇以外
2025-05-22,4,10,2-4-3,419.0,373.85021672280516,-45.14978327719484,1着1号艇以外
2025-05-22,4,11,2-1-3,21.2,166.06480489307418,144.8648048930742,1着1号艇以外
2025-05-27,1,2,2-1-5,46.1,113.47480938653995,67.37480938653994,1着1号艇以外
2025-05-27,1,8,3-2-6,67.5,428.2504931282084,360.7504931282084,1着1号艇以外
2025-05-27,1,10,2-1-6,138.4,216.8610694943511,78.46106949435111,1着1号艇以外
2025-05-27,1,12,2-1-6,22.1,128.56210008885128,106.46210008885129,1着1号艇以外
2025-05-28,2,4,2-1-4,34.0,219.7368600082844,185.7368600082844,1着1号艇以外
2025-05-28,2,12,6-4-2,130.5,701.9476542475085,571.4476542475085,1着1号艇以外
2025-05-29,3,2,4-2-1,382.3,211.56468195632604,-170.73531804367397,1着1号艇以外
2025-05-29,3,4,4-6-2,72.3,164.14342723902857,91.84342723902857,1着1号艇以外
2025-05-29,3,5,4-5-1,30.1,131.2105266975764,101.1105266975764,1着1号艇以外
2025-05-30,4,1,2-1-6,39.3,106.50539409836001,67.20539409836002,1着1号艇以外
2025-05-30,4,4,2-1-5,78.3,172.64065764523934,94.34065764523935,1着1号艇以外
2025-05-30,4,10,3-4-2,38.5,244.4614675554203,205.9614675554203,1着1号艇以外
2025-05-31,5,5,4-6-1,63.5,144.99996609795267,81.49996609795267,1着1号艇以外
2025-05-31,5,8,4-5-1,50.8,134.73589766640683,83.93589766640683,1着1号艇以外
2025-06-01,6,1,5-2-4,891.0,287.1792962112034,-603.8207037887967,1着1号艇以外
2025-06-01,6,2,6-1-5,1018.5,555.1406767099425,-463.35932329005755,1着1号艇以外
2025-06-01,6,3,4-5-3,70.9,168.96553440298018,98.06553440298018,1着1号艇以外
2025-06-01,6,6,5-2-1,333.2,331.406329522187,-1.7936704778130093,1着1号艇以外
2025-06-01,6,10,6-4-2,2725.3,1433.1810462645751,-1292.118953735425,1着1号艇以外
2025-06-09,1,2,2-5-4,58.3,143.23565284986458,84.93565284986458,1着1号艇以外
2025-06-09,1,3,3-2-5,15.8,176.51104535322114,160.71104535322112,1着1号艇以外
2025-06-09,1,4,3-4-5,69.9,207.46253305961665,137.56253305961664,1着1号艇以外
2025-06-09,1,5,2-1-5,44.5,210.0146477574913,165.5146477574913,1着1号艇以外
2025-06-09,1,6,3-1-4,5.3,116.17058416360987,110.87058416360988,1着1号艇以外
2025-06-09,1,7,2-6-4,68.4,215.56476000098556,147.16476000098555,1着1号艇以外
2025-06-09,1,10,2-1-3,18.5,232.19159306084745,213.69159306084745,1着1号艇以外
2025-06-10,2,2,2-1-6,68.6,142.72078139596667,74.12078139596667,1着1号艇以外
2025-06-10,2,4,6-5-3,663.5,819.7470221500631,156.24702215006312,1着1号艇以外
2025-06-10,2,5,4-2-6,54.2,371.9704170112419,317.77041701124193,1着1号艇以外
2025-06-10,2,11,2-3-5,157.4,195.22067329465787,37.820673294657865,1着1号艇以外
2025-06-11,3,2,3-1-4,19.1,159.01230603708433,139.91230603708433,1着1号艇以外
2025-06-11,3,7,3-1-6,27.8,179.25024772816738,151.45024772816737,1着1号艇以外
2025-06-11,3,9,2-3-5,32.3,181.6088705533091,149.30887055330908,1着1号艇以外
2025-06-11,3,11,2-1-3,17.2,200.06296320259514,182.86296320259515,1着1号艇以外
2025-06-11,3,12,4-6-5,443.6,358.45956385490564,-85.14043614509438,1着1号艇以外
2025-06-12,4,1,4-2-6,74.4,230.9938900295672,156.5938900295672,1着1号艇以外
2025-06-12,4,2,4-2-3,21.6,160.74431989134624,139.14431989134624,1着1号艇以外
2025-06-12,4,3,2-1-4,26.3,122.68507269811774,96.38507269811774,1着1号艇以外
2025-06-12,4,4,3-2-5,35.2,254.24812510011162,219.04812510011163,1着1号艇以外
2025-06-12,4,5,3-1-5,199.4,137.91712215774734,-61.48287784225266,1着1号艇以外
2025-06-12,4,6,5-1-3,239.9,511.2002760621309,271.30027606213093,1着1号艇以外
2025-06-13,5,3,4-6-1,72.0,122.250439720509,50.25043972050899,1着1号艇以外
2025-06-13,5,5,2-1-6,35.0,159.8256304808483,124.8256304808483,1着1号艇以外
2025-06-13,5,7,5-6-1,162.2,463.01979986508877,300.8197998650888,1着1号艇以外
2025-06-13,5,10,2-1-3,16.8,232.92889325656282,216.1288932565628,1着1号艇以外
2025-06-14,6,1,4-1-5,143.3,199.0662497970536,55.766249797053575,1着1号艇以外
2025-06-14,6,2,6-1-2,18.3,338.3697635225895,320.0697635225895,1着1号艇以外
2025-06-14,6,3,5-1-3,127.0,458.32292572366714,331.32292572366714,1着1号艇以外
2025-06-14,6,9,5-6-1,579.1,331.00187148098274,-248.09812851901728,1着1号艇以外
2025-06-14,6,12,6-1-2,158.2,1025.1907944536758,866.9907944536758,1着1号艇以外
2025-06-15,7,2,4-3-1,152.2,219.67910311086374,67.47910311086375,1着1号艇以外
2025-06-15,7,3,4-6-5,236.2,183.77969752660204,-52.42030247339795,1着1号艇以外
2025-06-15,7,9,3-1-4,128.5,235.38417236111354,106.88417236111354,1着1号艇以外
2025-06-15,7,11,4-6-5,260.0,574.6949386538877,314.6949386538877,1着1号艇以外
2025-06-15,7,12,2-1-4,14.3,184.92159137089436,170.62159137089435,1着1号艇以外
2025-06-18,1,2,3-6-1,190.8,350.3653254756561,159.5653254756561,1着1号艇以外
2025-06-18,1,4,6-5-2,58.9,861.7960403408445,802.8960403408445,1着1号艇以外
2025-06-18,1,5,4-6-1,14.9,364.8781012493498,349.97810124934983,1着1号艇以外
2025-06-18,1,7,2-1-4,173.6,265.6451639426148,92.04516394261478,1着1号艇以外
2025-06-18,1,9,2-1-3,22.1,280.41313258561706,258.31313258561704,1着1号艇以外
2025-06-18,1,12,2-5-1,338.6,221.70225411798265,-116.89774588201738,1着1号艇以外
2025-06-19,2,1,4-5-1,159.2,161.91555384451553,2.71555384451554,1着1号艇以外
2025-06-19,2,2,6-3-1,23.5,599.187423715676,575.687423715676,1着1号艇以外
2025-06-19,2,3,4-5-6,18.5,164.75446232647076,146.25446232647076,1着1号艇以外
2025-06-19,2,4,2-4-5,69.4,171.788260390381,102.38826039038099,1着1号艇以外
2025-06-19,2,5,2-1-3,18.9,209.5206259548949,190.6206259548949,1着1号艇以外
2025-06-19,2,7,4-2-1,64.2,220.94071527826526,156.74071527826527,1着1号艇以外
2025-06-19,2,12,5-6-2,98.4,1065.423491973325,967.0234919733251,1着1号艇以外
2025-06-20,3,3,5-2-3,143.7,500.01661005761395,356.31661005761396,1着1号艇以外
2025-06-20,3,4,2-6-5,180.3,431.0352781007892,250.73527810078917,1着1号艇以外
2025-06-20,3,5,4-5-1,8.4,344.57924976702105,336.1792497670211,1着1号艇以外
2025-06-20,3,10,2-1-3,29.3,205.89366657242203,176.59366657242202,1着1号艇以外
2025-06-20,3,11,4-3-1,335.3,431.027257093126,95.72725709312601,1着1号艇以外
2025-06-21,4,2,3-2-6,32.6,234.77920490499838,202.1792049049984,1着1号艇以外
2025-06-21,4,7,6-4-2,123.0,1081.7276251087471,958.7276251087471,1着1号艇以外
2025-06-21,4,9,4-1-2,33.4,174.29892870584808,140.89892870584808,1着1号艇以外
2025-06-21,4,12,4-2-5,156.0,422.92899725598465,266.92899725598465,1着1号艇以外
2025-06-24,1,1,3-1-4,29.0,174.79696960708634,145.79696960708634,1着1号艇以外
2025-06-24,1,2,5-1-2,63.2,490.27472215840527,427.0747221584053,1着1号艇以外
2025-06-24,1,3,3-5-6,225.0,304.2515527129601,79.25155271296012,1着1号艇以外
2025-06-24,1,4,5-1-3,380.6,538.3031014178193,157.7031014178193,1着1号艇以外
2025-06-24,1,6,3-5-1,228.9,324.0866933391561,95.18669333915611,1着1号艇以外
2025-06-24,1,8,6-5-1,2019.3,939.8851455359803,-1079.4148544640198,1着1号艇以外
2025-06-25,2,1,3-2-1,51.2,158.37759716931168,107.17759716931168,1着1号艇以外
2025-06-25,2,2,4-1-6,34.0,197.59500288065092,163.59500288065092,1着1号艇以外
2025-06-25,2,6,4-1-3,19.2,169.98203426187246,150.78203426187247,1着1号艇以外
2025-06-25,2,7,2-3-6,40.8,257.2251829010765,216.42518290107648,1着1号艇以外
2025-06-25,2,9,2-1-6,21.3,128.60861309854943,107.30861309854943,1着1号艇以外
2025-06-25,2,10,3-2-4,103.4,194.688097005171,91.28809700517098,1着1号艇以外
2025-06-25,2,11,2-1-3,15.0,105.18606053475963,90.18606053475963,1着1号艇以外
2025-06-26,3,1,2-1-5,15.6,110.58440257943452,94.98440257943453,1着1号艇以外
2025-06-26,3,3,5-1-6,121.9,511.57385833888986,389.6738583388899,1着1号艇以外
2025-06-26,3,7,2-1-3,15.3,126.11200336225188,110.81200336225189,1着1号艇以外
2025-06-27,4,2,5-4-3,148.9,443.13738153481864,294.2373815348186,1着1号艇以外
2025-06-27,4,4,6-2-3,77.5,747.1204558208875,669.6204558208875,1着1号艇以外
2025-06-27,4,5,4-5-1,128.3,267.29759695601916,138.99759695601915,1着1号艇以外
2025-06-27,4,9,3-6-5,607.1,573.0614123025813,-34.038587697418734,1着1号艇以外
2025-06-27,4,11,4-1-6,61.7,331.4723110176969,269.7723110176969,1着1号艇以外
2025-06-28,5,1,2-6-3,767.1,176.95018494857712,-590.1498150514229,1着1号艇以外
2025-06-28,5,2,3-5-2,165.5,247.92066850036082,82.42066850036082,1着1号艇以外
2025-06-28,5,3,2-1-6,27.6,153.99185015404254,126.39185015404254,1着1号艇以外
2025-06-29,6,3,4-5-1,135.7,154.11162299762904,18.411622997629053,1着1号艇以外
2025-06-29,6,4,2-1-3,34.2,155.5502829091435,121.3502829091435,1着1号艇以外
2025-06-29,6,11,2-5-3,142.3,231.64575496804687,89.34575496804686,1着1号艇以外
2025-07-12,1,3,4-2-1,70.1,278.79391169195975,208.69391169195976,1着1号艇以外
2025-07-12,1,4,2-1-6,34.9,179.83489012551314,144.93489012551314,1着1号艇以外
2025-07-12,1,6,3-4-1,117.4,210.39314340100393,92.99314340100392,1着1号艇以外
2025-07-12,1,7,2-5-1,469.8,208.42502428107048,-261.37497571892953,1着1号艇以外
2025-07-12,1,11,2-6-4,195.0,583.6688078365528,388.6688078365528,1着1号艇以外
2025-07-13,2,1,4-1-6,25.4,240.59549897334375,215.19549897334375,1着1号艇以外
2025-07-13,2,3,3-2-4,111.8,297.4348102581974,185.63481025819738,1着1号艇以外
2025-07-13,2,4,3-1-5,13.4,178.05265143012468,164.65265143012468,1着1号艇以外
2025-07-13,2,5,4-1-2,48.1,351.05170105724744,302.9517010572474,1着1号艇以外
2025-07-13,2,11,2-5-3,176.3,562.6328650270145,386.3328650270145,1着1号艇以外
2025-07-14,3,5,2-4-6,961.3,393.29030734328694,-568.009692656713,1着1号艇以外
2025-07-14,3,10,2-1-3,38.2,247.55329873303847,209.35329873303846,1着1号艇以外
2025-07-14,3,12,4-5-6,61.3,503.06866715081634,441.7686671508163,1着1号艇以外
2025-07-15,4,1,5-4-6,47.7,467.3672420088716,419.6672420088716,1着1号艇以外
2025-07-15,4,2,3-4-1,43.8,138.44173795011892,94.64173795011892,1着1号艇以外
2025-07-15,4,3,6-3-4,450.5,371.1167179076731,-79.38328209232691,1着1号艇以外
2025-07-15,4,4,2-4-1,55.5,280.10815806602045,224.60815806602045,1着1号艇以外
2025-07-15,4,5,2-3-4,107.4,224.13736199671627,116.73736199671626,1着1号艇以外
2025-07-15,4,10,3-1-4,13.9,187.5462302267888,173.6462302267888,1着1号艇以外
2025-07-15,4,11,4-1-3,42.6,154.66229447778434,112.06229447778435,1着1号艇以外
2025-07-15,4,12,2-1-4,14.2,254.56545801448988,240.3654580144899,1着1号艇以外
2025-07-18,1,1,5-1-2,160.9,547.0057988337451,386.1057988337451,1着1号艇以外
2025-07-18,1,3,5-6-3,137.4,510.178985466188,372.77898546618803,1着1号艇以外
2025-07-18,1,4,5-4-6,99.5,508.9162843247854,409.4162843247854,1着1号艇以外
2025-07-18,1,5,2-1-6,71.5,332.7228468040452,261.2228468040452,1着1号艇以外
2025-07-18,1,6,2-4-1,28.7,149.4682596955908,120.7682596955908,1着1号艇以外
2025-07-18,1,12,2-5-1,269.5,194.973459230405,-74.52654076959499,1着1号艇以外
2025-07-19,2,2,4-1-6,32.8,257.66300870490034,224.86300870490032,1着1号艇以外
2025-07-19,2,4,4-6-5,33.0,142.85885119052134,109.85885119052134,1着1号艇以外
2025-07-19,2,5,4-1-2,232.1,381.5466631949055,149.44666319490548,1着1号艇以外
2025-07-19,2,7,2-1-6,11.9,146.85596954609343,134.95596954609343,1着1号艇以外
2025-07-19,2,9,3-1-4,112.1,277.922624110534,165.822624110534,1着1号艇以外
2025-07-20,3,4,2-3-4,168.4,215.01228541681334,46.612285416813336,1着1号艇以外
2025-07-20,3,7,2-4-3,151.2,231.9305329630578,80.73053296305781,1着1号艇以外
2025-07-21,4,4,5-1-2,21.8,671.51125443904,649.7112544390401,1着1号艇以外
2025-07-21,4,7,2-6-5,47.5,163.0558169487846,115.55581694878461,1着1号艇以外
2025-07-21,4,9,2-5-6,430.6,472.729076443516,42.129076443516,1着1号艇以外
2025-07-21,4,11,5-1-2,129.4,382.7497725365854,253.3497725365854,1着1号艇以外
2025-07-21,4,12,2-5-4,296.5,311.8263118730478,15.326311873047814,1着1号艇以外
2025-07-22,5,3,2-4-3,108.1,169.75643701570027,61.65643701570028,1着1号艇以外
2025-07-22,5,4,3-5-6,40.1,339.99639909626563,299.8963990962656,1着1号艇以外
2025-07-22,5,7,5-3-2,234.0,863.1125574379043,629.1125574379043,1着1号艇以外
2025-07-22,5,9,3-1-2,57.7,179.50260306497145,121.80260306497145,1着1号艇以外
2025-07-22,5,11,6-3-1,238.7,1385.6563739229339,1146.9563739229338,1着1号艇以外
2025-07-22,5,12,4-1-3,135.1,352.52453058546496,217.42453058546496,1着1号艇以外
2025-07-25,1,1,4-5-3,166.5,179.68016414190487,13.180164141904868,1着1号艇以外
2025-07-25,1,2,3-5-1,21.4,243.77178605135788,222.37178605135787,1着1号艇以外
2025-07-25,1,4,3-1-4,156.3,223.5775466811479,67.2775466811479,1着1号艇以外
2025-07-25,1,5,2-4-1,11.6,331.882345118951,320.28234511895096,1着1号艇以外
2025-07-25,1,6,2-4-5,37.1,149.0528990190905,111.9528990190905,1着1号艇以外
2025-07-25,1,8,2-1-3,8.9,228.54648041488997,219.64648041488996,1着1号艇以外
2025-07-26,2,3,2-5-1,381.4,203.08955493862058,-178.3104450613794,1着1号艇以外
2025-07-26,2,5,3-1-5,59.3,178.396868395125,119.09686839512501,1着1号艇以外
2025-07-26,2,8,3-1-4,41.1,276.3883721071593,235.2883721071593,1着1号艇以外
2025-07-26,2,10,3-1-4,27.6,221.60510294137242,194.00510294137243,1着1号艇以外
2025-07-27,3,1,4-6-2,117.1,224.41835351865552,107.31835351865553,1着1号艇以外
2025-07-27,3,2,2-3-1,34.4,135.45000369377323,101.05000369377322,1着1号艇以外
2025-07-27,3,3,3-2-4,15.8,219.09527508394342,203.2952750839434,1着1号艇以外
2025-07-27,3,4,2-6-5,198.8,480.21023279855945,281.41023279855943,1着1号艇以外
2025-07-27,3,5,2-3-5,52.6,186.8541384398549,134.2541384398549,1着1号艇以外
2025-07-27,3,6,4-2-5,127.6,211.45001849664334,83.85001849664334,1着1号艇以外
2025-07-28,4,2,3-2-5,71.7,207.38166082849276,135.68166082849274,1着1号艇以外
2025-07-28,4,3,4-6-1,58.9,292.57716854789356,233.67716854789356,1着1号艇以外
2025-07-28,4,5,3-1-5,28.1,231.46058378230344,203.36058378230345,1着1号艇以外
2025-07-28,4,11,3-1-4,130.5,257.43676115750276,126.93676115750276,1着1号艇以外
2025-07-29,5,2,3-4-5,31.8,228.22407856939498,196.42407856939496,1着1号艇以外
2025-07-29,5,4,6-2-4,313.4,342.3596115748911,28.95961157489114,1着1号艇以外
2025-07-29,5,6,6-1-5,35.6,672.5157111050739,636.9157111050739,1着1号艇以外
2025-07-29,5,12,2-3-5,166.3,288.30227851521073,122.00227851521072,1着1号艇以外
2025-07-30,6,1,3-2-5,199.9,277.6078970881059,77.70789708810591,1着1号艇以外
2025-07-30,6,2,4-2-6,298.3,313.4192638648104,15.119263864810364,1着1号艇以外
2025-07-30,6,5,3-1-6,72.2,336.6353917190889,264.4353917190889,1着1号艇以外
2025-07-30,6,7,2-1-6,10.2,157.63230929250795,147.43230929250797,1着1号艇以外
2025-07-30,6,8,2-1-4,15.5,150.29763756385518,134.79763756385518,1着1号艇以外
2025-08-04,1,1,5-2-1,109.4,426.4021266766059,317.00212667660594,1着1号艇以外
2025-08-04,1,2,3-5-6,137.3,276.72357641113734,139.42357641113733,1着1号艇以外
2025-08-04,1,3,3-1-6,34.8,192.83090185633046,158.03090185633044,1着1号艇以外
2025-08-04,1,4,2-1-3,25.5,166.9485952364546,141.4485952364546,1着1号艇以外
2025-08-04,1,5,3-5-4,46.7,351.029679327272,304.329679327272,1着1号艇以外
2025-08-04,1,6,2-3-6,305.6,294.9680936225551,-10.63190637744492,1着1号艇以外
2025-08-04,1,11,3-2-1,58.8,242.5861879531619,183.7861879531619,1着1号艇以外
2025-08-05,2,5,3-4-6,15.2,305.5742542026673,290.3742542026673,1着1号艇以外
2025-08-06,3,3,2-6-4,64.7,201.12303402927014,136.42303402927013,1着1号艇以外
2025-08-06,3,7,2-5-4,46.0,284.0281740161386,238.02817401613862,1着1号艇以外
2025-08-07,4,3,3-5-6,62.7,292.2009778854898,229.50097788548982,1着1号艇以外
2025-08-07,4,6,3-6-5,524.1,410.0812020307711,-114.0187979692289,1着1号艇以外
2025-08-08,5,9,2-5-1,287.3,252.1242718320254,-35.1757281679746,1着1号艇以外
2025-08-08,5,10,4-3-6,456.8,597.0418413450067,140.24184134500666,1着1号艇以外
2025-08-08,5,11,3-1-4,33.2,168.10055985979304,134.90055985979302,1着1号艇以外
2025-08-10,1,1,3-4-2,77.8,204.83884948991007,127.03884948991008,1着1号艇以外
2025-08-10,1,2,2-1-4,43.7,103.04592280080553,59.345922800805525,1着1号艇以外
2025-08-10,1,5,3-2-6,529.0,253.5537867845526,-275.4462132154474,1着1号艇以外
2025-08-11,2,1,2-1-3,21.9,88.93237421769047,67.03237421769046,1着1号艇以外
2025-08-11,2,2,2-6-5,104.5,254.86827716730173,150.36827716730173,1着1号艇以外
2025-08-11,2,3,4-2-3,56.2,192.28667085363028,136.08667085363027,1着1号艇以外
2025-08-11,2,4,5-4-2,100.1,554.6566060262983,454.55660602629825,1着1号艇以外
2025-08-11,2,5,4-5-6,13.1,155.80781777249194,142.70781777249195,1着1号艇以外
2025-08-11,2,6,5-1-2,31.4,621.4648681576906,590.0648681576906,1着1号艇以外
2025-08-11,2,7,5-1-2,58.7,292.76879772066957,234.06879772066958,1着1号艇以外
2025-08-12,3,1,2-6-1,780.3,178.36383524385457,-601.9361647561454,1着1号艇以外
2025-08-12,3,2,3-4-1,27.6,164.04865653176904,136.44865653176905,1着1号艇以外
2025-08-12,3,4,2-3-1,39.5,120.95047896596077,81.45047896596077,1着1号艇以外
2025-08-12,3,5,5-2-4,83.7,635.3291869865242,551.6291869865241,1着1号艇以外
2025-08-12,3,6,3-4-6,10.1,237.01102457038908,226.9110245703891,1着1号艇以外
2025-08-12,3,7,4-3-1,1308.6,470.8758094858046,-837.7241905141952,1着1号艇以外
2025-08-12,3,10,5-3-2,549.2,640.5867225513903,91.38672255139022,1着1号艇以外
2025-08-12,3,12,3-5-4,78.9,522.7005440189532,443.80054401895325,1着1号艇以外
2025-08-13,4,1,4-1-3,51.1,276.6676582174973,225.56765821749732,1着1号艇以外
2025-08-13,4,2,4-1-3,65.7,261.390316639771,195.69031663977103,1着1号艇以外
2025-08-13,4,7,3-1-5,25.1,253.37531978632867,228.27531978632868,1着1号艇以外
2025-08-13,4,9,3-6-1,16.1,246.71363770045514,230.61363770045514,1着1号艇以外
2025-08-17,1,4,3-1-5,166.8,246.94356346803127,80.14356346803126,1着1号艇以外
2025-08-17,1,9,2-1-6,98.8,293.7142770399049,194.9142770399049,1着1号艇以外
2025-08-18,2,3,3-2-6,215.4,192.0883128959889,-23.3116871040111,1着1号艇以外
2025-08-18,2,4,5-6-1,233.3,663.8197437691991,430.5197437691991,1着1号艇以外
2025-08-19,3,3,4-3-5,16.6,232.26190586395572,215.66190586395572,1着1号艇以外
2025-08-19,3,4,3-6-5,22.4,227.5052547462963,205.10525474629628,1着1号艇以外
2025-08-19,3,5,5-6-2,88.2,545.8458073638533,457.6458073638533,1着1号艇以外
2025-08-19,3,6,5-1-4,162.4,510.30925875529255,347.9092587552925,1着1号艇以外
2025-08-19,3,7,6-2-3,87.5,497.96067291288705,410.46067291288705,1着1号艇以外
2025-08-19,3,12,3-2-1,137.6,223.56321958193703,85.96321958193704,1着1号艇以外
2025-08-20,4,4,3-6-5,36.9,348.668717665125,311.768717665125,1着1号艇以外
2025-08-20,4,5,3-1-5,23.5,277.6975326100601,254.19753261006008,1着1号艇以外
2025-08-20,4,7,4-2-6,132.8,203.13333279690826,70.33333279690825,1着1号艇以外
2025-08-20,4,10,5-1-3,32.0,253.3983142534625,221.3983142534625,1着1号艇以外
2025-08-21,5,3,2-6-1,58.6,349.8855647981389,291.28556479813886,1着1号艇以外
2025-08-21,5,4,5-1-2,32.8,462.74418796870117,429.94418796870116,1着1号艇以外
2025-08-21,5,5,5-1-6,24.1,503.7044081107155,479.6044081107155,1着1号艇以外
2025-08-21,5,6,3-5-6,39.5,310.1976850506009,270.6976850506009,1着1号艇以外
2025-08-21,5,10,2-1-6,51.5,220.06456221504502,168.56456221504502,1着1号艇以外
2025-08-22,6,1,5-6-3,278.8,435.34530914582797,156.54530914582796,1着1号艇以外
2025-08-22,6,2,5-1-3,29.8,482.54506390065876,452.74506390065875,1着1号艇以外
2025-08-22,6,3,2-6-5,458.4,211.38180705023126,-247.01819294976872,1着1号艇以外
2025-08-22,6,10,5-4-3,694.4,910.2812938578754,215.88129385787545,1着1号艇以外
2025-09-03,1,1,2-4-1,32.7,151.38629979751886,118.68629979751886,1着1号艇以外
2025-09-03,1,2,5-1-2,63.9,249.5443190481648,185.6443190481648,1着1号艇以外
2025-09-03,1,3,2-1-6,57.6,228.85719561325857,171.25719561325857,1着1号艇以外
2025-09-03,1,4,4-3-5,36.2,162.56110234292026,126.36110234292026,1着1号艇以外
2025-09-03,1,5,5-6-2,893.3,718.4680227472514,-174.83197725274852,1着1号艇以外
2025-09-03,1,6,3-6-1,26.7,243.27576935086225,216.57576935086226,1着1号艇以外
2025-09-04,2,2,2-1-3,30.0,121.44221662120432,91.44221662120432,1着1号艇以外
2025-09-04,2,3,5-6-3,118.1,339.5715249425294,221.47152494252938,1着1号艇以外
2025-09-04,2,5,5-4-6,51.2,514.0021363832257,462.8021363832257,1着1号艇以外
2025-09-04,2,6,3-1-4,12.8,314.196430452386,301.39643045238597,1着1号艇以外
2025-09-05,3,2,5-2-6,360.1,583.7150133215106,223.61501332151056,1着1号艇以外
2025-09-05,3,4,2-3-1,42.1,108.16674292803481,66.06674292803481,1着1号艇以外
2025-09-05,3,10,3-1-6,31.9,189.4556833804583,157.5556833804583,1着1号艇以外
2025-09-06,4,2,3-1-6,33.3,197.2758353295415,163.9758353295415,1着1号艇以外
2025-09-06,4,5,6-2-4,104.7,603.4586426971653,498.75864269716527,1着1号艇以外
2025-09-06,4,8,2-1-4,65.3,177.8851095640629,112.5851095640629,1着1号艇以外
2025-09-06,4,10,4-1-2,65.0,188.94535163931977,123.94535163931977,1着1号艇以外
2025-09-06,4,11,5-1-6,430.0,386.4898757611621,-43.510124238837875,1着1号艇以外
2025-09-06,4,12,2-3-4,40.0,368.5670383926232,328.5670383926232,1着1号艇以外
2025-09-07,5,1,2-3-4,12.8,111.99896885132038,99.19896885132039,1着1号艇以外
2025-09-07,5,3,3-5-2,24.9,227.84515434993114,202.94515434993113,1着1号艇以外
2025-09-07,5,9,2-1-3,11.0,230.43856464130295,219.43856464130295,1着1号艇以外
2025-09-07,5,10,4-1-6,76.8,254.37642874943973,177.57642874943974,1着1号艇以外
2025-09-12,1,1,2-1-3,35.4,210.96556042597177,175.56556042597177,1着1号艇以外
2025-09-12,1,2,3-5-6,49.2,216.8223671900709,167.62236719007092,1着1号艇以外
2025-09-12,1,3,4-3-2,297.9,248.9864114251754,-48.91358857482459,1着1号艇以外
2025-09-12,1,4,5-6-2,46.8,704.0787185599877,657.2787185599877,1着1号艇以外
2025-09-12,1,5,3-5-1,43.2,127.317354488667,84.11735448866699,1着1号艇以外
2025-09-12,1,6,5-1-4,24.3,295.29892005524783,270.9989200552478,1着1号艇以外
2025-09-12,1,11,3-1-2,59.5,287.7927672884071,228.2927672884071,1着1号艇以外
2025-09-13,2,2,3-2-1,41.8,226.96016922908248,185.1601692290825,1着1号艇以外
2025-09-13,2,3,6-1-5,86.4,601.2578898244494,514.8578898244494,1着1号艇以外
2025-09-13,2,4,3-2-1,39.6,204.34605570546938,164.7460557054694,1着1号艇以外
2025-09-13,2,5,5-3-2,1453.7,836.1044182474783,-617.5955817525218,1着1号艇以外
2025-09-13,2,8,5-2-1,302.7,470.2248663473694,167.52486634736943,1着1号艇以外
2025-09-13,2,9,6-2-1,74.4,507.72957954626077,433.3295795462608,1着1号艇以外
2025-09-13,2,10,3-4-6,225.0,418.9813613566276,193.9813613566276,1着1号艇以外
2025-09-14,3,1,6-1-3,24.4,676.9097174571959,652.509717457196,1着1号艇以外
2025-09-14,3,2,4-3-6,142.2,308.12453187413524,165.92453187413525,1着1号艇以外
2025-09-14,3,3,5-6-1,482.7,558.1253576505538,75.42535765055385,1着1号艇以外
2025-09-14,3,5,4-5-3,13.0,180.48153671267406,167.48153671267406,1着1号艇以外
2025-09-14,3,10,4-1-3,87.0,344.1057453635193,257.1057453635193,1着1号艇以外
2025-09-15,4,2,3-2-5,34.3,263.28272567999323,228.98272567999322,1着1号艇以外
2025-09-15,4,8,4-1-3,75.2,266.6202258040508,191.4202258040508,1着1号艇以外
2025-09-15,4,10,5-6-2,2260.4,817.407214633945,-1442.9927853660552,1着1号艇以外
2025-09-15,4,11,3-6-1,198.5,441.8756571234931,243.3756571234931,1着1号艇以外
2025-09-15,4,12,5-1-3,189.9,637.1314589482424,447.23145894824245,1着1号艇以外
2025-09-16,5,3,3-1-4,53.4,229.18164535977598,175.78164535977598,1着1号艇以外
2025-09-16,5,5,4-6-1,128.8,443.6397273345901,314.83972733459007,1着1号艇以外
2025-09-16,5,6,4-6-5,35.4,175.76037800742202,140.360378007422,1着1号艇以外
2025-09-16,5,7,6-1-3,32.3,442.79289858633,410.49289858633,1着1号艇以外
2025-09-17,6,2,2-5-6,17.1,230.77144284013391,213.67144284013392,1着1号艇以外
2025-09-17,6,3,5-1-3,92.1,404.8886994250082,312.7886994250082,1着1号艇以外
2025-09-17,6,4,4-1-6,26.3,219.02434903127843,192.72434903127842,1着1号艇以外
2025-09-17,6,9,3-2-1,95.5,256.85824583856026,161.35824583856026,1着1号艇以外
2025-09-17,6,10,6-4-1,611.8,1013.145810204876,401.3458102048761,1着1号艇以外
2025-09-18,7,7,4-1-6,72.6,417.5166427281549,344.9166427281549,1着1号艇以外
2025-09-25,1,1,5-3-4,432.8,247.14321986713728,-185.65678013286274,1着1号艇以外
2025-09-25,1,2,4-3-1,35.6,160.47447509817437,124.87447509817437,1着1号艇以外
2025-09-25,1,4,4-6-1,30.8,273.99760324385346,243.19760324385345,1着1号艇以外
2025-09-25,1,5,6-2-1,96.9,1001.4431190259155,904.5431190259155,1着1号艇以外
2025-09-25,1,8,4-1-3,55.8,191.97256955026907,136.1725695502691,1着1号艇以外
2025-09-26,2,2,6-4-5,100.6,710.4562153107292,609.8562153107292,1着1号艇以外
2025-09-26,2,4,5-1-4,37.7,386.83671000540505,349.13671000540506,1着1号艇以外
2025-09-26,2,5,3-1-6,27.5,168.1782553002073,140.6782553002073,1着1号艇以外
2025-09-26,2,6,5-3-2,202.8,622.7439361154484,419.94393611544837,1着1号艇以外
2025-09-26,2,7,2-1-6,19.0,228.62850949754744,209.62850949754744,1着1号艇以外
2025-09-27,3,1,3-6-1,249.5,140.66509741477512,-108.83490258522488,1着1号艇以外
2025-09-27,3,2,2-1-5,19.6,161.53186077819623,141.93186077819624,1着1号艇以外
2025-09-27,3,3,2-1-5,84.6,119.54787700275153,34.94787700275154,1着1号艇以外
2025-09-27,3,4,2-5-3,71.8,206.35355252688356,134.55355252688355,1着1号艇以外
2025-09-27,3,5,2-4-1,85.6,285.9727493416541,200.3727493416541,1着1号艇以外
2025-09-27,3,7,2-3-5,8.8,123.71223152047482,114.91223152047482,1着1号艇以外
2025-09-27,3,9,2-3-6,50.6,271.90205775883106,221.30205775883107,1着1号艇以外
2025-09-27,3,11,3-1-5,61.3,269.12670590542336,207.82670590542335,1着1号艇以外
2025-09-28,4,3,3-6-2,230.1,405.57060383908305,175.47060383908305,1着1号艇以外
2025-09-28,4,4,3-2-5,17.9,238.72662889675985,220.82662889675984,1着1号艇以外
2025-09-28,4,5,2-1-3,13.7,124.80132964251497,111.10132964251497,1着1号艇以外
2025-09-28,4,9,4-5-6,105.4,539.3255584499354,433.92555844993547,1着1号艇以外
2025-09-28,4,12,2-1-6,131.9,267.9495187856397,136.04951878563972,1着1号艇以外
2025-09-29,5,1,3-1-4,79.0,123.86234340217123,44.862343402171234,1着1号艇以外
2025-09-29,5,2,2-3-5,19.8,125.691845462133,105.891845462133,1着1号艇以外
2025-09-29,5,6,5-1-3,22.6,479.1473580399333,456.5473580399333,1着1号艇以外
2025-09-29,5,7,6-5-1,318.6,648.0753262368125,329.4753262368125,1着1号艇以外
2025-09-30,6,1,3-2-1,62.0,240.80074644808204,178.80074644808204,1着1号艇以外
2025-09-30,6,4,6-3-1,166.3,602.8268713767928,436.5268713767928,1着1号艇以外
2025-10-11,1,2,6-2-3,147.1,550.9116795193979,403.8116795193979,1着1号艇以外
2025-10-11,1,3,2-1-5,231.0,113.09205460865381,-117.90794539134619,1着1号艇以外
2025-10-11,1,6,3-6-5,65.5,267.46436257523783,201.96436257523783,1着1号艇以外
2025-10-11,1,7,2-1-3,44.4,305.1702840111608,260.7702840111608,1着1号艇以外
2025-10-11,1,11,3-1-5,28.3,152.0225418303116,123.72254183031161,1着1号艇以外
2025-10-12,2,2,6-3-5,777.3,584.4108792939314,-192.88912070606852,1着1号艇以外
2025-10-12,2,3,3-5-1,99.0,240.9840257933204,141.9840257933204,1着1号艇以外
2025-10-12,2,4,3-2-4,17.5,342.8679833434214,325.3679833434214,1着1号艇以外
2025-10-12,2,5,6-2-1,4087.6,672.6931595442982,-3414.906840455702,1着1号艇以外
2025-10-12,2,11,2-1-5,132.3,237.32736659377022,105.02736659377021,1着1号艇以外
2025-10-12,2,12,5-2-1,180.9,369.9174612274022,189.0174612274022,1着1号艇以外
2025-10-13,3,3,3-2-4,181.2,323.1356635408163,141.93566354081634,1着1号艇以外
2025-10-13,3,4,4-6-5,178.5,484.85501723158757,306.35501723158757,1着1号艇以外
2025-10-13,3,7,3-1-5,21.9,331.6209238000213,309.7209238000213,1着1号艇以外
2025-10-13,3,9,2-6-4,738.8,467.6513741264961,-271.1486258735039,1着1号艇以外
2025-10-13,3,11,2-1-4,42.6,129.9841280794144,87.38412807941441,1着1号艇以外
2025-10-14,4,2,3-4-5,138.9,155.2285773553675,16.328577355367486,1着1号艇以外
2025-10-14,4,4,4-2-5,38.5,154.38561899597002,115.88561899597002,1着1号艇以外
2025-10-14,4,5,3-6-1,80.5,309.8050765358787,229.3050765358787,1着1号艇以外
2025-10-14,4,6,5-4-1,215.7,305.8513570878423,90.15135708784231,1着1号艇以外
2025-10-14,4,10,3-6-4,223.9,467.43368476542497,243.53368476542497,1着1号艇以外
2025-10-14,4,11,2-3-5,62.2,285.17822913115515,222.97822913115516,1着1号艇以外
2025-10-15,5,3,3-2-1,38.8,187.5112474478808,148.7112474478808,1着1号艇以外
2025-10-16,6,1,2-5-3,64.3,171.80257454972426,107.50257454972426,1着1号艇以外
2025-10-16,6,5,4-2-3,390.3,408.10013694482444,17.80013694482443,1着1号艇以外
2025-10-16,6,6,4-6-5,244.2,183.36072896490322,-60.83927103509677,1着1号艇以外
2025-10-16,6,7,2-1-3,12.6,174.93320320717427,162.33320320717428,1着1号艇以外
2025-10-16,6,12,4-3-1,194.1,140.53217851411304,-53.56782148588695,1着1号艇以外
2025-10-19,1,2,3-6-2,81.1,313.35330973943013,232.25330973943014,1着1号艇以外
2025-10-20,2,1,5-2-4,42.8,210.4081720176406,167.60817201764058,1着1号艇以外
2025-10-20,2,2,4-6-2,38.6,383.4275172601869,344.8275172601869,1着1号艇以外
2025-10-20,2,5,3-1-5,9.7,210.57079034024505,200.87079034024507,1着1号艇以外
2025-10-20,2,6,2-1-3,18.4,261.7994819838044,243.3994819838044,1着1号艇以外
2025-10-20,2,9,2-3-6,32.1,196.84314235927863,164.74314235927864,1着1号艇以外
2025-10-20,2,10,4-1-3,24.0,133.90467316547856,109.90467316547856,1着1号艇以外
2025-10-21,3,1,2-5-1,31.1,106.29899650653142,75.19899650653142,1着1号艇以外
2025-10-21,3,2,3-5-2,106.6,178.5317389519351,71.9317389519351,1着1号艇以外
2025-10-21,3,4,2-1-5,14.1,182.4606658161654,168.3606658161654,1着1号艇以外
2025-10-21,3,5,5-1-3,61.6,598.7658317263747,537.1658317263747,1着1号艇以外
2025-10-21,3,6,2-4-1,207.5,152.12460384572844,-55.375396154271556,1着1号艇以外
2025-10-21,3,7,4-3-1,69.8,98.92798341147413,29.127983411474133,1着1号艇以外
2025-10-22,4,1,4-5-1,21.0,123.71318296436937,102.71318296436937,1着1号艇以外
2025-10-22,4,2,4-3-5,85.1,236.05786037394103,150.95786037394103,1着1号艇以外
2025-10-22,4,3,4-1-2,87.5,202.71918997790408,115.21918997790408,1着1号艇以外
2025-10-22,4,4,4-3-1,22.5,207.27817703087538,184.77817703087538,1着1号艇以外
2025-10-22,4,5,2-1-4,18.7,119.02703556249925,100.32703556249925,1着1号艇以外
2025-10-22,4,6,2-3-1,20.5,116.89694630573769,96.39694630573769,1着1号艇以外
2025-10-22,4,12,3-4-1,27.8,279.31073396760564,251.51073396760563,1着1号艇以外
2025-10-23,5,1,3-4-1,30.6,159.16683754378897,128.56683754378898,1着1号艇以外
2025-10-23,5,2,3-2-1,45.4,201.45401350000026,156.05401350000025,1着1号艇以外
2025-10-23,5,3,4-1-3,39.2,286.8812437699481,247.68124376994814,1着1号艇以外
2025-10-23,5,4,3-5-1,15.2,313.14932396263663,297.94932396263664,1着1号艇以外
2025-10-23,5,5,2-3-4,547.9,182.66831593568358,-365.23168406431637,1着1号艇以外
2025-10-23,5,6,2-3-5,179.3,172.94439842091342,-6.355601579086596,1着1号艇以外
2025-10-23,5,8,2-5-3,357.2,444.7395597172595,87.53955971725952,1着1号艇以外
2025-10-24,6,2,3-1-4,15.5,174.685913253353,159.185913253353,1着1号艇以外
2025-10-24,6,3,5-2-1,60.6,249.41938182756036,188.81938182756036,1着1号艇以外
2025-10-24,6,6,2-3-4,46.2,133.21566995700684,87.01566995700684,1着1号艇以外
2025-10-24,6,11,3-1-6,101.8,157.3676739223197,55.56767392231971,1着1号艇以外
2025-10-25,7,1,4-3-1,150.4,101.42556232391122,-48.97443767608878,1着1号艇以外
2025-10-25,7,3,5-3-1,542.9,254.3835212500758,-288.5164787499242,1着1号艇以外
2025-10-25,7,4,3-1-2,101.7,347.0895342004401,245.3895342004401,1着1号艇以外
2025-10-25,7,6,2-1-3,23.8,184.73951050249147,160.93951050249146,1着1号艇以外
2025-10-25,7,7,2-1-6,18.9,210.7430103991587,191.8430103991587,1着1号艇以外
2025-10-25,7,9,3-5-2,178.5,223.20866513685556,44.70866513685556,1着1号艇以外
2025-10-30,1,2,5-2-3,103.7,361.38672273857213,257.68672273857214,1着1号艇以外
2025-10-30,1,3,6-2-3,12.6,588.6695406246893,576.0695406246892,1着1号艇以外
2025-10-30,1,4,3-4-6,31.6,157.8998477910403,126.29984779104029,1着1号艇以外
2025-10-30,1,6,6-2-1,30.1,532.5775160278253,502.47751602782523,1着1号艇以外
2025-10-30,1,7,5-6-1,202.6,746.3663198877505,543.7663198877505,1着1号艇以外
2025-10-30,1,11,6-1-4,907.9,973.8141273376085,65.91412733760853,1着1号艇以外
2025-10-30,1,12,5-4-6,140.4,794.1829582403252,653.7829582403252,1着1号艇以外
2025-10-31,2,1,4-3-5,259.1,136.11893658453732,-122.9810634154627,1着1号艇以外
2025-10-31,2,3,2-5-6,21.7,203.66138127758657,181.96138127758658,1着1号艇以外
2025-10-31,2,6,3-1-4,9.6,193.08507312209557,183.48507312209557,1着1号艇以外
2025-10-31,2,11,2-4-5,48.2,153.95334356926463,105.75334356926463,1着1号艇以外
2025-10-31,2,12,2-1-3,19.1,236.12032931858107,217.02032931858108,1着1号艇以外
2025-11-01,3,3,2-6-4,98.1,256.601664033432,158.50166403343198,1着1号艇以外
2025-11-01,3,10,5-4-2,181.3,531.932018719185,350.63201871918494,1着1号艇以外
2025-11-01,3,11,5-2-3,203.6,863.8115035358112,660.2115035358112,1着1号艇以外
2025-11-01,3,12,3-5-2,112.4,313.8681294812485,201.4681294812485,1着1号艇以外
2025-11-02,4,3,3-5-2,28.1,213.4476608952687,185.34766089526872,1着1号艇以外
2025-11-02,4,4,2-1-3,52.2,271.67911007907855,219.47911007907857,1着1号艇以外
2025-11-02,4,5,3-1-4,10.1,223.4842511882638,213.38425118826382,1着1号艇以外
2025-11-02,4,8,4-1-3,92.6,115.65638876725738,23.05638876725739,1着1号艇以外
2025-11-02,4,9,2-1-5,40.8,199.99291219321876,159.19291219321877,1着1号艇以外
2025-11-02,4,10,5-3-6,177.0,1016.4998005744345,839.4998005744345,1着1号艇以外
2025-11-07,1,7,4-1-3,171.2,275.033495884331,103.833495884331,1着1号艇以外
2025-11-07,1,9,3-1-6,101.7,156.58434885248082,54.88434885248081,1着1号艇以外
2025-11-07,1,10,2-3-1,119.4,186.08289845456082,66.68289845456081,1着1号艇以外
2025-11-08,2,1,5-6-2,705.9,429.2377861169913,-276.6622138830087,1着1号艇以外
2025-11-08,2,4,4-2-6,145.0,258.83511152952116,113.83511152952116,1着1号艇以外
2025-11-08,2,5,2-6-1,107.4,272.31623383610616,164.91623383610616,1着1号艇以外
2025-11-08,2,7,5-1-2,267.0,395.1968415169023,128.19684151690228,1着1号艇以外
2025-11-08,2,10,3-2-5,61.3,306.5890224450098,245.28902244500978,1着1号艇以外
2025-11-09,3,6,3-1-5,39.8,174.33182997496468,134.5318299749647,1着1号艇以外
2025-11-09,3,7,3-6-1,135.4,178.49145680703393,43.09145680703392,1着1号艇以外
2025-11-09,3,8,5-1-2,74.6,203.9826119047955,129.3826119047955,1着1号艇以外
2025-11-09,3,9,3-2-4,109.3,420.22923511649594,310.92923511649593,1着1号艇以外
2025-11-10,4,3,3-5-2,340.4,229.09840082801833,-111.30159917198165,1着1号艇以外
2025-11-10,4,4,4-5-2,269.4,321.7486977318934,52.348697731893424,1着1号艇以外
2025-11-10,4,5,2-1-3,22.9,186.90867523759695,164.00867523759695,1着1号艇以外
2025-11-10,4,6,4-2-1,116.5,275.02113398524017,158.52113398524017,1着1号艇以外
2025-11-10,4,12,4-2-5,208.8,316.5075406592632,107.7075406592632,1着1号艇以外
2025-11-11,5,3,4-1-6,95.4,196.02359108086836,100.62359108086835,1着1号艇以外
2025-11-11,5,6,3-1-4,51.8,152.11298662393287,100.31298662393287,1着1号艇以外
2025-11-12,6,1,5-1-2,189.1,352.5957988222473,163.49579882224728,1着1号艇以外
2025-11-12,6,2,3-4-2,186.5,188.0502183966456,1.5502183966455902,1着1号艇以外
2025-11-12,6,7,5-4-3,900.9,666.6956919537998,-234.20430804620014,1着1号艇以外
2025-11-12,6,11,4-1-2,162.4,234.22189955943463,71.82189955943463,1着1号艇以外
2025-11-16,1,1,4-2-5,212.0,211.38754009695725,-0.6124599030427476,1着1号艇以外
2025-11-16,1,2,2-1-5,106.3,133.83635710537504,27.536357105375046,1着1号艇以外
2025-11-16,1,3,5-1-6,113.1,506.606129165029,393.50612916502905,1着1号艇以外
2025-11-16,1,4,3-2-1,31.9,137.11804433080644,105.21804433080644,1着1号艇以外
2025-11-16,1,5,4-3-6,163.2,375.8959133342943,212.6959133342943,1着1号艇以外
2025-11-16,1,7,2-1-4,7.2,142.17114932483096,134.97114932483098,1着1号艇以外
2025-11-16,1,11,3-1-4,79.3,236.95828861018737,157.65828861018736,1着1号艇以外
2025-11-17,2,1,3-4-5,28.3,169.3584752397834,141.05847523978338,1着1号艇以外
2025-11-17,2,2,2-1-3,21.8,141.12190555660203,119.32190555660203,1着1号艇以外
2025-11-17,2,3,3-1-4,24.5,104.94518146660651,80.44518146660651,1着1号艇以外
2025-11-17,2,4,2-3-5,41.8,192.92638816384448,151.12638816384447,1着1号艇以外
2025-11-17,2,6,4-1-5,135.4,232.3591312479061,96.9591312479061,1着1号艇以外
2025-11-17,2,10,4-2-3,75.1,315.8124486373163,240.71244863731633,1着1号艇以外
2025-11-17,2,11,2-1-4,26.7,165.29221280880162,138.59221280880163,1着1号艇以外
2025-11-18,3,1,4-5-1,28.1,235.15520504191096,207.05520504191097,1着1号艇以外
2025-11-18,3,2,6-2-5,173.7,577.94546312461,404.24546312461,1着1号艇以外
2025-11-18,3,4,3-2-5,49.3,216.57441959538474,167.27441959538476,1着1号艇以外
2025-11-18,3,5,3-1-4,93.4,279.75902129864284,186.35902129864283,1着1号艇以外
2025-11-18,3,7,4-5-6,29.1,356.14981651245125,327.04981651245123,1着1号艇以外
2025-11-19,4,7,2-6-3,99.7,448.0160374009506,348.3160374009506,1着1号艇以外
2025-11-19,4,8,3-4-2,344.1,356.62214646623625,12.522146466236222,1着1号艇以外
2025-11-19,4,9,4-2-1,166.1,248.91403991522122,82.81403991522123,1着1号艇以外
2025-11-20,5,1,2-1-5,28.7,80.58848727290629,51.88848727290629,1着1号艇以外
2025-11-20,5,2,2-6-1,121.6,163.58673043425432,41.986730434254326,1着1号艇以外
2025-11-20,5,6,6-1-5,23.2,482.4225355671924,459.22253556719244,1着1号艇以外
2025-11-20,5,9,3-1-4,19.6,186.50110465235815,166.90110465235816,1着1号艇以外
2025-11-25,1,5,2-1-5,7.8,106.95651101222792,99.15651101222792,1着1号艇以外
2025-11-25,1,6,6-3-1,44.9,1029.768649443154,984.8686494431539,1着1号艇以外
2025-11-25,1,7,2-3-5,89.5,153.13302897084813,63.63302897084813,1着1号艇以外
2025-11-25,1,11,2-3-4,38.5,249.91750334361708,211.41750334361708,1着1号艇以外
2025-11-25,1,12,4-1-2,65.6,128.3044426291246,62.7044426291246,1着1号艇以外
2025-11-26,2,3,3-4-2,191.4,157.81688934349805,-33.58311065650196,1着1号艇以外
2025-11-26,2,5,4-1-3,30.1,379.9857469309285,349.88574693092846,1着1号艇以外
2025-11-26,2,6,3-1-5,13.0,161.64411146431252,148.64411146431252,1着1号艇以外
2025-11-26,2,7,3-1-6,6.9,137.4839199196882,130.58391991968819,1着1号艇以外
2025-11-26,2,9,6-1-2,40.1,547.2502520766608,507.15025207666076,1着1号艇以外
2025-11-27,3,1,2-1-5,11.3,90.51471501731064,79.21471501731064,1着1号艇以外
2025-11-27,3,3,3-4-5,14.7,182.37201558613492,167.67201558613493,1着1号艇以外
2025-11-27,3,5,2-5-6,57.6,315.8981802779839,258.2981802779839,1着1号艇以外
2025-11-27,3,6,5-3-4,47.9,275.3016253778032,227.40162537780319,1着1号艇以外
2025-11-27,3,7,2-3-6,17.9,174.22322007246774,156.32322007246773,1着1号艇以外
2025-11-27,3,10,4-3-6,18.7,184.67741893902863,165.97741893902864,1着1号艇以外
2025-11-28,4,2,2-4-3,104.9,236.15002240166024,131.25002240166023,1着1号艇以外
2025-11-28,4,3,3-2-1,16.8,198.51639039167947,181.71639039167945,1着1号艇以外
2025-11-28,4,4,2-4-1,14.5,244.37236424467685,229.87236424467685,1着1号艇以外
2025-11-28,4,5,4-2-3,16.0,137.5092100505199,121.5092100505199,1着1号艇以外
2025-11-28,4,6,5-1-4,51.2,343.6861078426929,292.4861078426929,1着1号艇以外
2025-11-28,4,7,2-1-5,5.9,221.28921205758306,215.38921205758305,1着1号艇以外
2025-11-28,4,8,3-4-2,364.6,400.9024134517079,36.30241345170788,1着1号艇以外
2025-11-28,4,10,3-4-1,10.3,109.2800019234627,98.98000192346271,1着1号艇以外
2025-11-29,5,1,2-5-1,43.8,199.58034752803985,155.78034752803984,1着1号艇以外
2025-11-29,5,4,4-5-1,18.9,300.824118088043,281.92411808804303,1着1号艇以外
2025-11-29,5,5,3-1-4,42.0,218.74344071306353,176.74344071306353,1着1号艇以外
2025-11-30,6,1,2-1-3,20.6,183.94741513180392,163.34741513180393,1着1号艇以外
2025-11-30,6,2,4-3-6,54.9,144.98023820069034,90.08023820069033,1着1号艇以外
2025-11-30,6,3,3-5-4,45.8,307.09567686043073,261.2956768604307,1着1号艇以外
2025-11-30,6,4,4-6-2,17.4,151.6667293461735,134.2667293461735,1着1号艇以外
2025-11-30,6,5,5-2-1,14.9,405.29335615177143,390.39335615177146,1着1号艇以外
2025-11-30,6,6,5-1-6,13.1,368.72393588145565,355.6239358814556,1着1号艇以外
2025-12-01,7,1,5-2-6,1192.1,515.2634818324642,-676.8365181675357,1着1号艇以外
2025-12-01,7,2,2-6-1,48.6,263.1098618355257,214.5098618355257,1着1号艇以外
2025-12-01,7,3,4-5-2,25.2,160.3735645799874,135.1735645799874,1着1号艇以外
2025-12-01,7,4,3-2-5,51.3,180.55135499049902,129.251354990499,1着1号艇以外
2025-12-01,7,6,4-1-6,425.5,406.9864800106707,-18.513519989329325,1着1号艇以外
2025-12-01,7,9,3-1-5,14.1,199.4381582037832,185.3381582037832,1着1号艇以外
2025-12-01,7,10,2-1-3,16.1,101.71702747029634,85.61702747029634,1着1号艇以外
2025-12-04,1,1,4-3-6,97.1,263.9177265558893,166.81772655588932,1着1号艇以外
2025-12-04,1,2,3-1-2,50.7,211.30949798154046,160.60949798154047,1着1号艇以外
2025-12-04,1,3,5-4-6,30.5,471.8058857275114,441.3058857275114,1着1号艇以外
2025-12-04,1,6,5-1-2,48.1,325.95762930217825,277.8576293021782,1着1号艇以外
2025-12-04,1,7,3-1-4,11.8,242.30649098783513,230.50649098783512,1着1号艇以外
2025-12-04,1,10,2-1-3,32.7,160.40638939249195,127.70638939249194,1着1号艇以外
2025-12-04,1,12,3-6-2,209.5,497.59757341657746,288.09757341657746,1着1号艇以外
2025-12-05,2,2,2-1-4,26.8,161.82304027494396,135.02304027494395,1着1号艇以外
2025-12-05,2,3,3-1-6,60.7,172.52127064211513,111.82127064211512,1着1号艇以外
2025-12-05,2,4,4-3-5,33.7,379.59437377083106,345.89437377083107,1着1号艇以外
2025-12-05,2,5,4-5-6,11.9,463.73812284597204,451.83812284597207,1着1号艇以外
2025-12-05,2,6,2-1-3,10.5,240.85275378325983,230.35275378325983,1着1号艇以外
2025-12-05,2,9,5-2-6,179.7,980.736417042869,801.0364170428691,1着1号艇以外
2025-12-05,2,10,3-5-1,92.5,260.6698144163848,168.16981441638478,1着1号艇以外
2025-12-06,3,6,6-5-1,38.1,873.5949348135169,835.4949348135169,1着1号艇以外
2025-12-06,3,12,5-6-4,280.5,774.223051527842,493.723051527842,1着1号艇以外
2025-12-07,4,4,3-1-5,21.3,260.93587217924903,239.63587217924902,1着1号艇以外
2025-12-07,4,5,3-1-6,20.6,212.92050371684067,192.32050371684068,1着1号艇以外
2025-12-07,4,6,6-2-3,49.3,816.493759913265,767.193759913265,1着1号艇以外
2025-12-07,4,12,2-1-3,45.7,235.83416592862062,190.13416592862063,1着1号艇以外
2025-12-08,5,1,3-2-5,15.5,204.38568477749607,188.88568477749607,1着1号艇以外
2025-12-08,5,2,3-5-2,31.1,225.56397773472,194.46397773472,1着1号艇以外
2025-12-08,5,5,4-2-1,35.9,176.32480612456527,140.42480612456527,1着1号艇以外
2025-12-08,5,6,5-3-1,75.1,608.2639469998281,533.1639469998281,1着1号艇以外
2025-12-11,1,1,4-2-6,27.2,167.69268632878052,140.49268632878054,1着1号艇以外
2025-12-11,1,4,3-4-5,66.3,231.43154119077948,165.1315411907795,1着1号艇以外
2025-12-11,1,6,3-1-5,9.9,226.39836682442163,216.49836682442162,1着1号艇以外
2025-12-11,1,7,3-2-6,95.6,312.12500633958865,216.52500633958866,1着1号艇以外
2025-12-11,1,8,4-6-2,395.2,228.92682596811056,-166.27317403188943,1着1号艇以外
2025-12-11,1,9,3-1-5,37.6,142.16518713697099,104.56518713697099,1着1号艇以外
2025-12-12,2,2,3-1-5,58.8,159.62953636287318,100.82953636287318,1着1号艇以外
2025-12-12,2,4,4-5-6,69.5,326.6505365149863,257.1505365149863,1着1号艇以外
2025-12-13,3,2,2-1-4,20.3,108.67107881456369,88.37107881456369,1着1号艇以外
2025-12-13,3,3,4-3-1,28.5,126.9026232065728,98.4026232065728,1着1号艇以外
2025-12-13,3,4,4-6-2,68.0,274.22164093246863,206.22164093246863,1着1号艇以外
2025-12-13,3,9,5-2-1,199.9,207.7863281911609,7.886328191160885,1着1号艇以外
2025-12-13,3,11,3-1-4,148.5,131.87762467756124,-16.622375322438756,1着1号艇以外
2025-12-14,4,2,3-1-2,67.8,109.7660385581308,41.966038558130805,1着1号艇以外
2025-12-14,4,6,3-5-1,58.1,156.23472273353684,98.13472273353685,1着1号艇以外
2025-12-14,4,9,2-1-3,19.3,229.15773817578665,209.85773817578664,1着1号艇以外
2025-12-14,4,11,4-1-3,63.9,126.29061873267862,62.390618732678625,1着1号艇以外
2025-12-14,4,12,4-3-6,112.0,340.1088146578265,228.10881465782649,1着1号艇以外
2025-12-15,5,1,4-5-2,100.7,277.6028357256175,176.90283572561754,1着1号艇以外
2025-12-15,5,3,4-5-1,85.6,219.90479684362901,134.30479684362902,1着1号艇以外
2025-12-15,5,8,4-5-1,74.6,191.0861785172545,116.4861785172545,1着1号艇以外
2025-12-15,5,10,6-5-4,1097.7,1686.9757808564818,589.2757808564818,1着1号艇以外
2025-12-15,5,12,3-1-4,38.4,150.66632579109148,112.26632579109148,1着1号艇以外
2025-12-22,1,2,4-1-5,47.6,102.96604398874328,55.36604398874328,1着1号艇以外
2025-12-22,1,3,4-5-3,220.7,289.6602729650616,68.96027296506162,1着1号艇以外
2025-12-22,1,4,5-2-1,43.7,307.0700116910015,263.37001169100154,1着1号艇以外
2025-12-22,1,5,5-6-4,312.4,324.0457392790241,11.645739279024099,1着1号艇以外
2025-12-22,1,6,4-1-6,226.3,296.6973344914324,70.39733449143239,1着1号艇以外
2025-12-22,1,8,2-1-4,14.2,223.61436503592714,209.41436503592715,1着1号艇以外
2025-12-22,1,10,4-2-6,1077.0,529.4825192091338,-547.5174807908662,1着1号艇以外
2025-12-22,1,11,2-1-5,106.8,187.04767816623783,80.24767816623783,1着1号艇以外
2025-12-23,2,4,2-6-1,51.7,230.72533068824492,179.02533068824494,1着1号艇以外
2025-12-23,2,5,5-1-6,36.1,681.8918261254545,645.7918261254545,1着1号艇以外
2025-12-23,2,7,6-2-5,690.7,1366.1651032176003,675.4651032176002,1着1号艇以外
2025-12-23,2,9,6-4-3,223.4,684.9327028441807,461.5327028441807,1着1号艇以外
2025-12-23,2,10,2-3-1,20.4,217.1434679584853,196.7434679584853,1着1号艇以外
2025-12-24,3,2,3-2-4,140.5,147.7261493670822,7.226149367082201,1着1号艇以外
2025-12-24,3,4,4-1-6,16.5,167.98288968447937,151.48288968447937,1着1号艇以外
2025-12-24,3,5,4-5-3,37.7,415.23276804513984,377.53276804513985,1着1号艇以外
2025-12-24,3,7,4-3-5,47.1,331.05036770812256,283.95036770812254,1着1号艇以外
2025-12-24,3,8,6-4-1,388.5,577.3302014636835,188.83020146368347,1着1号艇以外
2025-12-25,4,4,3-5-1,21.1,221.39489708827188,200.29489708827188,1着1号艇以外
2025-12-25,4,5,3-4-2,23.5,263.17132514064383,239.67132514064383,1着1号艇以外
2025-12-25,4,7,4-1-5,36.6,112.36684297805574,75.76684297805573,1着1号艇以外
2025-12-27,6,2,3-1-4,29.5,132.6717025513072,103.17170255130719,1着1号艇以外
2025-12-27,6,5,4-2-1,59.1,152.8969272622528,93.79692726225281,1着1号艇以外
2025-12-27,6,6,5-1-4,37.7,380.7775787340615,343.0775787340615,1着1号艇以外
2025-12-27,6,7,3-4-6,20.9,270.3610000974851,249.46100009748508,1着1号艇以外
2025-12-27,6,11,2-1-5,28.6,162.94084898480216,134.34084898480216,1着1号艇以外
2025-12-31,1,1,3-1-4,12.5,132.1181801116718,119.61818011167179,1着1号艇以外
2025-12-31,1,2,2-5-1,578.6,174.5525096124384,-404.04749038756165,1着1号艇以外
2025-12-31,1,3,3-1-6,415.5,213.4324240881354,-202.0675759118646,1着1号艇以外
2025-12-31,1,4,4-3-1,856.9,219.29748537121688,-637.6025146287831,1着1号艇以外
2025-12-31,1,6,3-6-4,148.3,459.9024785405617,311.60247854056166,1着1号艇以外
2025-12-31,1,8,2-1-4,36.8,146.83984497645915,110.03984497645915,1着1号艇以外
2025-12-31,1,10,4-5-6,436.9,221.99915940710022,-214.90084059289975,1着1号艇以外
2025-12-31,1,12,2-3-5,225.3,189.63578378843715,-35.66421621156286,1着1号艇以外
